participant_id,draw,source_membership,pooled_membership,single_0_membership,single_1_membership,single_2_membership,single_0_donor,single_1_donor,single_2_donor,eligible_donors,tuning_id,selected_C,history_rule_id,evaluation_rule_id
1,0,701bd23eb92bf38d3ff6b304a43eba02fc5522be7f060484307a0a12c12ca737,8357769c5f50b7379673475f85c41ab0d576243639e7060917748a143657e60d,f813d151ccaa16890311cb9c2745935af9fff2f2c1ebbfc2c827459828a71bd2,c27c4523dcc13374b1cc4306226a21968522d1541afce16343865c7252eb67d8,64c29a37d5617d82550189eb30bc2bc9cede7b619fcfb34e7ac7747aec886a14,12,32,47,"[5, 6, 10, 12, 14, 18, 20, 21, 25, 26, 29, 31, 32, 36, 39, 42, 47, 52]",7606b654fe6cff4503f0c981f1f55f521df04ae55406ddc9687a6fe4c704f769,0.1,315dbdd87ce4799e24e2491455488036877adc3cfd97fd7c550a270c21c3aea0,11f4d0f4f43c4cf36ccf4a0edf8c7ea51f1840fff291c100fa5b30264eb4fb53
4,0,701bd23eb92bf38d3ff6b304a43eba02fc5522be7f060484307a0a12c12ca737,61f4b65f6cb4356c39accfb0a6b50aa0ec13e9c8170f8255f6eb4262cdbbac17,4bc9c33043eadd61ac64d3d018afdf8d0ffbcbb2f11a37d9886f6dbbe98104f8,3cdf2c70b143d11286b1dd6805c8459cedf9e63f3adac3950756f24bc33c472a,6b1d4dd03c86e6d0ea14812463cf347d68c6e94250aae4dc9a34dd8cc265ec56,26,31,42,"[5, 6, 10, 12, 14, 18, 20, 21, 25, 26, 29, 31, 32, 36, 39, 42, 47, 52]",7606b654fe6cff4503f0c981f1f55f521df04ae55406ddc9687a6fe4c704f769,0.1,315dbdd87ce4799e24e2491455488036877adc3cfd97fd7c550a270c21c3aea0,11f4d0f4f43c4cf36ccf4a0edf8c7ea51f1840fff291c100fa5b30264eb4fb53
7,0,701bd23eb92bf38d3ff6b304a43eba02fc5522be7f060484307a0a12c12ca737,6d125e5c6c58c210f5bc24bc5c0cf263016ddff20cec41459b238fd876848ca2,7ec1e516518fe6a364443d0c9341896e055fc1164d00ea94a2ff4b2ba33c498a,8a4e034d467b31a42ff939c44e77636d32776e6adc0184ca7db1e7cd8afbd7bb,dd7fbc53428a2a91438354421432911db24a0ae5cde15d6fb5375ad82954784e,18,36,47,"[5, 6, 10, 12, 14, 18, 20, 21, 25, 26, 29, 31, 32, 36, 39, 42, 47, 52]",7606b654fe6cff4503f0c981f1f55f521df04ae55406ddc9687a6fe4c704f769,0.1,315dbdd87ce4799e24e2491455488036877adc3cfd97fd7c550a270c21c3aea0,11f4d0f4f43c4cf36ccf4a0edf8c7ea51f1840fff291c100fa5b30264eb4fb53
11,0,701bd23eb92bf38d3ff6b304a43eba02fc5522be7f060484307a0a12c12ca737,30edfda1f0a1e23d02d6729367b659a46e2126387b5df4d862534b0ecfebf4c0,453ea2ff73e84eb65cdc7b59c1da08275ad9ffa24541223268648184ecc5787b,3e1438b0e4d7224384f1167749e6b818dfb8b4e4c72c405ed470f5a5fba61254,5164d8ce5583919284cb2ce421897fa24f63f48a60452a6eb7a60e72e74e31b8,10,32,52,"[5, 6, 10, 12, 14, 18, 20, 21, 25, 26, 29, 31, 32, 36, 39, 42, 47, 52]",7606b654fe6cff4503f0c981f1f55f521df04ae55406ddc9687a6fe4c704f769,0.1,315dbdd87ce4799e24e2491455488036877adc3cfd97fd7c550a270c21c3aea0,11f4d0f4f43c4cf36ccf4a0edf8c7ea51f1840fff291c100fa5b30264eb4fb53
13,0,701bd23eb92bf38d3ff6b304a43eba02fc5522be7f060484307a0a12c12ca737,93f3f1d532183f7e16548402a5aa792c40d1ca4b093ed31df0b139246206bcaf,7215390ee671b7def323e063b01a56c539d970f927ebdf15dafc21c23098ae2a,a458d35ce41e5f1a9b522d2d0d84e5e83321abbfd59059ee3406aed5a9bd362f,1fa8043ae8a2dceeacc628c8ad5386f58714e34deaeb2da0f0f586a70a7196b1,21,26,29,"[5, 6, 10, 12, 14, 18, 20, 21, 25, 26, 29, 31, 32, 36, 39, 42, 47, 52]",7606b654fe6cff4503f0c981f1f55f521df04ae55406ddc9687a6fe4c704f769,0.1,315dbdd87ce4799e24e2491455488036877adc3cfd97fd7c550a270c21c3aea0,11f4d0f4f43c4cf36ccf4a0edf8c7ea51f1840fff291c100fa5b30264eb4fb53
15,0,701bd23eb92bf38d3ff6b304a43eba02fc5522be7f060484307a0a12c12ca737,820c250fafad931c02148810ef519c9572eda3063f434e9a0171ecfbd79fef6f,08caf5c38a77dc33ad0817557897a175fdcf61a0e62ad9d6483ab968a4919ec4,298164e3d8abdfce2cec0b4a161f1082b8aecd02456f5920086706ca0f0e3988,9c220ee1ac5607bd6102a0a2be8dd054bc69cd71f3a147e8c00f9590005813bc,18,25,42,"[5, 6, 10, 12, 14, 18, 20, 21, 25, 26, 29, 31, 32, 36, 39, 42, 47, 52]",7606b654fe6cff4503f0c981f1f55f521df04ae55406ddc9687a6fe4c704f769,0.1,315dbdd87ce4799e24e2491455488036877adc3cfd97fd7c550a270c21c3aea0,11f4d0f4f43c4cf36ccf4a0edf8c7ea51f1840fff291c100fa5b30264eb4fb53
19,0,701bd23eb92bf38d3ff6b304a43eba02fc5522be7f060484307a0a12c12ca737,e865e08a30e0e1a00eda713d40a9bb0e5ce8003d9b91ba3fa5f0256e5fc5eb62,ab000e120aedc6f9367611762815d243b8396659bb253802584f77a06a1b5911,0a226085d70688eb0d9b5ba2e5cdf3295d7710a5b32ab9d6ece0b31006e1a0cb,f3983405be6e8b8557d0e8ff3003f28379809143d5c1fc9cb7ff95c58a8d6c98,10,42,52,"[5, 6, 10, 12, 14, 18, 20, 21, 25, 26, 29, 31, 32, 36, 39, 42, 47, 52]",7606b654fe6cff4503f0c981f1f55f521df04ae55406ddc9687a6fe4c704f769,0.1,315dbdd87ce4799e24e2491455488036877adc3cfd97fd7c550a270c21c3aea0,11f4d0f4f43c4cf36ccf4a0edf8c7ea51f1840fff291c100fa5b30264eb4fb53
22,0,701bd23eb92bf38d3ff6b304a43eba02fc5522be7f060484307a0a12c12ca737,e74b9be19dc1d3bf51303f489ba313eb10805e817b24e7bcd41f60bb5046bf88,6ed718ed005fabf9a3c3bd30fb490f97178a413bb151598aa5ab3d929fcb4313,aa5d63991bde92c7afdc192d7f3c40dc2a6f9206a779bde2dd331272edcb2b27,4be0f6adc9d3d46cd7a48207dbd895f487df8ea8f32311a8ab7292dd85789cf5,5,12,47,"[5, 6, 10, 12, 14, 18, 20, 21, 25, 26, 29, 31, 32, 36, 39, 42, 47, 52]",7606b654fe6cff4503f0c981f1f55f521df04ae55406ddc9687a6fe4c704f769,0.1,315dbdd87ce4799e24e2491455488036877adc3cfd97fd7c550a270c21c3aea0,11f4d0f4f43c4cf36ccf4a0edf8c7ea51f1840fff291c100fa5b30264eb4fb53
23,0,701bd23eb92bf38d3ff6b304a43eba02fc5522be7f060484307a0a12c12ca737,9822fa9671892916aea8fae5449cf90c726717601965d57d9ef8079199518efb,82257c342f84e54196edfef11420134c97dc1886d1fbede30f61883d90286b7f,1a7525b053f82114cc0ca6cdaa6125183eb65eb5eac0dd6d04d4407464a7a400,b129219ae25ddf7f03deba636fbf6999f9dcc07998ad9095d3f15a68f5a3a1d5,10,18,21,"[5, 6, 10, 12, 14, 18, 20, 21, 25, 26, 29, 31, 32, 36, 39, 42, 47, 52]",7606b654fe6cff4503f0c981f1f55f521df04ae55406ddc9687a6fe4c704f769,0.1,315dbdd87ce4799e24e2491455488036877adc3cfd97fd7c550a270c21c3aea0,11f4d0f4f43c4cf36ccf4a0edf8c7ea51f1840fff291c100fa5b30264eb4fb53
24,0,701bd23eb92bf38d3ff6b304a43eba02fc5522be7f060484307a0a12c12ca737,efa9e18c105083d009f0bcba6c477a9912d727d7c6d41d3bf4d74a275e160a0e,bfa5489b8b55e02d913bea04b1ddac9a197e586770866f1356f15d0f66419780,abc4480ea0a1fdade4853810f64336fdafc0b75e6b30663eb320f24cc5b30de4,d83af6fbcf09f9df9ff103c25c2133a8485d068e02fab72ff44731c73e4d0bb9,14,29,52,"[5, 6, 10, 12, 14, 18, 20, 21, 25, 26, 29, 31, 32, 36, 39, 42, 47, 52]",7606b654fe6cff4503f0c981f1f55f521df04ae55406ddc9687a6fe4c704f769,0.1,315dbdd87ce4799e24e2491455488036877adc3cfd97fd7c550a270c21c3aea0,11f4d0f4f43c4cf36ccf4a0edf8c7ea51f1840fff291c100fa5b30264eb4fb53
27,0,701bd23eb92bf38d3ff6b304a43eba02fc5522be7f060484307a0a12c12ca737,c7bb26168f4496408f0528aecdd894d0d924a48c6c883dad869b8575fbe01dcf,92bc5309cb9afcd26e34146f1a93de246891173800a9bce04b7fdebe108818c8,03f50f66e6bb3a3727f9787b912e1b3aebb0a3a90bf887f7b5df2813034aba15,6c96fc0437144339f8b0160f2287492d72fee13f1dfed4a558c786238e70c036,18,29,47,"[5, 6, 10, 12, 14, 18, 20, 21, 25, 26, 29, 31, 32, 36, 39, 42, 47, 52]",7606b654fe6cff4503f0c981f1f55f521df04ae55406ddc9687a6fe4c704f769,0.1,315dbdd87ce4799e24e2491455488036877adc3cfd97fd7c550a270c21c3aea0,11f4d0f4f43c4cf36ccf4a0edf8c7ea51f1840fff291c100fa5b30264eb4fb53
28,0,701bd23eb92bf38d3ff6b304a43eba02fc5522be7f060484307a0a12c12ca737,3f1d35a16aa6727303fb69258c7973e8d9ace8a204fb362d85d2c2f8c077d034,d3e90ce2e75b3ea8f597fcd8003424e514584ef3c31646c866fdd3160da1703b,83c231dc0edf3819566e5e509cb0a346563ee350d05643dfb052bdbd8c381887,dce5f98c3767a2308805ddcb2e41c190b0d813bda7d10ab08ba64a81f0b2140f,6,32,36,"[5, 6, 10, 12, 14, 18, 20, 21, 25, 26, 29, 31, 32, 36, 39, 42, 47, 52]",7606b654fe6cff4503f0c981f1f55f521df04ae55406ddc9687a6fe4c704f769,0.1,315dbdd87ce4799e24e2491455488036877adc3cfd97fd7c550a270c21c3aea0,11f4d0f4f43c4cf36ccf4a0edf8c7ea51f1840fff291c100fa5b30264eb4fb53
30,0,701bd23eb92bf38d3ff6b304a43eba02fc5522be7f060484307a0a12c12ca737,ecc5fabee4bdc7c2f720ea639e47ddbe3a75325f29ab369c211fdef447cdf6da,992ea8000975096830ce8e7f34f38c097e919a4f4603a353cc9bb40bff72e18a,a73a56b626a8a7ecb9069b8c908779cd8524c7197c60f8313a36b40d5f2f9979,992db258284fdde3456489b736014d2a9c13019e8ded08b40172f1156a02d2da,6,31,39,"[5, 6, 10, 12, 14, 18, 20, 21, 25, 26, 29, 31, 32, 36, 39, 42, 47, 52]",7606b654fe6cff4503f0c981f1f55f521df04ae55406ddc9687a6fe4c704f769,0.1,315dbdd87ce4799e24e2491455488036877adc3cfd97fd7c550a270c21c3aea0,11f4d0f4f43c4cf36ccf4a0edf8c7ea51f1840fff291c100fa5b30264eb4fb53
34,0,701bd23eb92bf38d3ff6b304a43eba02fc5522be7f060484307a0a12c12ca737,0a5f251e54f8625652a45a36b50c350579beea516a73482e0b3998022c7a7238,6dac03e0a6cd41d663affd099d9bf5e61e99c4293cc146ac64be38033ba43ff4,fc109eec92b89f367007a6f93fb4342dab456c5c76dd348520788bdaae67651f,49bdfb012c7f76ea709e2a6c50e713a9d368a48d730a2dbbfe8a48a899a23a01,6,29,31,"[5, 6, 10, 12, 14, 18, 20, 21, 25, 26, 29, 31, 32, 36, 39, 42, 47, 52]",7606b654fe6cff4503f0c981f1f55f521df04ae55406ddc9687a6fe4c704f769,0.1,315dbdd87ce4799e24e2491455488036877adc3cfd97fd7c550a270c21c3aea0,11f4d0f4f43c4cf36ccf4a0edf8c7ea51f1840fff291c100fa5b30264eb4fb53
35,0,701bd23eb92bf38d3ff6b304a43eba02fc5522be7f060484307a0a12c12ca737,44964db412a7e152ce0dc693345d0f7bb3d8ec27f5d82e524fb0f7c11f3eb8a7,d2619a4b2f411b1277a23a97815de03136106aa58203fc6c0757b6ad120aabf2,82d74eaaa7b716aa5b28279beed0cca352a0e429b48c14c3bdee588f1025c5f6,2d55e5c8a958a482ffe48a893474231c9fa408ee323170825d728c7149af8913,5,29,39,"[5, 6, 10, 12, 14, 18, 20, 21, 25, 26, 29, 31, 32, 36, 39, 42, 47, 52]",7606b654fe6cff4503f0c981f1f55f521df04ae55406ddc9687a6fe4c704f769,0.1,315dbdd87ce4799e24e2491455488036877adc3cfd97fd7c550a270c21c3aea0,11f4d0f4f43c4cf36ccf4a0edf8c7ea51f1840fff291c100fa5b30264eb4fb53
37,0,701bd23eb92bf38d3ff6b304a43eba02fc5522be7f060484307a0a12c12ca737,7305521c68ba96063d02f75b4005cc0baa71df899720dda8ea3073a48b9561be,4db2130602d63cb7af34faf709b3710e46eda36aeaa95c2342b70763ad764968,efdb38b31f7d70ed9800a341e17c2cd44b107069e14c98b7f3fe828d594b2996,d765332b86dea86288557ce8ea896c2ccf2228614efd788ba37ceb3a6549f242,10,39,47,"[5, 6, 10, 12, 14, 18, 20, 21, 25, 26, 29, 31, 32, 36, 39, 42, 47, 52]",7606b654fe6cff4503f0c981f1f55f521df04ae55406ddc9687a6fe4c704f769,0.1,315dbdd87ce4799e24e2491455488036877adc3cfd97fd7c550a270c21c3aea0,11f4d0f4f43c4cf36ccf4a0edf8c7ea51f1840fff291c100fa5b30264eb4fb53
40,0,701bd23eb92bf38d3ff6b304a43eba02fc5522be7f060484307a0a12c12ca737,c1fc5cec3533c05a5b02a46a3e64a109060571a9caca2a47822852768675f0bd,a1a8f9180b76ba105d74a40ca836db6b4e105d07adb01b01f564e3c6498cd5e9,794592243ba92509b507435267b40c6b11704b4811886ec4ab6f48a39b693d02,276edc806551a4d328aada4e1198d93d5d1b4d034531925f8d070ef8eeb21b10,26,29,36,"[5, 6, 10, 12, 14, 18, 20, 21, 25, 26, 29, 31, 32, 36, 39, 42, 47, 52]",7606b654fe6cff4503f0c981f1f55f521df04ae55406ddc9687a6fe4c704f769,0.1,315dbdd87ce4799e24e2491455488036877adc3cfd97fd7c550a270c21c3aea0,11f4d0f4f43c4cf36ccf4a0edf8c7ea51f1840fff291c100fa5b30264eb4fb53
41,0,701bd23eb92bf38d3ff6b304a43eba02fc5522be7f060484307a0a12c12ca737,42c0db18579e1e46e2150620d6ec71aed942ec2b351142729a9b8467f9a352db,bf4e8b145674e86612bf7b2ce786f85314534f6584c96eacdffd4877790154f3,89a6a02001da80704223a309b8134f5426297983e12a377a32bd2649917bd291,1857034fbfb87755edc36328856d4014f5fae2021b14b364765324051c51b25c,14,31,47,"[5, 6, 10, 12, 14, 18, 20, 21, 25, 26, 29, 31, 32, 36, 39, 42, 47, 52]",7606b654fe6cff4503f0c981f1f55f521df04ae55406ddc9687a6fe4c704f769,0.1,315dbdd87ce4799e24e2491455488036877adc3cfd97fd7c550a270c21c3aea0,11f4d0f4f43c4cf36ccf4a0edf8c7ea51f1840fff291c100fa5b30264eb4fb53
43,0,701bd23eb92bf38d3ff6b304a43eba02fc5522be7f060484307a0a12c12ca737,caf906afb4619b3e08f4592d498b27c36f6206b4885fa9f439a203ec8fc3c9c9,7a2c5826f6f3ec5e1b600e089b4e2c6ddbccfdd445edd0fdc286821afeeb5207,8167f401f40d5ee3b30315d1e2351c3cba331172964d90af89f214020a79e9d9,edb116ccb9cf68a9da63655edeb34318340d598a1ade2c025a5a3bd1b6c2d5ef,12,25,39,"[5, 6, 10, 12, 14, 18, 20, 21, 25, 26, 29, 31, 32, 36, 39, 42, 47, 52]",7606b654fe6cff4503f0c981f1f55f521df04ae55406ddc9687a6fe4c704f769,0.1,315dbdd87ce4799e24e2491455488036877adc3cfd97fd7c550a270c21c3aea0,11f4d0f4f43c4cf36ccf4a0edf8c7ea51f1840fff291c100fa5b30264eb4fb53
44,0,701bd23eb92bf38d3ff6b304a43eba02fc5522be7f060484307a0a12c12ca737,9e1758df8c5aa589c6af7895abae3f1ff7c53ae72d6c33c4dd77d2410eb1664e,e2c949e970a3f458aab330a3f8f6bba68693f8d8c3d0fa0de0a7356910191002,0c480a5a83125264bb0f5eb5966efe51e5e7836eefded4e2196bc646491c418d,7d988415566d1d08bcc95a79b50293233e24d0f8e85571ac84d3af6f02d25a88,31,32,36,"[5, 6, 10, 12, 14, 18, 20, 21, 25, 26, 29, 31, 32, 36, 39, 42, 47, 52]",7606b654fe6cff4503f0c981f1f55f521df04ae55406ddc9687a6fe4c704f769,0.1,315dbdd87ce4799e24e2491455488036877adc3cfd97fd7c550a270c21c3aea0,11f4d0f4f43c4cf36ccf4a0edf8c7ea51f1840fff291c100fa5b30264eb4fb53
46,0,701bd23eb92bf38d3ff6b304a43eba02fc5522be7f060484307a0a12c12ca737,3c1c14ac68441fb44d9da763de5bad79943c0d4794f836ceeda977a40d0f5d09,d8892ad6287a148310bb32032fd4b1420cc66673510b3b77d8359ba14c680902,b00de8d292cf3914f03c9b5f9a61f2756c2fdeac1e473bb82b17a780691f0de5,6ede6461c77e99c2f7c67715b9f047593a3dad8676a0576a8b3b9dbdc95987ce,32,36,52,"[5, 6, 10, 12, 14, 18, 20, 21, 25, 26, 29, 31, 32, 36, 39, 42, 47, 52]",7606b654fe6cff4503f0c981f1f55f521df04ae55406ddc9687a6fe4c704f769,0.1,315dbdd87ce4799e24e2491455488036877adc3cfd97fd7c550a270c21c3aea0,11f4d0f4f43c4cf36ccf4a0edf8c7ea51f1840fff291c100fa5b30264eb4fb53
48,0,701bd23eb92bf38d3ff6b304a43eba02fc5522be7f060484307a0a12c12ca737,ab9fcf87156358f32584596c7e92b33c3f9b36a3a62b17292153f7c29d95e2b9,d37f452bbed5d39869dae3ddf18c30c6103dccc7d73d4633b4cc526591eb32ac,e02b55408aa8dd6c10a4ed7263838ddee209c1fc6ee531290c6f72177b829725,57920f0c49a147f03ad6b0fe51d29a57e638a5a889fd15866eace1a638205a58,18,32,36,"[5, 6, 10, 12, 14, 18, 20, 21, 25, 26, 29, 31, 32, 36, 39, 42, 47, 52]",7606b654fe6cff4503f0c981f1f55f521df04ae55406ddc9687a6fe4c704f769,0.1,315dbdd87ce4799e24e2491455488036877adc3cfd97fd7c550a270c21c3aea0,11f4d0f4f43c4cf36ccf4a0edf8c7ea51f1840fff291c100fa5b30264eb4fb53
49,0,701bd23eb92bf38d3ff6b304a43eba02fc5522be7f060484307a0a12c12ca737,eed050a1d2d99d894cc5be20069bcb1ce346be97892136208c89e69c537e5b09,4c792873427cc634ba98a826362c36cff8ad8aa0ead1cc767272079aad07dd15,20da2dbcc0f0434c2d18c394488724d3c2acac14acb5f72975e411951d75fba6,1e94d5f9075543362cf9133d35055b90a5ca6675b386eeb7394fcd32a695c6f9,10,29,31,"[5, 6, 10, 12, 14, 18, 20, 21, 25, 26, 29, 31, 32, 36, 39, 42, 47, 52]",7606b654fe6cff4503f0c981f1f55f521df04ae55406ddc9687a6fe4c704f769,0.1,315dbdd87ce4799e24e2491455488036877adc3cfd97fd7c550a270c21c3aea0,11f4d0f4f43c4cf36ccf4a0edf8c7ea51f1840fff291c100fa5b30264eb4fb53
50,0,701bd23eb92bf38d3ff6b304a43eba02fc5522be7f060484307a0a12c12ca737,621ea46e5df371d907f54698fc8d09725febe5354b9f8bc3745e726a371618ef,d605fa981d1a62cc25dc97ffa73aedc6957e1f1c9ab813dc5cd18487677601d6,7c5683cc60dfc0701507350ef4720822df5d5ec06b06b82b7e9282a5a30b5419,bc25942146a327d9db661c3213109e12e497ac56dec165304764cacc413aedc1,21,26,42,"[5, 6, 10, 12, 14, 18, 20, 21, 25, 26, 29, 31, 32, 36, 39, 42, 47, 52]",7606b654fe6cff4503f0c981f1f55f521df04ae55406ddc9687a6fe4c704f769,0.1,315dbdd87ce4799e24e2491455488036877adc3cfd97fd7c550a270c21c3aea0,11f4d0f4f43c4cf36ccf4a0edf8c7ea51f1840fff291c100fa5b30264eb4fb53
1,1,9c82cfb7ffbe0761eeb9d6a95762d7a7a32e0c1c1552ec3aaf0b7acce57014b4,26b3ee99a974f6f59974f80c2d1a06cb34c3b205bccb86c2c248d6e76ed7f779,7a452a8510b8727577a654f4756aac3d552dcb2ec9b04637c80f0732f7a9f798,38a5502a87c2fcfd6a3f68191d81635aa3f226da7485a26ca7871d639708829d,06a5995e0c5edffd83a0e37b3c80b34cea4329f55308a0ee08e317ff79e7962a,12,20,26,"[5, 6, 10, 12, 14, 18, 20, 21, 25, 26, 29, 31, 32, 36, 39, 42, 47, 52]",e8c0535782fe7e3612fc520afd6b24f4bfdbe89a0a378928bc93340932581f64,1.0,315dbdd87ce4799e24e2491455488036877adc3cfd97fd7c550a270c21c3aea0,11f4d0f4f43c4cf36ccf4a0edf8c7ea51f1840fff291c100fa5b30264eb4fb53
4,1,9c82cfb7ffbe0761eeb9d6a95762d7a7a32e0c1c1552ec3aaf0b7acce57014b4,ee5855fdf6129617bc978c5fa45998b820fa09d956cf7e146391e3161588d848,9d5de1a82d62c65dacbe4c0aa77bca345adcb6fe39154e5981ce1952b3addb25,51d22236a000bbf29eeca9f48d71d56a85e4279c3f84b87f72760d570e0883c3,27a79acf5474149b6bada60a02b0a57e2e815d8f8deb9b0f9c50d334a4272083,18,29,39,"[5, 6, 10, 12, 14, 18, 20, 21, 25, 26, 29, 31, 32, 36, 39, 42, 47, 52]",e8c0535782fe7e3612fc520afd6b24f4bfdbe89a0a378928bc93340932581f64,1.0,315dbdd87ce4799e24e2491455488036877adc3cfd97fd7c550a270c21c3aea0,11f4d0f4f43c4cf36ccf4a0edf8c7ea51f1840fff291c100fa5b30264eb4fb53
7,1,9c82cfb7ffbe0761eeb9d6a95762d7a7a32e0c1c1552ec3aaf0b7acce57014b4,5b75da89ed19fbdd24f4a594a0153669085d3aaecb628d4edfe9e4f2818dbbdc,8b6722915ac3551abb5caf3dd6631094eee76fd758d822e0d06ab40330c3fbd6,ee24c3bc451be4be73e985aa8055a2d168b8d71b59b79a87ff67a34266b8d95d,461f097f0984be52dc35efb0d01f859281ae7407b953127664f31643f5290601,20,31,36,"[5, 6, 10, 12, 14, 18, 20, 21, 25, 26, 29, 31, 32, 36, 39, 42, 47, 52]",e8c0535782fe7e3612fc520afd6b24f4bfdbe89a0a378928bc93340932581f64,1.0,315dbdd87ce4799e24e2491455488036877adc3cfd97fd7c550a270c21c3aea0,11f4d0f4f43c4cf36ccf4a0edf8c7ea51f1840fff291c100fa5b30264eb4fb53
11,1,9c82cfb7ffbe0761eeb9d6a95762d7a7a32e0c1c1552ec3aaf0b7acce57014b4,a252d2546eb136add0e4c859b641010b73c4d8444aaf255af8f654228bd38cb9,6fee6595187a2bf36d10a280eeeccc22c02b05533519e3f5505c8d9ce06eac00,3176d18b96f51d0b3610f470a651e9c0ad929ae13614aed24d453df138d9ee72,f30d2c8a782f4284f7cdeb7dd0e8e9e201e517c5d1f79526cd5eceb829d22d35,18,32,39,"[5, 6, 10, 12, 14, 18, 20, 21, 25, 26, 29, 31, 32, 36, 39, 42, 47, 52]",e8c0535782fe7e3612fc520afd6b24f4bfdbe89a0a378928bc93340932581f64,1.0,315dbdd87ce4799e24e2491455488036877adc3cfd97fd7c550a270c21c3aea0,11f4d0f4f43c4cf36ccf4a0edf8c7ea51f1840fff291c100fa5b30264eb4fb53
13,1,9c82cfb7ffbe0761eeb9d6a95762d7a7a32e0c1c1552ec3aaf0b7acce57014b4,4e02f16988bee5fced1e3defd4995d1e1a947482de04a67dc70d50a0eaec1db7,6f36bf731dcadea0081e9fb6c4d40ca273178a38fb5834d2c7f55d34ec51d7ae,ff06154a0a9c3d7647fa1831fcd3d2390b0ea973b0e3bd32b06c60bc26649184,1916885ecd0b9af5dea0b923203b432afd0349206d0d0bec5a8e825633743760,10,18,20,"[5, 6, 10, 12, 14, 18, 20, 21, 25, 26, 29, 31, 32, 36, 39, 42, 47, 52]",e8c0535782fe7e3612fc520afd6b24f4bfdbe89a0a378928bc93340932581f64,1.0,315dbdd87ce4799e24e2491455488036877adc3cfd97fd7c550a270c21c3aea0,11f4d0f4f43c4cf36ccf4a0edf8c7ea51f1840fff291c100fa5b30264eb4fb53
15,1,9c82cfb7ffbe0761eeb9d6a95762d7a7a32e0c1c1552ec3aaf0b7acce57014b4,7a3b8904d419f9bb2c6df10a788bdc377a947af468fa3db32b043c89c9bf7924,678baf5588ab9926d7e3892efbe045fe34cc9569861c36230dab160af0fdc45c,4dc54127369978e09a5495d2ef6965e591d5f8866d91950b0cdae1c7b0aacaee,e6cf62616d491825c28f60ab3c4df11bc89292d2f98b582ff205393e20b498a7,36,39,42,"[5, 6, 10, 12, 14, 18, 20, 21, 25, 26, 29, 31, 32, 36, 39, 42, 47, 52]",e8c0535782fe7e3612fc520afd6b24f4bfdbe89a0a378928bc93340932581f64,1.0,315dbdd87ce4799e24e2491455488036877adc3cfd97fd7c550a270c21c3aea0,11f4d0f4f43c4cf36ccf4a0edf8c7ea51f1840fff291c100fa5b30264eb4fb53
19,1,9c82cfb7ffbe0761eeb9d6a95762d7a7a32e0c1c1552ec3aaf0b7acce57014b4,72755f2c5e4e32b762814c11f5690fd8a16ecc9765296fa9c983908620fa6669,19a4fd61b984e2d999439d230a01b03d9768a104cffa09c2fedc7b6607894939,298720bbd68d43c189cf6dbe2eb6617a3c41f418397f330e2d4e57da98127914,030acc64f8878efbe6887fac940bb191a2df88f7d7c9a60a7047a821490e7048,20,25,39,"[5, 6, 10, 12, 14, 18, 20, 21, 25, 26, 29, 31, 32, 36, 39, 42, 47, 52]",e8c0535782fe7e3612fc520afd6b24f4bfdbe89a0a378928bc93340932581f64,1.0,315dbdd87ce4799e24e2491455488036877adc3cfd97fd7c550a270c21c3aea0,11f4d0f4f43c4cf36ccf4a0edf8c7ea51f1840fff291c100fa5b30264eb4fb53
22,1,9c82cfb7ffbe0761eeb9d6a95762d7a7a32e0c1c1552ec3aaf0b7acce57014b4,cfc4af18973761f0777fe02c8d4c1e032ff4c037a2c4a2466044512192c5e05c,2ea78e81457486e5182b5dc0843b12acfca38d98ab7a0b8a1b50ba2d3c27b16d,e6bc9e340c3df8d8ab1d175d31f51d6e4f00d281c349671326f4d82450c4d872,4136b956e71b72137eceb248a774be8402f0386ff4328df6401f636a9ebc12e4,29,36,52,"[5, 6, 10, 12, 14, 18, 20, 21, 25, 26, 29, 31, 32, 36, 39, 42, 47, 52]",e8c0535782fe7e3612fc520afd6b24f4bfdbe89a0a378928bc93340932581f64,1.0,315dbdd87ce4799e24e2491455488036877adc3cfd97fd7c550a270c21c3aea0,11f4d0f4f43c4cf36ccf4a0edf8c7ea51f1840fff291c100fa5b30264eb4fb53
23,1,9c82cfb7ffbe0761eeb9d6a95762d7a7a32e0c1c1552ec3aaf0b7acce57014b4,19ac6004a84bd6d36b9dd4c0c07d27bc6fed458b725fdce19e5fca3beabc8300,c7fdf8d78a7fb37dce92275624b5d8ca0d25a5a59b75863a74dc5a69a1e4b2f3,9d21a2b8fadd5aacd21aeda7d16656a3a61b2502bafc68ce321d835e504ae285,9ed8241fa13d3b952ab9e6cc614f0bea1df9f0f0f850f9f78da9fbfa1ca00c9a,10,32,47,"[5, 6, 10, 12, 14, 18, 20, 21, 25, 26, 29, 31, 32, 36, 39, 42, 47, 52]",e8c0535782fe7e3612fc520afd6b24f4bfdbe89a0a378928bc93340932581f64,1.0,315dbdd87ce4799e24e2491455488036877adc3cfd97fd7c550a270c21c3aea0,11f4d0f4f43c4cf36ccf4a0edf8c7ea51f1840fff291c100fa5b30264eb4fb53
24,1,9c82cfb7ffbe0761eeb9d6a95762d7a7a32e0c1c1552ec3aaf0b7acce57014b4,0c39eab2afa12ca28c650c815e7b38b8090ae3fa2e95901ef8a538e021de5733,2c96a9c36e94db34ddfe123c6811359c128a9c15c2f98ce4b8c5072094690e58,f94980b626a9b7c802c6ecd74219361451b8121191c5304f98a1c29ce515797d,e681c12427fd59d566a043f02bd4c39a7ffd101867d23b2f17d7c2dd75235a79,14,29,32,"[5, 6, 10, 12, 14, 18, 20, 21, 25, 26, 29, 31, 32, 36, 39, 42, 47, 52]",e8c0535782fe7e3612fc520afd6b24f4bfdbe89a0a378928bc93340932581f64,1.0,315dbdd87ce4799e24e2491455488036877adc3cfd97fd7c550a270c21c3aea0,11f4d0f4f43c4cf36ccf4a0edf8c7ea51f1840fff291c100fa5b30264eb4fb53
27,1,9c82cfb7ffbe0761eeb9d6a95762d7a7a32e0c1c1552ec3aaf0b7acce57014b4,4c1b2058218d099d426ec4934eeec28dc469de32252c0ac6df460ab639516b4a,ab74b9f3aec3cd34e7f3c35d843e0c71adef696daffa4d204aa87c327546185d,9cfe62d426294f5eebc97745894c604e4200f7f9eefcaec82686f22ba61c44df,affb3cecda1b016d1792df19dd4df288f739c3ddf20627893a16b83d517fe3cd,6,31,32,"[5, 6, 10, 12, 14, 18, 20, 21, 25, 26, 29, 31, 32, 36, 39, 42, 47, 52]",e8c0535782fe7e3612fc520afd6b24f4bfdbe89a0a378928bc93340932581f64,1.0,315dbdd87ce4799e24e2491455488036877adc3cfd97fd7c550a270c21c3aea0,11f4d0f4f43c4cf36ccf4a0edf8c7ea51f1840fff291c100fa5b30264eb4fb53
28,1,9c82cfb7ffbe0761eeb9d6a95762d7a7a32e0c1c1552ec3aaf0b7acce57014b4,3c474435e38b58992a9b85808cb012a17fcc65696590b2350f45dcdc53480c6a,2e976cc642a6c2925ccf272364ae3fec3da28199b4afa8a5886cbc84486cfe4f,4620530bc2408cfd11cd8ea120cd984b6ec6eeb39b41b4e0c328525ef1284e9a,7e7d84fc983a6d0b9e0067f673c8ffbc147b3e76aec9fffb68afaca61dd72dd4,12,36,52,"[5, 6, 10, 12, 14, 18, 20, 21, 25, 26, 29, 31, 32, 36, 39, 42, 47, 52]",e8c0535782fe7e3612fc520afd6b24f4bfdbe89a0a378928bc93340932581f64,1.0,315dbdd87ce4799e24e2491455488036877adc3cfd97fd7c550a270c21c3aea0,11f4d0f4f43c4cf36ccf4a0edf8c7ea51f1840fff291c100fa5b30264eb4fb53
30,1,9c82cfb7ffbe0761eeb9d6a95762d7a7a32e0c1c1552ec3aaf0b7acce57014b4,442132b68db2a50c9f75cdd613ad6af8973f70b0ff0e8adcd70db469c8eb0640,37dca31421ec1c5a6669bc0264d985b44ff34b8065d8cf7600e68905a553a9d6,e0c24d0e6c1f273359182cff8df7edbe1071947ffd461c32fb141f5c9fd9bc9b,75be7b04f5e4576582144a75e0965ce1ff774b44f4190692ba5a1c38199b9b98,5,12,26,"[5, 6, 10, 12, 14, 18, 20, 21, 25, 26, 29, 31, 32, 36, 39, 42, 47, 52]",e8c0535782fe7e3612fc520afd6b24f4bfdbe89a0a378928bc93340932581f64,1.0,315dbdd87ce4799e24e2491455488036877adc3cfd97fd7c550a270c21c3aea0,11f4d0f4f43c4cf36ccf4a0edf8c7ea51f1840fff291c100fa5b30264eb4fb53
34,1,9c82cfb7ffbe0761eeb9d6a95762d7a7a32e0c1c1552ec3aaf0b7acce57014b4,34ac0af80885dcccdb2b2a0a029296f97308d2909cf971a84fc8bb20a12e937e,dbf4bdd3b7a60219b0ea23e2ab83781716659b77225062a922d09d22e4a9e9a1,ae7ffee526182ceb80f2f3fb28554df4b79013a827f66fba902bb45cb43764e4,ebda540264a8c43c18589490fd0a47fd6d2c215d4c3d33b44858c60242310392,5,18,36,"[5, 6, 10, 12, 14, 18, 20, 21, 25, 26, 29, 31, 32, 36, 39, 42, 47, 52]",e8c0535782fe7e3612fc520afd6b24f4bfdbe89a0a378928bc93340932581f64,1.0,315dbdd87ce4799e24e2491455488036877adc3cfd97fd7c550a270c21c3aea0,11f4d0f4f43c4cf36ccf4a0edf8c7ea51f1840fff291c100fa5b30264eb4fb53
35,1,9c82cfb7ffbe0761eeb9d6a95762d7a7a32e0c1c1552ec3aaf0b7acce57014b4,68db680965170327a41678475b37986b116173119cb6c71dd92414829cbe9b35,435c10cbff2c345f87a1def37adedf8ec933a5b9bbaaf5289ff5b315811dbf7c,9c542d1c5538f609bdaa921211bf2e5c67ace03925adf03dc76d484951bf9d47,7ada72f2e40c231e8fcd511711ac2375591c56593e8a036c7818f03e49db203c,5,25,31,"[5, 6, 10, 12, 14, 18, 20, 21, 25, 26, 29, 31, 32, 36, 39, 42, 47, 52]",e8c0535782fe7e3612fc520afd6b24f4bfdbe89a0a378928bc93340932581f64,1.0,315dbdd87ce4799e24e2491455488036877adc3cfd97fd7c550a270c21c3aea0,11f4d0f4f43c4cf36ccf4a0edf8c7ea51f1840fff291c100fa5b30264eb4fb53
37,1,9c82cfb7ffbe0761eeb9d6a95762d7a7a32e0c1c1552ec3aaf0b7acce57014b4,ba58fb49d1b463ce4dd147709722b1353252f229d1cccc637f9d3d7fb4669ff3,86bc47145c89d06ff193148c65add692c1bb0fee07869e29fb6da1ed1ab55ef1,32336071bb0908cf402ed616b57fd5639169a64725827db7fb36f65f664d1bac,b992713e50b839a7bcaa1e0a113420a803562a3d9cb103bf2e810232b218e1f4,20,25,42,"[5, 6, 10, 12, 14, 18, 20, 21, 25, 26, 29, 31, 32, 36, 39, 42, 47, 52]",e8c0535782fe7e3612fc520afd6b24f4bfdbe89a0a378928bc93340932581f64,1.0,315dbdd87ce4799e24e2491455488036877adc3cfd97fd7c550a270c21c3aea0,11f4d0f4f43c4cf36ccf4a0edf8c7ea51f1840fff291c100fa5b30264eb4fb53
40,1,9c82cfb7ffbe0761eeb9d6a95762d7a7a32e0c1c1552ec3aaf0b7acce57014b4,b552735f41991e19e51c1534c0748ad3bed43af63bbb7b07ebc466d2db777ffd,77fc9eb8221fa2d083467f70f28cd81e266755285378fb215d7ee89b6c7a3ed2,be16c0bd63387da206ec6f4626804828655ed26fb2a81c6e48156b8da10456c9,79b074475053d94c7f4f330dc95b0f2cd3d2ab4f2f795a2e813d8639ccbfa75b,26,31,52,"[5, 6, 10, 12, 14, 18, 20, 21, 25, 26, 29, 31, 32, 36, 39, 42, 47, 52]",e8c0535782fe7e3612fc520afd6b24f4bfdbe89a0a378928bc93340932581f64,1.0,315dbdd87ce4799e24e2491455488036877adc3cfd97fd7c550a270c21c3aea0,11f4d0f4f43c4cf36ccf4a0edf8c7ea51f1840fff291c100fa5b30264eb4fb53
41,1,9c82cfb7ffbe0761eeb9d6a95762d7a7a32e0c1c1552ec3aaf0b7acce57014b4,0caa491ef64131e208642deaaa5877bb4c97494448f061c69944dad0c7e5d064,15431405bb40d6c1acf9cf439b0af9f5c36c9eb192a648532c14a19922f72aaf,d248607ce38dd7af6dafa2bb00ec133c1dd91bb5eda75ffedea8e1c79fe53d22,9072ee060539e7a9ad43eb8b1b4624e7a62e873abe1734cb50c5aa93716fbf59,12,29,42,"[5, 6, 10, 12, 14, 18, 20, 21, 25, 26, 29, 31, 32, 36, 39, 42, 47, 52]",e8c0535782fe7e3612fc520afd6b24f4bfdbe89a0a378928bc93340932581f64,1.0,315dbdd87ce4799e24e2491455488036877adc3cfd97fd7c550a270c21c3aea0,11f4d0f4f43c4cf36ccf4a0edf8c7ea51f1840fff291c100fa5b30264eb4fb53
43,1,9c82cfb7ffbe0761eeb9d6a95762d7a7a32e0c1c1552ec3aaf0b7acce57014b4,86f63b7cc3a123ff3a467de9b0744595ca027484bf973241d44e3f179871f017,970d7716acb5ecb37d238d22b2b13d4d23c93c52be39eb0243adfc36b4eef662,ea0e1194001f64a34a411f8d4f7bbd0f4e3885af150823fe95773f2289f4b465,7263669f1d07586ae65a6745463737ad6c4fdd0fab1436c5612d8c4a55518e87,32,36,39,"[5, 6, 10, 12, 14, 18, 20, 21, 25, 26, 29, 31, 32, 36, 39, 42, 47, 52]",e8c0535782fe7e3612fc520afd6b24f4bfdbe89a0a378928bc93340932581f64,1.0,315dbdd87ce4799e24e2491455488036877adc3cfd97fd7c550a270c21c3aea0,11f4d0f4f43c4cf36ccf4a0edf8c7ea51f1840fff291c100fa5b30264eb4fb53
44,1,9c82cfb7ffbe0761eeb9d6a95762d7a7a32e0c1c1552ec3aaf0b7acce57014b4,575df1019b6887f7ab28036177806b8b30e6f4797a9fda04928035752ace450f,06d7a4ffe3e0b298adbd412fe608be0878eefed9cdccef42b231cc491d78b37e,07a4948cd0485dcb1bd8059a5b4eb8e8c3dbbcdb5e16e087c75fb508f4947545,468422bf83207ee9bd99d77bfd4fd31ffe5855e14658d6e8c0d4eaf1c5e44fda,5,14,25,"[5, 6, 10, 12, 14, 18, 20, 21, 25, 26, 29, 31, 32, 36, 39, 42, 47, 52]",e8c0535782fe7e3612fc520afd6b24f4bfdbe89a0a378928bc93340932581f64,1.0,315dbdd87ce4799e24e2491455488036877adc3cfd97fd7c550a270c21c3aea0,11f4d0f4f43c4cf36ccf4a0edf8c7ea51f1840fff291c100fa5b30264eb4fb53
46,1,9c82cfb7ffbe0761eeb9d6a95762d7a7a32e0c1c1552ec3aaf0b7acce57014b4,31399276b91e5c5286e8f0e7bd6441f1a9551c4efbc685d2f92ec7d0848ee276,1036e6163859c17d9c1b680040c30c26f4d7f2efee5025af88b82622da2a8e43,bbd135cab3da1e64b186dae334a1c03d8ad469e1fa7b974fe300adc99f1f2dde,0e0c6325c167003fa5c8d9e1d720626ec19de19695887c7d937379d45528202a,5,42,47,"[5, 6, 10, 12, 14, 18, 20, 21, 25, 26, 29, 31, 32, 36, 39, 42, 47, 52]",e8c0535782fe7e3612fc520afd6b24f4bfdbe89a0a378928bc93340932581f64,1.0,315dbdd87ce4799e24e2491455488036877adc3cfd97fd7c550a270c21c3aea0,11f4d0f4f43c4cf36ccf4a0edf8c7ea51f1840fff291c100fa5b30264eb4fb53
48,1,9c82cfb7ffbe0761eeb9d6a95762d7a7a32e0c1c1552ec3aaf0b7acce57014b4,3110f9d8a933be43d96b1d108376af499bc86f67e06e19924e86edf26d8c531f,300bcbfacdfc58487ebcbde7d61813e98a099aa91e58841510f5e904bf34ddb6,de952656aae7aa42965221f4116db377c1fb8fc2cc3c2dd6392fd94c130f74e2,22e53d275ff52192b484f621f385f06260719ca34bca416021cbbe4521ccf91c,25,42,47,"[5, 6, 10, 12, 14, 18, 20, 21, 25, 26, 29, 31, 32, 36, 39, 42, 47, 52]",e8c0535782fe7e3612fc520afd6b24f4bfdbe89a0a378928bc93340932581f64,1.0,315dbdd87ce4799e24e2491455488036877adc3cfd97fd7c550a270c21c3aea0,11f4d0f4f43c4cf36ccf4a0edf8c7ea51f1840fff291c100fa5b30264eb4fb53
49,1,9c82cfb7ffbe0761eeb9d6a95762d7a7a32e0c1c1552ec3aaf0b7acce57014b4,4f6d10b52cb7597d89e671942ed472fe5537ae03d101f4105732ddfc90aad252,2df00bc3de59f1abb2dc4021fa1ca4dfea9628a962f3fa7743cc0e9d741cc148,eab62c9a4945b6c72ba504e7ebc7c651ab93cfc4ea1976a863a4bcfe221b2b2c,1310968e1a116d6d38f9991e5cc61057ff179e6b05f2141ac6a5526d7b5cbbfa,14,18,52,"[5, 6, 10, 12, 14, 18, 20, 21, 25, 26, 29, 31, 32, 36, 39, 42, 47, 52]",e8c0535782fe7e3612fc520afd6b24f4bfdbe89a0a378928bc93340932581f64,1.0,315dbdd87ce4799e24e2491455488036877adc3cfd97fd7c550a270c21c3aea0,11f4d0f4f43c4cf36ccf4a0edf8c7ea51f1840fff291c100fa5b30264eb4fb53
50,1,9c82cfb7ffbe0761eeb9d6a95762d7a7a32e0c1c1552ec3aaf0b7acce57014b4,2f54ff1c850b4eaf97a469c35602690bdff8e73eee755ee7b51da58d53694692,8f51c76a7abf84b0f0ba3e278d849e6e3aca9ea5bc47304e376a56f255dfd64f,72bdcad34364662d8911dc4a574432f88b04a6781a9a30b12223f0426689cdaf,13185ab13540cb92dc49ce24189c6deb5716c3698ac8eff0f01facc360def92a,21,39,52,"[5, 6, 10, 12, 14, 18, 20, 21, 25, 26, 29, 31, 32, 36, 39, 42, 47, 52]",e8c0535782fe7e3612fc520afd6b24f4bfdbe89a0a378928bc93340932581f64,1.0,315dbdd87ce4799e24e2491455488036877adc3cfd97fd7c550a270c21c3aea0,11f4d0f4f43c4cf36ccf4a0edf8c7ea51f1840fff291c100fa5b30264eb4fb53
1,2,63448a98874dc74ea1538f04729c73bced1d652c7955c535aa4349f8589e7326,43d41d73f4809dcc9238ee980e6257687c64bece5a1e52e35bf79492b1021b5f,8f8e71a592396c0932b0400e625851e4e6638980facca40e261d02be88e72c59,756744a251d72babeba7ba56ad79f729af715af5169313e31b77156a016d35e9,46b3ff07dcf185a469526f407fb7516aad8eb4b9910b674db03620b72ee60e1f,5,12,20,"[5, 6, 10, 12, 14, 18, 20, 21, 25, 26, 29, 31, 32, 36, 39, 42, 47, 52]",bd69b7ec39779d58570e512af1f67aa6446a22416fe66f2f2bf49c2665ebac5d,1.0,315dbdd87ce4799e24e2491455488036877adc3cfd97fd7c550a270c21c3aea0,11f4d0f4f43c4cf36ccf4a0edf8c7ea51f1840fff291c100fa5b30264eb4fb53
4,2,63448a98874dc74ea1538f04729c73bced1d652c7955c535aa4349f8589e7326,5f2ba12a68e14529805ba3773af1ec96a2d85e70d817b6f4550699bda8622544,4c2ae91d328fd405f52baca550b0639b536c43edd3d900ae3bc7634294c9eabc,51efc4749f477deacf3adea48eac9619ed00d8c08a3862a542dab66286eea114,7efff37d6b92a1575997d86d64796654a44b95eb0ad663ee1bc2b89a4da77694,31,39,42,"[5, 6, 10, 12, 14, 18, 20, 21, 25, 26, 29, 31, 32, 36, 39, 42, 47, 52]",bd69b7ec39779d58570e512af1f67aa6446a22416fe66f2f2bf49c2665ebac5d,1.0,315dbdd87ce4799e24e2491455488036877adc3cfd97fd7c550a270c21c3aea0,11f4d0f4f43c4cf36ccf4a0edf8c7ea51f1840fff291c100fa5b30264eb4fb53
7,2,63448a98874dc74ea1538f04729c73bced1d652c7955c535aa4349f8589e7326,36c283af5d0656b9c32c2b979611e6296feb35330bf98782fd76e5684d3782ca,fd77f3d7fa6b265643274a1bc222244b3f89437fc9ae6a2f75a9d9b26aa453c6,b0b8b54c591fadcdf1f3f480c2ed96a80a5f95701e5f8c2581b8c5b67145b351,4c521701071699467278727dd297afc8f4eac6623704be80f9e25797b0f1f749,5,25,26,"[5, 6, 10, 12, 14, 18, 20, 21, 25, 26, 29, 31, 32, 36, 39, 42, 47, 52]",bd69b7ec39779d58570e512af1f67aa6446a22416fe66f2f2bf49c2665ebac5d,1.0,315dbdd87ce4799e24e2491455488036877adc3cfd97fd7c550a270c21c3aea0,11f4d0f4f43c4cf36ccf4a0edf8c7ea51f1840fff291c100fa5b30264eb4fb53
11,2,63448a98874dc74ea1538f04729c73bced1d652c7955c535aa4349f8589e7326,8a6768f29ed8f3be59c091c628cbb6a0a33ed010a2651ee10007f3e649b1e5f4,801c2523b601d0edc619229f4a08a39ab0062003e224eb5bbf94259238b0f2af,b5d55998116b5aff113cd70b7960df1e0b7df89c7caa726a582de32049ec25ec,d61bb676c90b9a4176139f53fdaeb438039b5851930edf1d11e0d4726642cc4a,14,47,52,"[5, 6, 10, 12, 14, 18, 20, 21, 25, 26, 29, 31, 32, 36, 39, 42, 47, 52]",bd69b7ec39779d58570e512af1f67aa6446a22416fe66f2f2bf49c2665ebac5d,1.0,315dbdd87ce4799e24e2491455488036877adc3cfd97fd7c550a270c21c3aea0,11f4d0f4f43c4cf36ccf4a0edf8c7ea51f1840fff291c100fa5b30264eb4fb53
13,2,63448a98874dc74ea1538f04729c73bced1d652c7955c535aa4349f8589e7326,474a4b6213172380cae22ee05aa5c67bcbe6cbfcc38c0b1b95393fbc58b0eeef,6cc5a7f1b214ac1040d86547670545457abcc43fe4e02698f8e5487d632ff623,63ff46b5dce15b0590f1a3934d881b4569da29cb2fa31e559825ffd2f82e0313,e1c5e8244551eafb3d3138235a4e18d14158adb6186aebd85ade8d29d09baa61,14,29,39,"[5, 6, 10, 12, 14, 18, 20, 21, 25, 26, 29, 31, 32, 36, 39, 42, 47, 52]",bd69b7ec39779d58570e512af1f67aa6446a22416fe66f2f2bf49c2665ebac5d,1.0,315dbdd87ce4799e24e2491455488036877adc3cfd97fd7c550a270c21c3aea0,11f4d0f4f43c4cf36ccf4a0edf8c7ea51f1840fff291c100fa5b30264eb4fb53
15,2,63448a98874dc74ea1538f04729c73bced1d652c7955c535aa4349f8589e7326,efec2b98d724ec376217c150e620782ee3850179cf0e8e5fe9c3a2ddf36a3b5f,e23de09fbc4bacbb78ae4df6ff1404e9df912549efa5b327cc58ada8398d744d,bbdd6d868c9a528ed35a1e79e7b4d391b3f6007967d223ad2644c188e44a03b2,62a12f7627d81ac10730c5839417f311bbe4fdb7abf9cc1f82693ee114b99fbd,12,14,39,"[5, 6, 10, 12, 14, 18, 20, 21, 25, 26, 29, 31, 32, 36, 39, 42, 47, 52]",bd69b7ec39779d58570e512af1f67aa6446a22416fe66f2f2bf49c2665ebac5d,1.0,315dbdd87ce4799e24e2491455488036877adc3cfd97fd7c550a270c21c3aea0,11f4d0f4f43c4cf36ccf4a0edf8c7ea51f1840fff291c100fa5b30264eb4fb53
19,2,63448a98874dc74ea1538f04729c73bced1d652c7955c535aa4349f8589e7326,ffb95b2817f6a3d66ddda18ff8a9ff183850b9883d061f26d6186bc5ea32d24e,e02fa33d00856bb986f4f3a6e6d43eeeac5fb6045757b1fdf799a0644b9b2bf6,955a30d0a6c6a7c6f0a99c4341aef26ad495523a4e6526a2c83f14081274d68d,137ac4e24ef599167b7cee9142df72bc1eccb1e934996e3fb5c31e154cafa754,6,39,52,"[5, 6, 10, 12, 14, 18, 20, 21, 25, 26, 29, 31, 32, 36, 39, 42, 47, 52]",bd69b7ec39779d58570e512af1f67aa6446a22416fe66f2f2bf49c2665ebac5d,1.0,315dbdd87ce4799e24e2491455488036877adc3cfd97fd7c550a270c21c3aea0,11f4d0f4f43c4cf36ccf4a0edf8c7ea51f1840fff291c100fa5b30264eb4fb53
22,2,63448a98874dc74ea1538f04729c73bced1d652c7955c535aa4349f8589e7326,c162dcfe92295728561371c49ad1347c37d41b7928ee21a3b0bc1768d7ca0bdf,4129de67b633019702529144364f6028bf7bcebbb67936d26bc1a9af60dbe8dc,2bdd3471b4676482732aff9f5d5ad51725b526585697e7023ae1217136747982,2a7bb21f620222bfc2485ba4cf7a1f2a3a749e06fd67f777f803f43f25e58561,5,10,42,"[5, 6, 10, 12, 14, 18, 20, 21, 25, 26, 29, 31, 32, 36, 39, 42, 47, 52]",bd69b7ec39779d58570e512af1f67aa6446a22416fe66f2f2bf49c2665ebac5d,1.0,315dbdd87ce4799e24e2491455488036877adc3cfd97fd7c550a270c21c3aea0,11f4d0f4f43c4cf36ccf4a0edf8c7ea51f1840fff291c100fa5b30264eb4fb53
23,2,63448a98874dc74ea1538f04729c73bced1d652c7955c535aa4349f8589e7326,a8b1b332d3bdef8a3e5ccbdda76eb05f9962d83455d33a4e3b26219b0bb9295f,9a556a787b7cc5b3912a530e696c81880010aed3e24393121027604581596d83,a24d5fd4e8c28771dea102983e626944ce919672646828af20d7f90168067e50,1b608ca5c8a126c41df5c599977f127fad95d86c4ec1928523fe2babb195c586,20,47,52,"[5, 6, 10, 12, 14, 18, 20, 21, 25, 26, 29, 31, 32, 36, 39, 42, 47, 52]",bd69b7ec39779d58570e512af1f67aa6446a22416fe66f2f2bf49c2665ebac5d,1.0,315dbdd87ce4799e24e2491455488036877adc3cfd97fd7c550a270c21c3aea0,11f4d0f4f43c4cf36ccf4a0edf8c7ea51f1840fff291c100fa5b30264eb4fb53
24,2,63448a98874dc74ea1538f04729c73bced1d652c7955c535aa4349f8589e7326,713edc79598d307eb60edaff78de729f5dc97e9cca85dbf4f30be7ecd68e7d87,b15e534714422ed790fa79714ad1262e28c4a8ddebdc82622bbcafeb6052c2ed,da64395b142fb9de2ea89e77daf53c9adc285c3dc9c81c4107849e1d7cd268a1,972b9272c2ce04727fe6eec7770146e3c6630deb1e0b97ff1012b2a26827d331,18,25,31,"[5, 6, 10, 12, 14, 18, 20, 21, 25, 26, 29, 31, 32, 36, 39, 42, 47, 52]",bd69b7ec39779d58570e512af1f67aa6446a22416fe66f2f2bf49c2665ebac5d,1.0,315dbdd87ce4799e24e2491455488036877adc3cfd97fd7c550a270c21c3aea0,11f4d0f4f43c4cf36ccf4a0edf8c7ea51f1840fff291c100fa5b30264eb4fb53
27,2,63448a98874dc74ea1538f04729c73bced1d652c7955c535aa4349f8589e7326,8169656d5e464c8828733635d9a0a5a98a2a0df1c4ef5db4a763f73fd5343e39,f9193038d20bf5e106801a00504cf81cc47b4a86e6cd48237f6e3d55ca904b0c,b08e0d6e90e897cd5359d1c9c24347ff9e0833994fe00c994986ea6366ad6f03,131e0488a2edc1954680b17f87de7fa896cca7f8bff4e9bfe0628e28f2060fc8,5,12,32,"[5, 6, 10, 12, 14, 18, 20, 21, 25, 26, 29, 31, 32, 36, 39, 42, 47, 52]",bd69b7ec39779d58570e512af1f67aa6446a22416fe66f2f2bf49c2665ebac5d,1.0,315dbdd87ce4799e24e2491455488036877adc3cfd97fd7c550a270c21c3aea0,11f4d0f4f43c4cf36ccf4a0edf8c7ea51f1840fff291c100fa5b30264eb4fb53
28,2,63448a98874dc74ea1538f04729c73bced1d652c7955c535aa4349f8589e7326,376656d78b127b15e5aa74f91a3d064ebd7e280268641195a8505c85a2246b5a,bfe3d29a6b422c4ab141bf73be24f56a1b9d54a34310b9e7daff7b508842c444,9cc0be9a54defe8e2e05db8f49c0f779dbd337fe9c32b09e07e05625b11dc457,9d290531f920264e7b7725c117716e5ee853e02acb917799b0eb28159a37abbb,12,25,36,"[5, 6, 10, 12, 14, 18, 20, 21, 25, 26, 29, 31, 32, 36, 39, 42, 47, 52]",bd69b7ec39779d58570e512af1f67aa6446a22416fe66f2f2bf49c2665ebac5d,1.0,315dbdd87ce4799e24e2491455488036877adc3cfd97fd7c550a270c21c3aea0,11f4d0f4f43c4cf36ccf4a0edf8c7ea51f1840fff291c100fa5b30264eb4fb53
30,2,63448a98874dc74ea1538f04729c73bced1d652c7955c535aa4349f8589e7326,7237d6d20b0a0e57a3ff42807de5fea4072d3296c36ff268c87c25b0540be617,e702d094bceec7cd645259cc0deb73b650bcee252aac627633146719fa4b9805,844efabb095bcd21fdef49be1b276a1c166cf454434802f6ae3c2bbcdbb53ebe,7e941448d3e2f4535ece155dcbd845e57a309d18c9337fb804a5303d9be9ce34,29,36,39,"[5, 6, 10, 12, 14, 18, 20, 21, 25, 26, 29, 31, 32, 36, 39, 42, 47, 52]",bd69b7ec39779d58570e512af1f67aa6446a22416fe66f2f2bf49c2665ebac5d,1.0,315dbdd87ce4799e24e2491455488036877adc3cfd97fd7c550a270c21c3aea0,11f4d0f4f43c4cf36ccf4a0edf8c7ea51f1840fff291c100fa5b30264eb4fb53
34,2,63448a98874dc74ea1538f04729c73bced1d652c7955c535aa4349f8589e7326,f2e4fb8775ee2c64c41431275136df4c3519f9008368cb72b53c86eb66408c4c,5a9e5cf605f4982d1776a9f36fc642838fa272069c400f11bfc87f8d40a9437a,c485e23b6b3c4e37c36fb1a4517b773b3c1d43afd0c0634f1c8bfa1a8e1a86bc,683932b7237fb7758dab22af21438eedb39a6590f3507bb526620dd7c877bf61,10,39,47,"[5, 6, 10, 12, 14, 18, 20, 21, 25, 26, 29, 31, 32, 36, 39, 42, 47, 52]",bd69b7ec39779d58570e512af1f67aa6446a22416fe66f2f2bf49c2665ebac5d,1.0,315dbdd87ce4799e24e2491455488036877adc3cfd97fd7c550a270c21c3aea0,11f4d0f4f43c4cf36ccf4a0edf8c7ea51f1840fff291c100fa5b30264eb4fb53
35,2,63448a98874dc74ea1538f04729c73bced1d652c7955c535aa4349f8589e7326,8e6d33876667c51282f060cf8500e41154ca443c71388cdd9f82a110f196afbf,335368322159cd6cb67a6ac46211543689d91c0d24f9371c51fef891fe8f6b76,8ba7d58171a640ad51b654c2a258e1391bc575979105115655c6202edcd06827,5dcc1c3f5fcc5daa64d51f7499d5fb7c5be9676bccdb174a47a7c967a3972895,18,20,21,"[5, 6, 10, 12, 14, 18, 20, 21, 25, 26, 29, 31, 32, 36, 39, 42, 47, 52]",bd69b7ec39779d58570e512af1f67aa6446a22416fe66f2f2bf49c2665ebac5d,1.0,315dbdd87ce4799e24e2491455488036877adc3cfd97fd7c550a270c21c3aea0,11f4d0f4f43c4cf36ccf4a0edf8c7ea51f1840fff291c100fa5b30264eb4fb53
37,2,63448a98874dc74ea1538f04729c73bced1d652c7955c535aa4349f8589e7326,87d089757ef2dab610b75a5b9019efc9efd36282775c549fa0543d21ecb08488,c2280f10714c3d8951c1b616472e7f2de56a35f25b08ce36a8f1633d2c98471b,fce8288277e2f50af4537c60270313e1a24004e352050a387449324ef5afef86,4bceab10de1ce062ac0687a86507c3633675f8c3e516d3c231ed9348890cdb78,6,47,52,"[5, 6, 10, 12, 14, 18, 20, 21, 25, 26, 29, 31, 32, 36, 39, 42, 47, 52]",bd69b7ec39779d58570e512af1f67aa6446a22416fe66f2f2bf49c2665ebac5d,1.0,315dbdd87ce4799e24e2491455488036877adc3cfd97fd7c550a270c21c3aea0,11f4d0f4f43c4cf36ccf4a0edf8c7ea51f1840fff291c100fa5b30264eb4fb53
40,2,63448a98874dc74ea1538f04729c73bced1d652c7955c535aa4349f8589e7326,252df7665dc49d99ed9c0a3f78cbd2ff68be2bca7795d462ea3abe909b3d06ea,5dbc387b398dc9629ac65f525dad293963e1ec5c5e8dbe34a5cf4111d9e634b2,c35f0d2c44694dd50066c6ab1ee2e8942e644f8693b437022c028c548c533506,868b54381d7c4febdd86affc8e7a14fdc6090e6bc678ee311f8ffd0de0d7df40,6,12,52,"[5, 6, 10, 12, 14, 18, 20, 21, 25, 26, 29, 31, 32, 36, 39, 42, 47, 52]",bd69b7ec39779d58570e512af1f67aa6446a22416fe66f2f2bf49c2665ebac5d,1.0,315dbdd87ce4799e24e2491455488036877adc3cfd97fd7c550a270c21c3aea0,11f4d0f4f43c4cf36ccf4a0edf8c7ea51f1840fff291c100fa5b30264eb4fb53
41,2,63448a98874dc74ea1538f04729c73bced1d652c7955c535aa4349f8589e7326,70adc789dab405c25016a3b61e88a755245abf2115da365a11453b85a01e4afb,49063ea64b680c8aa8d33aa9920b129e835da92e49dded43a1c4ff3156095710,b020929df263fbfed9673794a953abadec49245e142dbed6b8f7156902b49a31,5e35d3a1e12c140e722cf86f65fc0d1bf0854872375941e114cc66f8d31864df,14,18,39,"[5, 6, 10, 12, 14, 18, 20, 21, 25, 26, 29, 31, 32, 36, 39, 42, 47, 52]",bd69b7ec39779d58570e512af1f67aa6446a22416fe66f2f2bf49c2665ebac5d,1.0,315dbdd87ce4799e24e2491455488036877adc3cfd97fd7c550a270c21c3aea0,11f4d0f4f43c4cf36ccf4a0edf8c7ea51f1840fff291c100fa5b30264eb4fb53
43,2,63448a98874dc74ea1538f04729c73bced1d652c7955c535aa4349f8589e7326,f9611162a4b60ec15a51cee412936f18534451d455fa72b1b9eebd6806a90860,5a7a84fe2543740ffdcef519047ca1fb8f7410aadb12b0f067e274f8d01c2631,294252cb3e50ba43ed084fd939fa4b1c0cbfb5cd9a229034e8477edde331d102,49354e67f9814e55c5fb7f9c2da3876946278025e82fd5a52d35c088f82c7435,5,20,21,"[5, 6, 10, 12, 14, 18, 20, 21, 25, 26, 29, 31, 32, 36, 39, 42, 47, 52]",bd69b7ec39779d58570e512af1f67aa6446a22416fe66f2f2bf49c2665ebac5d,1.0,315dbdd87ce4799e24e2491455488036877adc3cfd97fd7c550a270c21c3aea0,11f4d0f4f43c4cf36ccf4a0edf8c7ea51f1840fff291c100fa5b30264eb4fb53
44,2,63448a98874dc74ea1538f04729c73bced1d652c7955c535aa4349f8589e7326,85aacbdce0431267634a9e4efcc1537f18502dbe611eda4b3bc6e7cbde7f92dc,7756712364d94c0f89dbc3dedcb3775be4aa1cde4de6f886cb4e037e0c3ebf36,67463fb47986c91036365a4cd16e2afbb963723973832ce90d2c3700744ad660,c52fd466cb47fa0624e11f5370831d1f84d23df7370039e035591166fe8c5c95,10,12,21,"[5, 6, 10, 12, 14, 18, 20, 21, 25, 26, 29, 31, 32, 36, 39, 42, 47, 52]",bd69b7ec39779d58570e512af1f67aa6446a22416fe66f2f2bf49c2665ebac5d,1.0,315dbdd87ce4799e24e2491455488036877adc3cfd97fd7c550a270c21c3aea0,11f4d0f4f43c4cf36ccf4a0edf8c7ea51f1840fff291c100fa5b30264eb4fb53
46,2,63448a98874dc74ea1538f04729c73bced1d652c7955c535aa4349f8589e7326,cc2318a809f35930be759271e2d528ec7585208ac2a03ead7d92abf7e9fe14ec,ea3f7f0919137a147d4130a5077fda25d95108941b2a6db42f6c28b9a87347d8,ca59fb84cbbc0965c04f9469a95c3719db918a07d0d1a55172b846fa220ce6d5,49aa026e91cd274cb9717fa690a1b6693a1cebf59acfc8305bf98f6a009fc61a,14,36,39,"[5, 6, 10, 12, 14, 18, 20, 21, 25, 26, 29, 31, 32, 36, 39, 42, 47, 52]",bd69b7ec39779d58570e512af1f67aa6446a22416fe66f2f2bf49c2665ebac5d,1.0,315dbdd87ce4799e24e2491455488036877adc3cfd97fd7c550a270c21c3aea0,11f4d0f4f43c4cf36ccf4a0edf8c7ea51f1840fff291c100fa5b30264eb4fb53
48,2,63448a98874dc74ea1538f04729c73bced1d652c7955c535aa4349f8589e7326,42b08ec44e35e730c35fd1421cb16ef14484dd60a12410f1fe93bf85c9ecc273,c836684d859dd55f7e384324f8123acbc47a9c712261b24a68b95810c47b052b,5b7a6b470ceba21a6ed91934b2b08ca8b0550cd352a0e9890df659f1f3060551,a049e348adbbcfe7e2e20732045269c9215e9b1c98b0fee5bcd8b06134f0d0c6,12,21,36,"[5, 6, 10, 12, 14, 18, 20, 21, 25, 26, 29, 31, 32, 36, 39, 42, 47, 52]",bd69b7ec39779d58570e512af1f67aa6446a22416fe66f2f2bf49c2665ebac5d,1.0,315dbdd87ce4799e24e2491455488036877adc3cfd97fd7c550a270c21c3aea0,11f4d0f4f43c4cf36ccf4a0edf8c7ea51f1840fff291c100fa5b30264eb4fb53
49,2,63448a98874dc74ea1538f04729c73bced1d652c7955c535aa4349f8589e7326,f39175a70eaf2609fee9b977a0b4383553d7c07abfcb0eb04d878b47531d907f,1ec8df298ba33eb0b5f9307ae25e997fd8c1358fc0412f236b23886eae0d3ac0,782bd66b17d74b9c79a7cc658a303e934f52f44f83ee92675a6283ef7a72ed60,33de14d3af007e5e9932820b93429032495852f0aee94f45654bfd39d7f49385,18,25,26,"[5, 6, 10, 12, 14, 18, 20, 21, 25, 26, 29, 31, 32, 36, 39, 42, 47, 52]",bd69b7ec39779d58570e512af1f67aa6446a22416fe66f2f2bf49c2665ebac5d,1.0,315dbdd87ce4799e24e2491455488036877adc3cfd97fd7c550a270c21c3aea0,11f4d0f4f43c4cf36ccf4a0edf8c7ea51f1840fff291c100fa5b30264eb4fb53
50,2,63448a98874dc74ea1538f04729c73bced1d652c7955c535aa4349f8589e7326,70bb2b1e883e4231ea00ab27414aa350d71b9e2834ba5252525673e88251b48e,bcb0bb0948c38ddb07fc2fc0db6b0bcb8e26aacf5710011fe6a52383989b4ec3,1b4e8ed05db5c46c9f1ada886f2a145024b227429bdb858c745a553168462011,fb8d90a9611fa76c1ef0dfff79dce420d716819bdb1bbc4b01f0de610a16484b,6,14,42,"[5, 6, 10, 12, 14, 18, 20, 21, 25, 26, 29, 31, 32, 36, 39, 42, 47, 52]",bd69b7ec39779d58570e512af1f67aa6446a22416fe66f2f2bf49c2665ebac5d,1.0,315dbdd87ce4799e24e2491455488036877adc3cfd97fd7c550a270c21c3aea0,11f4d0f4f43c4cf36ccf4a0edf8c7ea51f1840fff291c100fa5b30264eb4fb53
1,3,35facfbaa2e64cf4480a0c12c6ef157cc29cd62603dee44c6989ff4c79f3b49b,db9492c1eb8ccab3567dec7efcaf6d496f93fd6c70aa28e2625d385c58675073,7970b6e60550b77a4a5d15c28e88d61b7ef93f16791ffb24771e8b5ec44470b5,4b1e961b089db4438937a6dfeb97fe6a10fb0f328bf746a9486b098774a0986b,64e15d7a8b9ee6f7a92a78eb51b8721bd888a4b5ada795d0cf57207b177359b3,29,36,42,"[5, 6, 10, 12, 14, 18, 20, 21, 25, 26, 29, 31, 32, 36, 39, 42, 47, 52]",e73015d7eefb6bb5c0d064e6cac42db09e34b1a64ef8ce9e7570420a675daf92,1.0,315dbdd87ce4799e24e2491455488036877adc3cfd97fd7c550a270c21c3aea0,11f4d0f4f43c4cf36ccf4a0edf8c7ea51f1840fff291c100fa5b30264eb4fb53
4,3,35facfbaa2e64cf4480a0c12c6ef157cc29cd62603dee44c6989ff4c79f3b49b,8e40ca38a956aa29bb068df60b9e0dc614c43d0cf2425f3f06fddf34d9bf9aaf,15484e4472c7f0c8bc015f0c84c0f5e5beedd0d1afc704230b1f657b2f96c179,495349093da0ca2e0732e1c952d21e1b409f6f402559482bd4ceb1b5760d5479,b9d464a9ee02c1e1e1cb36c1a54c7aeb190d2182c0cf023ab3132c7a52f84b95,6,18,32,"[5, 6, 10, 12, 14, 18, 20, 21, 25, 26, 29, 31, 32, 36, 39, 42, 47, 52]",e73015d7eefb6bb5c0d064e6cac42db09e34b1a64ef8ce9e7570420a675daf92,1.0,315dbdd87ce4799e24e2491455488036877adc3cfd97fd7c550a270c21c3aea0,11f4d0f4f43c4cf36ccf4a0edf8c7ea51f1840fff291c100fa5b30264eb4fb53
7,3,35facfbaa2e64cf4480a0c12c6ef157cc29cd62603dee44c6989ff4c79f3b49b,b8504d8c47e355e31bd3f45f6141cae9cb6120f5285baa455a845655221bfa35,ca45d05700f0804f11fc7211b037b1d5c86183947e290d30602d69a0974aa36f,279687be030b8c00e603a305217f859a3a76fa2351e837b3e82c44ba58680aa9,a13456ed9628439bb65da03e18ffb5c33017763fac9cb306066a31bf1fce6c37,12,14,36,"[5, 6, 10, 12, 14, 18, 20, 21, 25, 26, 29, 31, 32, 36, 39, 42, 47, 52]",e73015d7eefb6bb5c0d064e6cac42db09e34b1a64ef8ce9e7570420a675daf92,1.0,315dbdd87ce4799e24e2491455488036877adc3cfd97fd7c550a270c21c3aea0,11f4d0f4f43c4cf36ccf4a0edf8c7ea51f1840fff291c100fa5b30264eb4fb53
11,3,35facfbaa2e64cf4480a0c12c6ef157cc29cd62603dee44c6989ff4c79f3b49b,a9a97b3faf9288bfe78430eca68dedd59bf0d6cb951e83202a8db1f318abf4ad,ed260afa342b74d6694a744751ab028dbe4cff7248d34410d6d84befc8476a85,1deaea1a862c5f5a518314e27e4cd7bb588731d27fe392c88bdffb50abdced78,c4f27b886388e69f68fa00f8403740a09805f467e6d621a6d279212104d3db80,6,36,42,"[5, 6, 10, 12, 14, 18, 20, 21, 25, 26, 29, 31, 32, 36, 39, 42, 47, 52]",e73015d7eefb6bb5c0d064e6cac42db09e34b1a64ef8ce9e7570420a675daf92,1.0,315dbdd87ce4799e24e2491455488036877adc3cfd97fd7c550a270c21c3aea0,11f4d0f4f43c4cf36ccf4a0edf8c7ea51f1840fff291c100fa5b30264eb4fb53
13,3,35facfbaa2e64cf4480a0c12c6ef157cc29cd62603dee44c6989ff4c79f3b49b,96ed7661129b946947e709c59834105a23ee83c4822ea0d6b57784c4f7f42413,a5fdc950903cc185cd404371cff02c784d17649612642fbd237cb3d07ec0c3ac,2ab0f44e26faa4dea93351cd61810359aa9a0cc5882ee4b75ace0ca7f0a21cdb,195df690eecccf4c2ca28a8f134ee8e17094939deb59ad62281dfe9ad0af64b8,20,25,39,"[5, 6, 10, 12, 14, 18, 20, 21, 25, 26, 29, 31, 32, 36, 39, 42, 47, 52]",e73015d7eefb6bb5c0d064e6cac42db09e34b1a64ef8ce9e7570420a675daf92,1.0,315dbdd87ce4799e24e2491455488036877adc3cfd97fd7c550a270c21c3aea0,11f4d0f4f43c4cf36ccf4a0edf8c7ea51f1840fff291c100fa5b30264eb4fb53
15,3,35facfbaa2e64cf4480a0c12c6ef157cc29cd62603dee44c6989ff4c79f3b49b,74482b02305886ad78c3ac6ca78c4ac72a6f5c7908cf71163ab67da68209bf2b,b32aa9c891784ed7afcb932f9642f3f68b1b304732be9d71226ea5ad41b84e14,318f4adf1e3923bc90887afdd4698de301f1e08c24d48c62d17b41890a4b734f,1cfb3ffebc1f0af1fa2771a20af33603024ed808e3a159290f25f46c1cfd82d5,12,26,39,"[5, 6, 10, 12, 14, 18, 20, 21, 25, 26, 29, 31, 32, 36, 39, 42, 47, 52]",e73015d7eefb6bb5c0d064e6cac42db09e34b1a64ef8ce9e7570420a675daf92,1.0,315dbdd87ce4799e24e2491455488036877adc3cfd97fd7c550a270c21c3aea0,11f4d0f4f43c4cf36ccf4a0edf8c7ea51f1840fff291c100fa5b30264eb4fb53
19,3,35facfbaa2e64cf4480a0c12c6ef157cc29cd62603dee44c6989ff4c79f3b49b,441fd85d57e4f00b6637ab54c93ccc1bcb7db22c6428e331916de00cd11cf87c,d1b4ae242ba83918488b705fd69a3c3ffb7646471ccb316310e07e9e4ab69b38,ed519d8d91005688aeb5a7acb7e7d335460c04f9113d1ea4cdc70830d16413f6,4b3a4d1eb0a77ac8e75742271130c97c649afbf514a73e2fe59bfedb4b97f2d5,25,26,32,"[5, 6, 10, 12, 14, 18, 20, 21, 25, 26, 29, 31, 32, 36, 39, 42, 47, 52]",e73015d7eefb6bb5c0d064e6cac42db09e34b1a64ef8ce9e7570420a675daf92,1.0,315dbdd87ce4799e24e2491455488036877adc3cfd97fd7c550a270c21c3aea0,11f4d0f4f43c4cf36ccf4a0edf8c7ea51f1840fff291c100fa5b30264eb4fb53
22,3,35facfbaa2e64cf4480a0c12c6ef157cc29cd62603dee44c6989ff4c79f3b49b,f6428a4e937b047cf98daa341449b775def0b6cf47ba04b5283192fd576cda8c,8a0d9959442aa69152a6a3d5925fa4c1c51d9857f4318e9ae41593dbcbb9f8c3,68c8907dfb21daf4938a37ca05b6de0470b5a48833ac00a301f28a29a281bacb,0f43fe195fb3e13b8b4931e02811da6a8af86ca28415cf73e3f8cae3ba5506e3,25,29,39,"[5, 6, 10, 12, 14, 18, 20, 21, 25, 26, 29, 31, 32, 36, 39, 42, 47, 52]",e73015d7eefb6bb5c0d064e6cac42db09e34b1a64ef8ce9e7570420a675daf92,1.0,315dbdd87ce4799e24e2491455488036877adc3cfd97fd7c550a270c21c3aea0,11f4d0f4f43c4cf36ccf4a0edf8c7ea51f1840fff291c100fa5b30264eb4fb53
23,3,35facfbaa2e64cf4480a0c12c6ef157cc29cd62603dee44c6989ff4c79f3b49b,cc2a1aab52cd4473f99f74b980ec84152f6713b17fa0b4bcb029aa7d02e34e2b,7dfaeaec9c0a8e7a36f698f8ba8996e259dd28f10bb84dafdb67fd399ec12437,da577aa0578d442121451b8340fe56a14f2e1fbb73f919a5d44c97d9cbff74e5,a591d41a1d1cbc0a52a1a27af34de51605a57408b9d223ce57a790a17b83d632,6,14,26,"[5, 6, 10, 12, 14, 18, 20, 21, 25, 26, 29, 31, 32, 36, 39, 42, 47, 52]",e73015d7eefb6bb5c0d064e6cac42db09e34b1a64ef8ce9e7570420a675daf92,1.0,315dbdd87ce4799e24e2491455488036877adc3cfd97fd7c550a270c21c3aea0,11f4d0f4f43c4cf36ccf4a0edf8c7ea51f1840fff291c100fa5b30264eb4fb53
24,3,35facfbaa2e64cf4480a0c12c6ef157cc29cd62603dee44c6989ff4c79f3b49b,403bd4b4dbb9ce24e0710ab44918c394d4f2623f97b62ce5bcd4b9f3723ddbc6,5406d1f834548d09582811e4c9faa474c990b26ff4cb5dbee4dc4dcf245f8169,ecb6e0c1cf167d9cfd55a6daab1d34c4a2ad49d6da458bab9db6b3138d4829cc,40b49401e7ecfc34ebc77975eef8677db7627c56122b1016de201e0865bc22bb,14,18,25,"[5, 6, 10, 12, 14, 18, 20, 21, 25, 26, 29, 31, 32, 36, 39, 42, 47, 52]",e73015d7eefb6bb5c0d064e6cac42db09e34b1a64ef8ce9e7570420a675daf92,1.0,315dbdd87ce4799e24e2491455488036877adc3cfd97fd7c550a270c21c3aea0,11f4d0f4f43c4cf36ccf4a0edf8c7ea51f1840fff291c100fa5b30264eb4fb53
27,3,35facfbaa2e64cf4480a0c12c6ef157cc29cd62603dee44c6989ff4c79f3b49b,3014a20e75f65a66b4600de9accb9431d4a77056ceea214032bcc3e4824318bd,0a2aa148f0fc0265d74497eda15560dd4be9b4e05a7087bbde1389274d3bfd05,3c51ce091c39bab56b34f2a651d0a8a43a4c9ddb27decf130244c68262ff1716,2f6d811d8970f949e7537323d34b5f0630f159275158c04ae219007f1102a88d,29,36,52,"[5, 6, 10, 12, 14, 18, 20, 21, 25, 26, 29, 31, 32, 36, 39, 42, 47, 52]",e73015d7eefb6bb5c0d064e6cac42db09e34b1a64ef8ce9e7570420a675daf92,1.0,315dbdd87ce4799e24e2491455488036877adc3cfd97fd7c550a270c21c3aea0,11f4d0f4f43c4cf36ccf4a0edf8c7ea51f1840fff291c100fa5b30264eb4fb53
28,3,35facfbaa2e64cf4480a0c12c6ef157cc29cd62603dee44c6989ff4c79f3b49b,3d0d631ba1b130f109ef2381dee82b286b1631d44b30db9009e46f4960678ad1,28e0e2ae0a10767ee0e8fe5a76f40867c63091ee0343802500b7dd620ea9caca,c72ddd508d48b8ff78b92066a7b6c3292e30106a9a13fe2f0ca2351a3f2e6a05,a6929f4b47ef04fd056f0824df581c6ca95c41c5a62eeb8ada9a26a9cf4667a6,10,25,26,"[5, 6, 10, 12, 14, 18, 20, 21, 25, 26, 29, 31, 32, 36, 39, 42, 47, 52]",e73015d7eefb6bb5c0d064e6cac42db09e34b1a64ef8ce9e7570420a675daf92,1.0,315dbdd87ce4799e24e2491455488036877adc3cfd97fd7c550a270c21c3aea0,11f4d0f4f43c4cf36ccf4a0edf8c7ea51f1840fff291c100fa5b30264eb4fb53
30,3,35facfbaa2e64cf4480a0c12c6ef157cc29cd62603dee44c6989ff4c79f3b49b,e93cae9cb46548f6b1fa6e69672932f309df86b28ba945b2d1e9a4cfbf9bddb9,7c1f0a0d309d4dbba39ab223817c1fcca75c0163105cd1f383c969be52e63833,7fed8a9aeddc23c569652914249598a7b497f82d618d4361b0ec4c810934887e,f77dc2011d048f76017b0a84ba69f9a2f2abb80aeb2ef8f9ba2b4e5a38e3a547,5,6,29,"[5, 6, 10, 12, 14, 18, 20, 21, 25, 26, 29, 31, 32, 36, 39, 42, 47, 52]",e73015d7eefb6bb5c0d064e6cac42db09e34b1a64ef8ce9e7570420a675daf92,1.0,315dbdd87ce4799e24e2491455488036877adc3cfd97fd7c550a270c21c3aea0,11f4d0f4f43c4cf36ccf4a0edf8c7ea51f1840fff291c100fa5b30264eb4fb53
34,3,35facfbaa2e64cf4480a0c12c6ef157cc29cd62603dee44c6989ff4c79f3b49b,0cf94d347d0ab36436cc7219127ab169a6ade99d80ff8365df12a12200951929,da9e17a76ce6a4a3faff29ecd1dea202a374d5adabb6cc23b02ced73a407b552,f40d6fa513847a64686432d8c3809f6dfe6fabe947db603672424a046b10aebb,fede58dd17d1726987c4b93cbb5f426c607c2b274ca3334e5f331c0d60c8023d,5,6,18,"[5, 6, 10, 12, 14, 18, 20, 21, 25, 26, 29, 31, 32, 36, 39, 42, 47, 52]",e73015d7eefb6bb5c0d064e6cac42db09e34b1a64ef8ce9e7570420a675daf92,1.0,315dbdd87ce4799e24e2491455488036877adc3cfd97fd7c550a270c21c3aea0,11f4d0f4f43c4cf36ccf4a0edf8c7ea51f1840fff291c100fa5b30264eb4fb53
35,3,35facfbaa2e64cf4480a0c12c6ef157cc29cd62603dee44c6989ff4c79f3b49b,5e29bed74cf83008117f666c74095224df63c2474715b5db29a7da4986a14e85,1af38585edeb93f49ed653f34ca431ae2ba91f9d43a8916d570335ec7fd444fa,0819d1339ca8c92e2e5b576912ef6df2a011b97d3cee3ca13b194fe3ae5fa8b0,25cd8d9681a3c8b44bcf9e982ae393bded5a398b4d08c5e5278db39ab3d12ef6,36,39,42,"[5, 6, 10, 12, 14, 18, 20, 21, 25, 26, 29, 31, 32, 36, 39, 42, 47, 52]",e73015d7eefb6bb5c0d064e6cac42db09e34b1a64ef8ce9e7570420a675daf92,1.0,315dbdd87ce4799e24e2491455488036877adc3cfd97fd7c550a270c21c3aea0,11f4d0f4f43c4cf36ccf4a0edf8c7ea51f1840fff291c100fa5b30264eb4fb53
37,3,35facfbaa2e64cf4480a0c12c6ef157cc29cd62603dee44c6989ff4c79f3b49b,888820a4f5dec0329b10cd07e3238f2cc58d9d9257da61d47cdf781e227c9e88,98fffe3d0365504520a4b14b458e533a24c49c5ae43185eac2aa5d5211528b14,f85f3de8324a36ba58b9e38ed907700f7457b7bff74e228e0fda18d911d8d2f9,be024b0c2035eeb7b4699b9dd869b00b4b71ffb5413107598bde6d9e51109b29,6,12,14,"[5, 6, 10, 12, 14, 18, 20, 21, 25, 26, 29, 31, 32, 36, 39, 42, 47, 52]",e73015d7eefb6bb5c0d064e6cac42db09e34b1a64ef8ce9e7570420a675daf92,1.0,315dbdd87ce4799e24e2491455488036877adc3cfd97fd7c550a270c21c3aea0,11f4d0f4f43c4cf36ccf4a0edf8c7ea51f1840fff291c100fa5b30264eb4fb53
40,3,35facfbaa2e64cf4480a0c12c6ef157cc29cd62603dee44c6989ff4c79f3b49b,0a0abc1733d648e49a173b3067223a7e5a67cca1126b6121ad66858b2f1fea3a,cce3b5f6171d3e38f76027604f8ba3cb4d79c03d824e508ce382df347cacebd3,2621275152fdf7a19c2cc004d09c59d0344b2fde79be02d5f2dc49ed6d3e0792,2e2029fd5829924e300aa14dc08eb685abdfbbeb244a1466fbfd7c5d2250d39a,10,18,39,"[5, 6, 10, 12, 14, 18, 20, 21, 25, 26, 29, 31, 32, 36, 39, 42, 47, 52]",e73015d7eefb6bb5c0d064e6cac42db09e34b1a64ef8ce9e7570420a675daf92,1.0,315dbdd87ce4799e24e2491455488036877adc3cfd97fd7c550a270c21c3aea0,11f4d0f4f43c4cf36ccf4a0edf8c7ea51f1840fff291c100fa5b30264eb4fb53
41,3,35facfbaa2e64cf4480a0c12c6ef157cc29cd62603dee44c6989ff4c79f3b49b,862b84bcc12761b3ffa5176e977998143b34bb3eb79bcc94727c921eecb8295b,2484753c89d7ed393956b6fa99e5b037ef9ee0d849c88ae54902af3943689f11,6dde01a3b2c7230ad52b7a3568607c7ba0abcc1fd9c1ae926a86746af896861e,890a3a6bd15acc79d45bd75c81bdbed41edb3d23f3038782077565c08ef989d5,18,20,39,"[5, 6, 10, 12, 14, 18, 20, 21, 25, 26, 29, 31, 32, 36, 39, 42, 47, 52]",e73015d7eefb6bb5c0d064e6cac42db09e34b1a64ef8ce9e7570420a675daf92,1.0,315dbdd87ce4799e24e2491455488036877adc3cfd97fd7c550a270c21c3aea0,11f4d0f4f43c4cf36ccf4a0edf8c7ea51f1840fff291c100fa5b30264eb4fb53
43,3,35facfbaa2e64cf4480a0c12c6ef157cc29cd62603dee44c6989ff4c79f3b49b,6a11db79f46bc5f773aca8e00142556fa63c4ef8304369e5900e2ce6bcb64700,42560b83aca6391cc2eeab0562ad9be9e59483a2f8083f04eab4fe18900e7cd4,e51d2687a963e793661b27396347c800dc0c8cb3534c6e6704966e6d3cd0309b,82d3dc5fc1ba0843e33f9ee62f07e42f8a4c5747842db73f8c9e080442ed2eeb,12,18,36,"[5, 6, 10, 12, 14, 18, 20, 21, 25, 26, 29, 31, 32, 36, 39, 42, 47, 52]",e73015d7eefb6bb5c0d064e6cac42db09e34b1a64ef8ce9e7570420a675daf92,1.0,315dbdd87ce4799e24e2491455488036877adc3cfd97fd7c550a270c21c3aea0,11f4d0f4f43c4cf36ccf4a0edf8c7ea51f1840fff291c100fa5b30264eb4fb53
44,3,35facfbaa2e64cf4480a0c12c6ef157cc29cd62603dee44c6989ff4c79f3b49b,35bae1b74036fa6d889207d7481278daf99a5117c9273698f6f37a9f59e1e217,a4646ae528442aeba4d7727ee0e2428dd4a20d0d22ce1259f05d73e9282d0586,c488d4322cec6475d4f87bb66298bb8a791e24a4a5246ca031b32f9c15f8651f,fad7a06ca455a09f1c08a4292d6d7f271399873c321f4ba27fab76852955d827,18,26,31,"[5, 6, 10, 12, 14, 18, 20, 21, 25, 26, 29, 31, 32, 36, 39, 42, 47, 52]",e73015d7eefb6bb5c0d064e6cac42db09e34b1a64ef8ce9e7570420a675daf92,1.0,315dbdd87ce4799e24e2491455488036877adc3cfd97fd7c550a270c21c3aea0,11f4d0f4f43c4cf36ccf4a0edf8c7ea51f1840fff291c100fa5b30264eb4fb53
46,3,35facfbaa2e64cf4480a0c12c6ef157cc29cd62603dee44c6989ff4c79f3b49b,092a16d09297edded5550ca16372aec0fa93622273398b9d3f6392c5e65f8d1b,807b586b775b49897b75e4951868a366269335752a4f41fa167ab098a0e87107,e7210317af5c615a1bdbbcbc1b1810b11340382b7753b382b31d4cc79f08efce,d69b9f121c51be491cc6462a0a0eba1dfeed8de68fb2a1d89dd525141cea7506,26,29,42,"[5, 6, 10, 12, 14, 18, 20, 21, 25, 26, 29, 31, 32, 36, 39, 42, 47, 52]",e73015d7eefb6bb5c0d064e6cac42db09e34b1a64ef8ce9e7570420a675daf92,1.0,315dbdd87ce4799e24e2491455488036877adc3cfd97fd7c550a270c21c3aea0,11f4d0f4f43c4cf36ccf4a0edf8c7ea51f1840fff291c100fa5b30264eb4fb53
48,3,35facfbaa2e64cf4480a0c12c6ef157cc29cd62603dee44c6989ff4c79f3b49b,ada5e10734a04b3a65da697a329cd463d1475364a075cc2586b7a1a7e843d350,af3b0743a5340c145fff157628c38feceb9264ba29024057bee07a27cf904faa,b2d73290ee6e01ed60de09bb37be0f86934a67fde28dd036e743bee71729efc1,49550dc62b47ee0d20ded0aa721694ad0f4b664911cf530df8aabc3425b97670,32,39,52,"[5, 6, 10, 12, 14, 18, 20, 21, 25, 26, 29, 31, 32, 36, 39, 42, 47, 52]",e73015d7eefb6bb5c0d064e6cac42db09e34b1a64ef8ce9e7570420a675daf92,1.0,315dbdd87ce4799e24e2491455488036877adc3cfd97fd7c550a270c21c3aea0,11f4d0f4f43c4cf36ccf4a0edf8c7ea51f1840fff291c100fa5b30264eb4fb53
49,3,35facfbaa2e64cf4480a0c12c6ef157cc29cd62603dee44c6989ff4c79f3b49b,7860fcd62a4765a5ab0547b73f47ad8ceb3c4bdd1d5afbd34d1e3c8ea0254d77,23bf49e9e20033393d0470d0468b45cade066c72b10549d94229a009daf5ac9a,1170210bee5ebc65e46e2494d4a743f3b065f57552d4be53fd2c650988603565,68d124759dba6324e1e00254934f598535f6bf39487937979654b24c02c7efd8,6,29,47,"[5, 6, 10, 12, 14, 18, 20, 21, 25, 26, 29, 31, 32, 36, 39, 42, 47, 52]",e73015d7eefb6bb5c0d064e6cac42db09e34b1a64ef8ce9e7570420a675daf92,1.0,315dbdd87ce4799e24e2491455488036877adc3cfd97fd7c550a270c21c3aea0,11f4d0f4f43c4cf36ccf4a0edf8c7ea51f1840fff291c100fa5b30264eb4fb53
50,3,35facfbaa2e64cf4480a0c12c6ef157cc29cd62603dee44c6989ff4c79f3b49b,562f73b87c55e9b01ac8528d9f04f4f60453f0c9f4c8002bb264bb56d8ecef5d,1a266b5dfbb6b41ad2fb8fafe19b14f476b3a2759abcd5339655fd791c7001e1,dc3ef17a6ee090462989671e00eebf4c1a60fb9e39ae78e872473ab7f4f72339,38f4bfec4baad2bd75c007e28d10e7ef813942f5f9cba1662df196d334fb57ed,10,20,26,"[5, 6, 10, 12, 14, 18, 20, 21, 25, 26, 29, 31, 32, 36, 39, 42, 47, 52]",e73015d7eefb6bb5c0d064e6cac42db09e34b1a64ef8ce9e7570420a675daf92,1.0,315dbdd87ce4799e24e2491455488036877adc3cfd97fd7c550a270c21c3aea0,11f4d0f4f43c4cf36ccf4a0edf8c7ea51f1840fff291c100fa5b30264eb4fb53
1,4,adda88cecee29b3b19857e1ffaeb1c7dfa4f23e362a2a7cbab067f261a30e58c,9ba9d846e418b0f8583beb13126d87967a8f4a46d9710c71b2fc36b225b45a3d,0d7aabe06407fe1b322b08883544257800ace1fc329ddc51e53209195d5e3e81,b760bbbcdf75e78095ae4ca8f36a001a94a1915df834240be8f4c98840086649,8b0e4ed354f7bf79f36f3c1911dce54929e3315337f59f920e18c621e28f83a3,14,20,21,"[5, 6, 10, 12, 14, 18, 20, 21, 25, 26, 29, 31, 32, 36, 39, 42, 47, 52]",695f4052c7039cfd672ad855e804d9ae337b1df8143f7156bd901f8de2a40f50,0.1,315dbdd87ce4799e24e2491455488036877adc3cfd97fd7c550a270c21c3aea0,11f4d0f4f43c4cf36ccf4a0edf8c7ea51f1840fff291c100fa5b30264eb4fb53
4,4,adda88cecee29b3b19857e1ffaeb1c7dfa4f23e362a2a7cbab067f261a30e58c,268ec04b552bd30cefa2a68e915227facb93bc684a006df843a79908ada0e5c7,85a4afcfce71d26df097237eda01c623819b4619974dc1f4bb13d18c634ee5e9,9ebb0a939d973badcd77e47f0e4bd82233aa0838a3a38f0ba3fe0649f7b47144,1a94686631ae92bb4d9aed00bd9c07bcb31f74c1e41f5fa155c83b54d0598cd4,6,29,32,"[5, 6, 10, 12, 14, 18, 20, 21, 25, 26, 29, 31, 32, 36, 39, 42, 47, 52]",695f4052c7039cfd672ad855e804d9ae337b1df8143f7156bd901f8de2a40f50,0.1,315dbdd87ce4799e24e2491455488036877adc3cfd97fd7c550a270c21c3aea0,11f4d0f4f43c4cf36ccf4a0edf8c7ea51f1840fff291c100fa5b30264eb4fb53
7,4,adda88cecee29b3b19857e1ffaeb1c7dfa4f23e362a2a7cbab067f261a30e58c,5e768176f07a13330411abb5df9fac5fe154a66221c7e1949e4b458157455184,15da130eaf9e7d1d78c7842780d82c1d149450e1bb297ea7afaf5748f2880d81,b4a878962637cbaf3f32cdfce8255c6606d653644cec3f70ea8aa6fb12ce3735,1f7ff0a376bcf87bfcfad7f79fde35fc408c1cd03b61b7fabce1f33e2aa2e6fd,12,25,47,"[5, 6, 10, 12, 14, 18, 20, 21, 25, 26, 29, 31, 32, 36, 39, 42, 47, 52]",695f4052c7039cfd672ad855e804d9ae337b1df8143f7156bd901f8de2a40f50,0.1,315dbdd87ce4799e24e2491455488036877adc3cfd97fd7c550a270c21c3aea0,11f4d0f4f43c4cf36ccf4a0edf8c7ea51f1840fff291c100fa5b30264eb4fb53
11,4,adda88cecee29b3b19857e1ffaeb1c7dfa4f23e362a2a7cbab067f261a30e58c,2a3201c3c18dde4d49bb4775c3a7efc1faeadedb4f98e9530f99e08714c89c43,c8061e27bf5d15b43af4e994e14e9a61b0c4a791af96e3006ab0d173e06c5ee6,68b2bc94a22d799208f6f0453655910a3092982c4de6581a32e2f0fadf9da35d,83a9a73e0d717e5911d29f93a8cb6561790d451fed0b6b4e81bad4158111c4ba,6,20,32,"[5, 6, 10, 12, 14, 18, 20, 21, 25, 26, 29, 31, 32, 36, 39, 42, 47, 52]",695f4052c7039cfd672ad855e804d9ae337b1df8143f7156bd901f8de2a40f50,0.1,315dbdd87ce4799e24e2491455488036877adc3cfd97fd7c550a270c21c3aea0,11f4d0f4f43c4cf36ccf4a0edf8c7ea51f1840fff291c100fa5b30264eb4fb53
13,4,adda88cecee29b3b19857e1ffaeb1c7dfa4f23e362a2a7cbab067f261a30e58c,219fa7c214bab4e91244e18d274e81517a0014cd907e5103314ec65497c544d0,8e20c4378551936ca58457a0619865af7069a575a6a1ddfb1ca7ac80854c92c0,3c28957a6a58ad6eec7a258b0e0e5e58579b9edfd988ec10b5d83d34d1ce071a,d82ef2fd1aa37e503f8a6336211dd7a9803510d88bd3a29dfc81bb167143aeb1,10,25,29,"[5, 6, 10, 12, 14, 18, 20, 21, 25, 26, 29, 31, 32, 36, 39, 42, 47, 52]",695f4052c7039cfd672ad855e804d9ae337b1df8143f7156bd901f8de2a40f50,0.1,315dbdd87ce4799e24e2491455488036877adc3cfd97fd7c550a270c21c3aea0,11f4d0f4f43c4cf36ccf4a0edf8c7ea51f1840fff291c100fa5b30264eb4fb53
15,4,adda88cecee29b3b19857e1ffaeb1c7dfa4f23e362a2a7cbab067f261a30e58c,414a8a208c1c7d89a23c667b8e43fc2af7d0738ad6fecb03749b57bbb67887ac,859128bc6ca798e81131ddf98a1a6d2efdd695b594bacbdd2880be2c806ce277,aff854b56a0e81020ae12cbbd62c09e9db8ff8ef3ce1251f5436a8f4583449a2,02f7e7da8450695ebce6ddd743d5f19075b48779dd3bd99d6fa6ec589dd826d4,12,20,47,"[5, 6, 10, 12, 14, 18, 20, 21, 25, 26, 29, 31, 32, 36, 39, 42, 47, 52]",695f4052c7039cfd672ad855e804d9ae337b1df8143f7156bd901f8de2a40f50,0.1,315dbdd87ce4799e24e2491455488036877adc3cfd97fd7c550a270c21c3aea0,11f4d0f4f43c4cf36ccf4a0edf8c7ea51f1840fff291c100fa5b30264eb4fb53
19,4,adda88cecee29b3b19857e1ffaeb1c7dfa4f23e362a2a7cbab067f261a30e58c,6a219235e7e1e8fad22219638210d9c8b29b891bab5775bfc3816591bffe7565,46b6a57561f2a2a787a6bd3b21c32755aeee573cb782a6e7010752b10671f8b0,12060fdbef13b10b9485ea2c3ce7fda446c4fc4621182624f08ba292fe6564ae,a55b4737127bb594f9ed1b9e1f273cb8aa71e9f03e7e425325dd5e3582193bbc,29,32,36,"[5, 6, 10, 12, 14, 18, 20, 21, 25, 26, 29, 31, 32, 36, 39, 42, 47, 52]",695f4052c7039cfd672ad855e804d9ae337b1df8143f7156bd901f8de2a40f50,0.1,315dbdd87ce4799e24e2491455488036877adc3cfd97fd7c550a270c21c3aea0,11f4d0f4f43c4cf36ccf4a0edf8c7ea51f1840fff291c100fa5b30264eb4fb53
22,4,adda88cecee29b3b19857e1ffaeb1c7dfa4f23e362a2a7cbab067f261a30e58c,90097c04f5e6ba9204b336a3c0c6dfa2cc505acda3e623a61a62fe968c11e283,2ef43c4e82d50f3e1210952ca083e2c751d6dea4116c6befd14e4b97e84e8b93,134e4b8f8735b9357f63ee4e67a8272df6d7b3d9dcc0b383e0e9ee19f5879f4a,4096651aea365500928b59258ae775c040ab668d9a2a198e029667d18bc59da9,14,26,29,"[5, 6, 10, 12, 14, 18, 20, 21, 25, 26, 29, 31, 32, 36, 39, 42, 47, 52]",695f4052c7039cfd672ad855e804d9ae337b1df8143f7156bd901f8de2a40f50,0.1,315dbdd87ce4799e24e2491455488036877adc3cfd97fd7c550a270c21c3aea0,11f4d0f4f43c4cf36ccf4a0edf8c7ea51f1840fff291c100fa5b30264eb4fb53
23,4,adda88cecee29b3b19857e1ffaeb1c7dfa4f23e362a2a7cbab067f261a30e58c,2fe902e129752b397d4d16b5a21bc394b64f6fce681df9576ff8289b31b9a5a9,b5aa1c66a26ee1bb6c133c9fe7a1a3aaed6d9b24803647c76cd5cb15f375e07f,1f9ed4dd4fd73194940fba63dd190ab9095c979fba995a0ba4e70b92a764fc5c,d098c1f66271243a536eb6ffbe1116fef8a65db5a587d28e81b1f63825080fa9,25,29,47,"[5, 6, 10, 12, 14, 18, 20, 21, 25, 26, 29, 31, 32, 36, 39, 42, 47, 52]",695f4052c7039cfd672ad855e804d9ae337b1df8143f7156bd901f8de2a40f50,0.1,315dbdd87ce4799e24e2491455488036877adc3cfd97fd7c550a270c21c3aea0,11f4d0f4f43c4cf36ccf4a0edf8c7ea51f1840fff291c100fa5b30264eb4fb53
24,4,adda88cecee29b3b19857e1ffaeb1c7dfa4f23e362a2a7cbab067f261a30e58c,0dec4e65b6b36ac0b4df0539a2b2cc247e6e147e9163d7a533032ebec193a1e3,d2bfdac09623f2765dc8eb6fc9557e54f137510058891878ee0476ecb0b07b31,83271967832d6635a962c626d3954bb6aeab2bb8c5e4b5d60f81f5b991663ec5,778778dc544e3da85571ff580d7474ac8c47a3eee4ed287e8f54e438e749a517,5,14,21,"[5, 6, 10, 12, 14, 18, 20, 21, 25, 26, 29, 31, 32, 36, 39, 42, 47, 52]",695f4052c7039cfd672ad855e804d9ae337b1df8143f7156bd901f8de2a40f50,0.1,315dbdd87ce4799e24e2491455488036877adc3cfd97fd7c550a270c21c3aea0,11f4d0f4f43c4cf36ccf4a0edf8c7ea51f1840fff291c100fa5b30264eb4fb53
27,4,adda88cecee29b3b19857e1ffaeb1c7dfa4f23e362a2a7cbab067f261a30e58c,bcfa717ef738e6f2634c3d020bad3f2ab7254dc40e0b127d0dc3d9fca520b54e,f45f7a1fd545f4f5584b1dec806fe2bd38a14c09d221867800333af7c3ca0ded,32e6c57681a0dae453f40d30b736ec7cb2264886ae4ade330c2889052ecceec7,7add4bc56f9c3c8cb9c8d9ba391fd05aae5ec752a6bbc3f8be1170b840c38845,5,25,47,"[5, 6, 10, 12, 14, 18, 20, 21, 25, 26, 29, 31, 32, 36, 39, 42, 47, 52]",695f4052c7039cfd672ad855e804d9ae337b1df8143f7156bd901f8de2a40f50,0.1,315dbdd87ce4799e24e2491455488036877adc3cfd97fd7c550a270c21c3aea0,11f4d0f4f43c4cf36ccf4a0edf8c7ea51f1840fff291c100fa5b30264eb4fb53
28,4,adda88cecee29b3b19857e1ffaeb1c7dfa4f23e362a2a7cbab067f261a30e58c,50bd359188c9fc2dd964071f32015eb80f7c86901f3ef086a0a19b846e31ce92,41ed172f29ee9d76042f6de9820c15db0d34311c5a485dc23328041cbe88892e,b0c3deb5753b943e42beed77c075e43135d490165742e61456c2c358b4ac76a9,9addfdf6593fab6a7f7c7f77f050a748f9dae9960f6f76d01cb660e6c471cb78,6,20,32,"[5, 6, 10, 12, 14, 18, 20, 21, 25, 26, 29, 31, 32, 36, 39, 42, 47, 52]",695f4052c7039cfd672ad855e804d9ae337b1df8143f7156bd901f8de2a40f50,0.1,315dbdd87ce4799e24e2491455488036877adc3cfd97fd7c550a270c21c3aea0,11f4d0f4f43c4cf36ccf4a0edf8c7ea51f1840fff291c100fa5b30264eb4fb53
30,4,adda88cecee29b3b19857e1ffaeb1c7dfa4f23e362a2a7cbab067f261a30e58c,880b75cb8e56c6348952ea7cbf670e8289f2071eefa6cc80ebcdd756074ea600,651971b16042cd26cbff4cbaddb36f6ad6dff8e49a1bc11ef20a3455046b04c9,05510633ef57c172585e258b7fc4056a67829d1f22e3dc9d89f7f6ede7971349,d61898ee6e3fe58d63f82e91c6541ecb45ad39d5c224d6da7814d5d52e318682,6,12,36,"[5, 6, 10, 12, 14, 18, 20, 21, 25, 26, 29, 31, 32, 36, 39, 42, 47, 52]",695f4052c7039cfd672ad855e804d9ae337b1df8143f7156bd901f8de2a40f50,0.1,315dbdd87ce4799e24e2491455488036877adc3cfd97fd7c550a270c21c3aea0,11f4d0f4f43c4cf36ccf4a0edf8c7ea51f1840fff291c100fa5b30264eb4fb53
34,4,adda88cecee29b3b19857e1ffaeb1c7dfa4f23e362a2a7cbab067f261a30e58c,f82e9a409796d76108236b09eb1fe99e3e67773333951407f7d9712534df25d4,2d839b3d20ae81a2dd2c81fb8f0ae71b882abcc2874eead49b6007b9946c619d,b7882a7298606703ce042e9cefd888c90fa65f5bb855e2eb2f1eb8c5c6018b00,5b2a6446e813ef70f25f628381fa13323e90c0a6277509e40f41cac963db9cb0,6,25,31,"[5, 6, 10, 12, 14, 18, 20, 21, 25, 26, 29, 31, 32, 36, 39, 42, 47, 52]",695f4052c7039cfd672ad855e804d9ae337b1df8143f7156bd901f8de2a40f50,0.1,315dbdd87ce4799e24e2491455488036877adc3cfd97fd7c550a270c21c3aea0,11f4d0f4f43c4cf36ccf4a0edf8c7ea51f1840fff291c100fa5b30264eb4fb53
35,4,adda88cecee29b3b19857e1ffaeb1c7dfa4f23e362a2a7cbab067f261a30e58c,96fc135fdcd37e702721c2eb1bc6abf2029ce2f1e478bdd55c5c3093497aa4b0,1ba97dc19f1b0e64c2fd9fdd958bc61eb4d44939cd5dff419080e1573661db24,c5d5fd65e82fd35e49709e28cb6bf922abe4e3aede8f52094a506030c2c3aa3e,1f94e893dceda8be8f6353637c88d5479b6b9b0b37e10aa4d05d814cc00a557a,29,39,52,"[5, 6, 10, 12, 14, 18, 20, 21, 25, 26, 29, 31, 32, 36, 39, 42, 47, 52]",695f4052c7039cfd672ad855e804d9ae337b1df8143f7156bd901f8de2a40f50,0.1,315dbdd87ce4799e24e2491455488036877adc3cfd97fd7c550a270c21c3aea0,11f4d0f4f43c4cf36ccf4a0edf8c7ea51f1840fff291c100fa5b30264eb4fb53
37,4,adda88cecee29b3b19857e1ffaeb1c7dfa4f23e362a2a7cbab067f261a30e58c,316c19294767e341879ffd73bec92608ef191afa37a0147fa53d852c0dd22a0e,bd7c27915243a70951bc5455e28a36b7825cde1f5dcd912916121682a37066cc,d05b6c8950c1932fa5a84c5b8bec61991b41542a615c998b71869c06cdf4a028,729022aaa00c16b6b01a7bbbe663c27a54f8a1c92a4f38d81e972a7b7304577b,10,29,39,"[5, 6, 10, 12, 14, 18, 20, 21, 25, 26, 29, 31, 32, 36, 39, 42, 47, 52]",695f4052c7039cfd672ad855e804d9ae337b1df8143f7156bd901f8de2a40f50,0.1,315dbdd87ce4799e24e2491455488036877adc3cfd97fd7c550a270c21c3aea0,11f4d0f4f43c4cf36ccf4a0edf8c7ea51f1840fff291c100fa5b30264eb4fb53
40,4,adda88cecee29b3b19857e1ffaeb1c7dfa4f23e362a2a7cbab067f261a30e58c,05c99b4201026a584abf159c4e4448185ae69768c17cb81ad86158687f7e3ea0,bf69ed740163d1e1cfb62b11445a505ea746e125399cdf70237297142d24a630,8985e496977f2335e6a9f63501642ca03fe6e7df602f58712eae704c8cdd2dd1,e9809178c412ec2ce549f71fa371c7d27f7a1a144b76f941bcf9f67edf68f70a,18,21,32,"[5, 6, 10, 12, 14, 18, 20, 21, 25, 26, 29, 31, 32, 36, 39, 42, 47, 52]",695f4052c7039cfd672ad855e804d9ae337b1df8143f7156bd901f8de2a40f50,0.1,315dbdd87ce4799e24e2491455488036877adc3cfd97fd7c550a270c21c3aea0,11f4d0f4f43c4cf36ccf4a0edf8c7ea51f1840fff291c100fa5b30264eb4fb53
41,4,adda88cecee29b3b19857e1ffaeb1c7dfa4f23e362a2a7cbab067f261a30e58c,32934ad8f3d3bfb44d28fac39d826f47d9bcd4e892ad0865c1384b4acb9f8176,67bfb5434a8255c5a2cd6a1cebdd9e5de3515a71cb2f00f26e4cfc47bd92db10,4a2cad67df9c83594a52a68cb0e5f8f2e7c3b5404ab72fc8eec4fe70486f8dad,e8f187f349e181784b27ad96b776728659295cebd24c49257c180b70b71644c5,10,18,21,"[5, 6, 10, 12, 14, 18, 20, 21, 25, 26, 29, 31, 32, 36, 39, 42, 47, 52]",695f4052c7039cfd672ad855e804d9ae337b1df8143f7156bd901f8de2a40f50,0.1,315dbdd87ce4799e24e2491455488036877adc3cfd97fd7c550a270c21c3aea0,11f4d0f4f43c4cf36ccf4a0edf8c7ea51f1840fff291c100fa5b30264eb4fb53
43,4,adda88cecee29b3b19857e1ffaeb1c7dfa4f23e362a2a7cbab067f261a30e58c,d590f61bb17bdea3c4724396c6d1c07c3cf81411b8273fb4b17b02b621b0e663,1429b89805fc9d382fd58dd04412fcf6970e389ef1880ad553bfcd361e3a4299,7ed75f2eef23ccca52beb8213e2cdeff8dda4aaf2fa949cd8fc2d8e8ad32287c,fb6a778e45121ead51350e52df8318eb97914dde57ae0db78e01db8eb1f0ccfe,14,39,42,"[5, 6, 10, 12, 14, 18, 20, 21, 25, 26, 29, 31, 32, 36, 39, 42, 47, 52]",695f4052c7039cfd672ad855e804d9ae337b1df8143f7156bd901f8de2a40f50,0.1,315dbdd87ce4799e24e2491455488036877adc3cfd97fd7c550a270c21c3aea0,11f4d0f4f43c4cf36ccf4a0edf8c7ea51f1840fff291c100fa5b30264eb4fb53
44,4,adda88cecee29b3b19857e1ffaeb1c7dfa4f23e362a2a7cbab067f261a30e58c,32636b1311a470cf0050dfb7b1fbf1112761ac5b0a10e42c677fb5e9a280f746,d3e59974e5a79576cefa4b61084612bd14640c584272d6eb0c1a0484c85055e4,add5081864817514298964b41524cd48c67247c49b1962fc85d202f82a906314,49c59fb2d1862f6bdb567ce536dc5d7d32e3516dc695ce1d70fa95054a42f2bd,5,18,26,"[5, 6, 10, 12, 14, 18, 20, 21, 25, 26, 29, 31, 32, 36, 39, 42, 47, 52]",695f4052c7039cfd672ad855e804d9ae337b1df8143f7156bd901f8de2a40f50,0.1,315dbdd87ce4799e24e2491455488036877adc3cfd97fd7c550a270c21c3aea0,11f4d0f4f43c4cf36ccf4a0edf8c7ea51f1840fff291c100fa5b30264eb4fb53
46,4,adda88cecee29b3b19857e1ffaeb1c7dfa4f23e362a2a7cbab067f261a30e58c,97865f38dcfb3455f94965077234bf606826e096387284d582cc9ac3672baa85,1f800e408fcf9f295d06bdc8c3739ea974f25f78c7974a0d1f211d08ba0e7d82,88ce15d04702f2c7653b77b5c8a8cd2a879507b57c708fd47f6bd5b2c54518ce,dd1211104fb281c942e9ae2127e03c24ab9cbf935d73b47aaee5e5f3b0aa06ad,12,21,47,"[5, 6, 10, 12, 14, 18, 20, 21, 25, 26, 29, 31, 32, 36, 39, 42, 47, 52]",695f4052c7039cfd672ad855e804d9ae337b1df8143f7156bd901f8de2a40f50,0.1,315dbdd87ce4799e24e2491455488036877adc3cfd97fd7c550a270c21c3aea0,11f4d0f4f43c4cf36ccf4a0edf8c7ea51f1840fff291c100fa5b30264eb4fb53
48,4,adda88cecee29b3b19857e1ffaeb1c7dfa4f23e362a2a7cbab067f261a30e58c,7ad9c362847840098fcc06355cb85c9c7b4d4d9eb36ec9f64eb0f27a879a2f0d,fc9d4f1a0cf653917c5f2321d530f1ea21525e37ea3311b07dd9a3b35967a5c7,b1975d86732e5b9f83d0c3b4e2b0d59d4bb263b1d31da2af7514ea31cd9c387a,eb3e1cbc3a48700e90aa91e5b3867682d8a6406d0d939784222b9727cc2d5907,5,6,18,"[5, 6, 10, 12, 14, 18, 20, 21, 25, 26, 29, 31, 32, 36, 39, 42, 47, 52]",695f4052c7039cfd672ad855e804d9ae337b1df8143f7156bd901f8de2a40f50,0.1,315dbdd87ce4799e24e2491455488036877adc3cfd97fd7c550a270c21c3aea0,11f4d0f4f43c4cf36ccf4a0edf8c7ea51f1840fff291c100fa5b30264eb4fb53
49,4,adda88cecee29b3b19857e1ffaeb1c7dfa4f23e362a2a7cbab067f261a30e58c,7cb8c4e344af5155cc74474fd5ab58028351cb0085cb282cd8014f8ffd05533c,be2e2af95ed08092172bb60cf9367d5d91f32767692febd2645e7c968312fc6b,35fb9fe8cd20e7b1f868ea32c6cc172acd038604078d09e91229e84b4d4e77d1,b609872c21d8ae96844a46290737db90faa1f5545945537d756c0a86636a23c6,5,6,26,"[5, 6, 10, 12, 14, 18, 20, 21, 25, 26, 29, 31, 32, 36, 39, 42, 47, 52]",695f4052c7039cfd672ad855e804d9ae337b1df8143f7156bd901f8de2a40f50,0.1,315dbdd87ce4799e24e2491455488036877adc3cfd97fd7c550a270c21c3aea0,11f4d0f4f43c4cf36ccf4a0edf8c7ea51f1840fff291c100fa5b30264eb4fb53
50,4,adda88cecee29b3b19857e1ffaeb1c7dfa4f23e362a2a7cbab067f261a30e58c,69143f181d0c6ee95f53d7a576711f852b6440b500dbf33a652ef486d1daaa73,ca80d553f92e07e190f0841f680b801be9f582bb2098170089006e17f62f9e78,5e3a85a41cd31f286c9a642b585295dac3fcc116077eec7dacc073bc57c77fd7,a38a24c0895443c9ffe16ad2d8c4f149961d9b0a28e073dd3c2413270b93c8a6,12,20,39,"[5, 6, 10, 12, 14, 18, 20, 21, 25, 26, 29, 31, 32, 36, 39, 42, 47, 52]",695f4052c7039cfd672ad855e804d9ae337b1df8143f7156bd901f8de2a40f50,0.1,315dbdd87ce4799e24e2491455488036877adc3cfd97fd7c550a270c21c3aea0,11f4d0f4f43c4cf36ccf4a0edf8c7ea51f1840fff291c100fa5b30264eb4fb53
1,5,e07cbca2f20834a99871d7c98666a75cc54c389713b04869cfd141a967e71612,aaec906c145c06e1cfe7b206541e38ccf36b836f9a15a98b29404891988520e9,afb6897c824f83935dc030afa544e0662d6cbeadf4221e127558b3192e721cd3,022491647a35be64fd31d957c3df6802363baaf91a480874e1f957834da70ca3,1f4c59b9daac2c8aba7c196b2550806da87ac060b92a8a65b6c2be8d0f85c84d,10,18,26,"[5, 6, 10, 12, 14, 18, 20, 21, 25, 26, 29, 31, 32, 36, 39, 42, 47, 52]",410dab0371777318d0105e400a233dcea49a0d79ce5d9a178751072744b9ec16,0.1,315dbdd87ce4799e24e2491455488036877adc3cfd97fd7c550a270c21c3aea0,11f4d0f4f43c4cf36ccf4a0edf8c7ea51f1840fff291c100fa5b30264eb4fb53
4,5,e07cbca2f20834a99871d7c98666a75cc54c389713b04869cfd141a967e71612,0dda1da63d30686728fe7cb92afc4a001d4aa9baef9cb78604e49ac165d76ef3,a2f2fa8bc8776ba57fdcaa88841d61a82507865db91a289be85aa99e0214b686,7d326b19d5a41783919a9ae33635b3be06a1da5986e2d5d275299199e09c32d5,b66fc1fd31acbc5b72da6aa831acbedf8c5a2b9b4a0c2e1d736ac30b32941666,12,14,25,"[5, 6, 10, 12, 14, 18, 20, 21, 25, 26, 29, 31, 32, 36, 39, 42, 47, 52]",410dab0371777318d0105e400a233dcea49a0d79ce5d9a178751072744b9ec16,0.1,315dbdd87ce4799e24e2491455488036877adc3cfd97fd7c550a270c21c3aea0,11f4d0f4f43c4cf36ccf4a0edf8c7ea51f1840fff291c100fa5b30264eb4fb53
7,5,e07cbca2f20834a99871d7c98666a75cc54c389713b04869cfd141a967e71612,22327160eceef8be10e50798327287b2ee588838a9782a9b22ed18ded9dcf1d7,1d98787331eb9b657cdd7c98b1cb951a39c5ad58c2a0db8253095cb0eb755542,7e28653fb6024c0d05e5aee63c6f5d1ec686975943190198d50610365057fb75,20cf6bb2714e6e93e1b921fe9c79f590e84fa5f069ec924d2af84be6fcf07a87,12,25,36,"[5, 6, 10, 12, 14, 18, 20, 21, 25, 26, 29, 31, 32, 36, 39, 42, 47, 52]",410dab0371777318d0105e400a233dcea49a0d79ce5d9a178751072744b9ec16,0.1,315dbdd87ce4799e24e2491455488036877adc3cfd97fd7c550a270c21c3aea0,11f4d0f4f43c4cf36ccf4a0edf8c7ea51f1840fff291c100fa5b30264eb4fb53
11,5,e07cbca2f20834a99871d7c98666a75cc54c389713b04869cfd141a967e71612,45fedc79001d929e55dba6094ea16a98f4afd6acefb34c458e2c27850d99e56a,83eb228879b6d43a71ffa336f8a2de88200e1e649cc7e7bae25e106ac9fb83aa,1f0b2de7880bd2d4f56db193b2d356f5696992c74800de2f5db33c8ddef49375,9e8665fe7766f6d130ebb0e2ce7ff5e5d82bbfe9bc2dc98a5f667e0054b31642,5,32,36,"[5, 6, 10, 12, 14, 18, 20, 21, 25, 26, 29, 31, 32, 36, 39, 42, 47, 52]",410dab0371777318d0105e400a233dcea49a0d79ce5d9a178751072744b9ec16,0.1,315dbdd87ce4799e24e2491455488036877adc3cfd97fd7c550a270c21c3aea0,11f4d0f4f43c4cf36ccf4a0edf8c7ea51f1840fff291c100fa5b30264eb4fb53
13,5,e07cbca2f20834a99871d7c98666a75cc54c389713b04869cfd141a967e71612,daa5d2910f389c2a89deea4d5e309da16386faa72b6084a78a3da3f76f0d1158,4981aece5f4c6f5d802c7a24ffd0ccbf67453ea56bd37c29ff7d48f30b141a43,bcf16f62a5fba2d15d3f6f1cfe271c160fbda8c54197699aa963e35a23d19e49,05401a882adab0ade42fc27dc72292edcd78d5a253cfd7bfd224ca7c261ebf61,10,20,29,"[5, 6, 10, 12, 14, 18, 20, 21, 25, 26, 29, 31, 32, 36, 39, 42, 47, 52]",410dab0371777318d0105e400a233dcea49a0d79ce5d9a178751072744b9ec16,0.1,315dbdd87ce4799e24e2491455488036877adc3cfd97fd7c550a270c21c3aea0,11f4d0f4f43c4cf36ccf4a0edf8c7ea51f1840fff291c100fa5b30264eb4fb53
15,5,e07cbca2f20834a99871d7c98666a75cc54c389713b04869cfd141a967e71612,30422657f61b8527af0a886a9396e56f014f2f9fa99966fe22ff05e33751454a,f85de2306399ee4fe016ae7986d0db6dbfc30ebbf951de3df811ad6f335df49a,fbdcb3a447544bf33e62e24a6e2230b91e9a845d04766872f9c4b06c7129ff56,c42b251f8a4f93e647942e4da614041933f0d84a23b0fa77832b3d041c9a3529,5,20,52,"[5, 6, 10, 12, 14, 18, 20, 21, 25, 26, 29, 31, 32, 36, 39, 42, 47, 52]",410dab0371777318d0105e400a233dcea49a0d79ce5d9a178751072744b9ec16,0.1,315dbdd87ce4799e24e2491455488036877adc3cfd97fd7c550a270c21c3aea0,11f4d0f4f43c4cf36ccf4a0edf8c7ea51f1840fff291c100fa5b30264eb4fb53
19,5,e07cbca2f20834a99871d7c98666a75cc54c389713b04869cfd141a967e71612,c775c5a14537bb701d631233fa7c06c216bd5dfb650889f9b76334cd5db07a0a,9a8e91cfab8c2346a95d7476ab24604ec08c96f45a14b6640b6c943cc7b56072,2f9f66ae30399a9c93e65bd564de1190c74510123adb6cf89c64a85cd955b0f8,fe936dafaa325b8679a305e9d24114346f1ada1c10f32cabcd6012ed720c037c,20,36,42,"[5, 6, 10, 12, 14, 18, 20, 21, 25, 26, 29, 31, 32, 36, 39, 42, 47, 52]",410dab0371777318d0105e400a233dcea49a0d79ce5d9a178751072744b9ec16,0.1,315dbdd87ce4799e24e2491455488036877adc3cfd97fd7c550a270c21c3aea0,11f4d0f4f43c4cf36ccf4a0edf8c7ea51f1840fff291c100fa5b30264eb4fb53
22,5,e07cbca2f20834a99871d7c98666a75cc54c389713b04869cfd141a967e71612,6947e97cf398932546a2381c59bbd031cbcc31418c0b90714c81668cf3adef27,339ff6715e992e74a5457462f05c12f104ef70e2ad9f66a40c44b5322ce73073,dcc4134cb5993f83f07ad50a7c0304e7a96b7a20c586f30421dfe6193cfe80ae,5494af1000d41c5a9ddec1b893397594a8c26ac688867d72b2034f4cd5c4118f,12,18,20,"[5, 6, 10, 12, 14, 18, 20, 21, 25, 26, 29, 31, 32, 36, 39, 42, 47, 52]",410dab0371777318d0105e400a233dcea49a0d79ce5d9a178751072744b9ec16,0.1,315dbdd87ce4799e24e2491455488036877adc3cfd97fd7c550a270c21c3aea0,11f4d0f4f43c4cf36ccf4a0edf8c7ea51f1840fff291c100fa5b30264eb4fb53
23,5,e07cbca2f20834a99871d7c98666a75cc54c389713b04869cfd141a967e71612,f0094d41a3aa5439474ad2bab3d47210221ea966793c6fb0b24d0befc70a0f5b,26487f8a19efdc0508232175337e077ab642e7b6763769b7e56e8de0798f3843,446a1b97c6959d26c05a244bf12d23ebd13cbc0d8bb42c3642f5eedd28fc081d,94462b3cf4c1f96b5057039c075203f4f5fc27aaabbfc690cfea921ad916c6d1,5,18,31,"[5, 6, 10, 12, 14, 18, 20, 21, 25, 26, 29, 31, 32, 36, 39, 42, 47, 52]",410dab0371777318d0105e400a233dcea49a0d79ce5d9a178751072744b9ec16,0.1,315dbdd87ce4799e24e2491455488036877adc3cfd97fd7c550a270c21c3aea0,11f4d0f4f43c4cf36ccf4a0edf8c7ea51f1840fff291c100fa5b30264eb4fb53
24,5,e07cbca2f20834a99871d7c98666a75cc54c389713b04869cfd141a967e71612,ebc97c74669c66a1cab20a4b88c918c261f5dbed2b6acfef6c4cc718e8437c0c,20520f5211bc5e6d1ab39155f61b09b5573046b78fcd34429716e2d0ae28b72b,d76e3fa8a9b4d6eff185b2c0db3aea0de9aad0d1f25f3399431cf1726a09cf4d,6c422ec483056724db96929da991c7cb664527aea2bb2f1c21de9832cc000842,18,20,21,"[5, 6, 10, 12, 14, 18, 20, 21, 25, 26, 29, 31, 32, 36, 39, 42, 47, 52]",410dab0371777318d0105e400a233dcea49a0d79ce5d9a178751072744b9ec16,0.1,315dbdd87ce4799e24e2491455488036877adc3cfd97fd7c550a270c21c3aea0,11f4d0f4f43c4cf36ccf4a0edf8c7ea51f1840fff291c100fa5b30264eb4fb53
27,5,e07cbca2f20834a99871d7c98666a75cc54c389713b04869cfd141a967e71612,1ded741f90c2e76eda5f2dab666f7e115384a2c1ed51ecf1881385de40d0d139,e26b2314e6c2c49aa6983abe06de547c2fafeee077ef2cc4bf9d13ea07add8bd,2f8b1379dfaf2bea6c266a4c7030a85bbe3d4cee336c00be61f3fdc871dbd377,4d80ea830c1ac47680929bec04f1adbb80e0343bef2e393bedde4fd537467913,12,21,25,"[5, 6, 10, 12, 14, 18, 20, 21, 25, 26, 29, 31, 32, 36, 39, 42, 47, 52]",410dab0371777318d0105e400a233dcea49a0d79ce5d9a178751072744b9ec16,0.1,315dbdd87ce4799e24e2491455488036877adc3cfd97fd7c550a270c21c3aea0,11f4d0f4f43c4cf36ccf4a0edf8c7ea51f1840fff291c100fa5b30264eb4fb53
28,5,e07cbca2f20834a99871d7c98666a75cc54c389713b04869cfd141a967e71612,7f0d0b5c78df95332b0937c3f2ff46d75a7ac4904aa6c09a3cc7447b3c32c906,948ab409d896fe9549a6cd4cdba2c6b3fee252434ef850fca9a2f9159c727b87,38bf6e3d4eb49effb18c6b77e6b1a4a378d6e7f5c889c729584a21b32c3049e1,43b967f1699cbaa2466062512e6d52fa33f06938843b485707e1e69b74267c65,21,42,52,"[5, 6, 10, 12, 14, 18, 20, 21, 25, 26, 29, 31, 32, 36, 39, 42, 47, 52]",410dab0371777318d0105e400a233dcea49a0d79ce5d9a178751072744b9ec16,0.1,315dbdd87ce4799e24e2491455488036877adc3cfd97fd7c550a270c21c3aea0,11f4d0f4f43c4cf36ccf4a0edf8c7ea51f1840fff291c100fa5b30264eb4fb53
30,5,e07cbca2f20834a99871d7c98666a75cc54c389713b04869cfd141a967e71612,588bf4f517d440096c9f80ab9261019498d7191ebf7296bcb3ed6b9a3ed09a40,a0f66829f1643a87a2bc4c432ca74e8bc30aac91a70237c1b8126c9ee82ec34d,a968ebf5e9c02263698dc878bc7f4b4a278a2e32b6d32a7b53e19c98cc5a2745,2599ae9c402aadca1f2cccc6de1d38cc46eaba1379934b3d8935e484a4cd71c9,20,29,42,"[5, 6, 10, 12, 14, 18, 20, 21, 25, 26, 29, 31, 32, 36, 39, 42, 47, 52]",410dab0371777318d0105e400a233dcea49a0d79ce5d9a178751072744b9ec16,0.1,315dbdd87ce4799e24e2491455488036877adc3cfd97fd7c550a270c21c3aea0,11f4d0f4f43c4cf36ccf4a0edf8c7ea51f1840fff291c100fa5b30264eb4fb53
34,5,e07cbca2f20834a99871d7c98666a75cc54c389713b04869cfd141a967e71612,d44212c946d3124e40908015c2a009cc89e36d489dd5081a20c2d99d9c7c7e81,d900da5b461ae42721c199506493765604a353ef8a02f7818963866ab349256b,57781803f4ade8d8deab7719a5fbde7d3bc599f4cf4a2ae712cc4115eda18867,720b22a731335288e35998688a8babe629dfeaebd53e42a85bd1f4c64cf024c9,14,21,47,"[5, 6, 10, 12, 14, 18, 20, 21, 25, 26, 29, 31, 32, 36, 39, 42, 47, 52]",410dab0371777318d0105e400a233dcea49a0d79ce5d9a178751072744b9ec16,0.1,315dbdd87ce4799e24e2491455488036877adc3cfd97fd7c550a270c21c3aea0,11f4d0f4f43c4cf36ccf4a0edf8c7ea51f1840fff291c100fa5b30264eb4fb53
35,5,e07cbca2f20834a99871d7c98666a75cc54c389713b04869cfd141a967e71612,d754e191b753385839d5719dbeb7efec230f7a29301ca314abaea8e04462857e,eeb9d80c0cf937cb6c0b21a405157e6d1d0a81b90ee348d8149813e048908f0c,e317be522424264bc01213e1ee42d85bce12ffa2d30e05b66f910986d6989a52,4b28c480176fb30ee6afe2652e67db9bdd730aaccdada0598449c6617be8ef2e,5,31,47,"[5, 6, 10, 12, 14, 18, 20, 21, 25, 26, 29, 31, 32, 36, 39, 42, 47, 52]",410dab0371777318d0105e400a233dcea49a0d79ce5d9a178751072744b9ec16,0.1,315dbdd87ce4799e24e2491455488036877adc3cfd97fd7c550a270c21c3aea0,11f4d0f4f43c4cf36ccf4a0edf8c7ea51f1840fff291c100fa5b30264eb4fb53
37,5,e07cbca2f20834a99871d7c98666a75cc54c389713b04869cfd141a967e71612,a6606f55155226aab8c0fece42fe9b13eeb2409e81ae1e8dc7ad4b4d713970f3,aa1157654233a412f65530ef4209ce3914b4f90184618803ba05ff4688ba09e9,38d6e17f6ceb291e719e43b76950370309903ea5aabc404b8d1701af4428993d,c3aa2e186501039553a44da73454eb00dcf76de4eca6d57f3b06c877fbef306c,6,39,42,"[5, 6, 10, 12, 14, 18, 20, 21, 25, 26, 29, 31, 32, 36, 39, 42, 47, 52]",410dab0371777318d0105e400a233dcea49a0d79ce5d9a178751072744b9ec16,0.1,315dbdd87ce4799e24e2491455488036877adc3cfd97fd7c550a270c21c3aea0,11f4d0f4f43c4cf36ccf4a0edf8c7ea51f1840fff291c100fa5b30264eb4fb53
40,5,e07cbca2f20834a99871d7c98666a75cc54c389713b04869cfd141a967e71612,e25851a72bc7dc81e3b6d8095ad1377a14c46c957a56e6a0f04e9ac3235f45b8,2bd03a1e6d7da8caa02a2e10fdb7faec2146062a7599becdeed20bf21d5f1e4b,2ccbc5eb53b1fa678b96c70627ddf0a643c14f61231c0e6de36a9330de3e8440,dfb464732fa16130d60927216dd51441949be3306757b7c00c1df41da499fed9,10,20,52,"[5, 6, 10, 12, 14, 18, 20, 21, 25, 26, 29, 31, 32, 36, 39, 42, 47, 52]",410dab0371777318d0105e400a233dcea49a0d79ce5d9a178751072744b9ec16,0.1,315dbdd87ce4799e24e2491455488036877adc3cfd97fd7c550a270c21c3aea0,11f4d0f4f43c4cf36ccf4a0edf8c7ea51f1840fff291c100fa5b30264eb4fb53
41,5,e07cbca2f20834a99871d7c98666a75cc54c389713b04869cfd141a967e71612,9ea9455be02de9775dcd870942970122a0b620c04ebe7bf482c6245d42de9467,99b6dfb7d01f96ebd9ae947b8611de4bfcfd48458f31b876af3f4577c2fe90e0,aafcc58f18ae9af2d28c18df1171b33bc7e0163b327303ca88a3047b270e3386,7a410ee40e416f7fda42423895f8749119376647d6b27b75993f92b7010e3663,6,21,29,"[5, 6, 10, 12, 14, 18, 20, 21, 25, 26, 29, 31, 32, 36, 39, 42, 47, 52]",410dab0371777318d0105e400a233dcea49a0d79ce5d9a178751072744b9ec16,0.1,315dbdd87ce4799e24e2491455488036877adc3cfd97fd7c550a270c21c3aea0,11f4d0f4f43c4cf36ccf4a0edf8c7ea51f1840fff291c100fa5b30264eb4fb53
43,5,e07cbca2f20834a99871d7c98666a75cc54c389713b04869cfd141a967e71612,a2ab470c1f9417e80c19e790a8e554e748fee48c4b530aa4af631226cd5a46fe,541bc961e7fdf0bac2a94b243a14c6f54441922e077019bde13aeaab17405fd1,7eb14add66a13612bbaab530bfaf98bf75daac4c4b0222fe4924e463b119f216,a8e3256e50703bc4d136d56a2a68ce7c437a93a8f36691952b280b5378ebe69a,25,29,42,"[5, 6, 10, 12, 14, 18, 20, 21, 25, 26, 29, 31, 32, 36, 39, 42, 47, 52]",410dab0371777318d0105e400a233dcea49a0d79ce5d9a178751072744b9ec16,0.1,315dbdd87ce4799e24e2491455488036877adc3cfd97fd7c550a270c21c3aea0,11f4d0f4f43c4cf36ccf4a0edf8c7ea51f1840fff291c100fa5b30264eb4fb53
44,5,e07cbca2f20834a99871d7c98666a75cc54c389713b04869cfd141a967e71612,2d84d23a816dcc67f8839c5edf04a915eda40e6deff90adc38904ba82665343b,cc0b15e1053a3af02345dbf732770fdce352b20d4a4231c96df32700ec34f487,726a476a70076cb0600ecb72de73d26b8586ebd312acc68c3b41d7de7a108799,4a97cfdf281c0d30ce649a9b00801dbeff0479a32be2b589f1f7354539a6d0d7,21,31,39,"[5, 6, 10, 12, 14, 18, 20, 21, 25, 26, 29, 31, 32, 36, 39, 42, 47, 52]",410dab0371777318d0105e400a233dcea49a0d79ce5d9a178751072744b9ec16,0.1,315dbdd87ce4799e24e2491455488036877adc3cfd97fd7c550a270c21c3aea0,11f4d0f4f43c4cf36ccf4a0edf8c7ea51f1840fff291c100fa5b30264eb4fb53
46,5,e07cbca2f20834a99871d7c98666a75cc54c389713b04869cfd141a967e71612,3c0170090439b4e6fa705985d35d22bfcb52c8d57b3ff2fdf333901448247e33,77e62827c1bb33a290d28d4224cdd0a1d86126d5a69117b7fb78afbdc0e17fb9,bee608100de80310e559f35dca01c56e061a9e909cf20a6b3fb3919618779530,f8c722cffa962a76112f9e2b385536633f9568655841794929dd158bf0ea3f20,18,20,42,"[5, 6, 10, 12, 14, 18, 20, 21, 25, 26, 29, 31, 32, 36, 39, 42, 47, 52]",410dab0371777318d0105e400a233dcea49a0d79ce5d9a178751072744b9ec16,0.1,315dbdd87ce4799e24e2491455488036877adc3cfd97fd7c550a270c21c3aea0,11f4d0f4f43c4cf36ccf4a0edf8c7ea51f1840fff291c100fa5b30264eb4fb53
48,5,e07cbca2f20834a99871d7c98666a75cc54c389713b04869cfd141a967e71612,146b15387657b812a91497b91881eb0bac2096d1ed8f1740cab9a11e1413ee08,d6a2740114cfe52158ad2679593231b2f79b47598c939f57264bd919a3f6566a,7ecab56a9c82914326fd7105075055225a6307fa40cddc7f1bd2fa83919679e8,c2220a611fa39dbeef034e3e651fb46aad213c29bf162ddbe64370aee42bc1e0,10,26,31,"[5, 6, 10, 12, 14, 18, 20, 21, 25, 26, 29, 31, 32, 36, 39, 42, 47, 52]",410dab0371777318d0105e400a233dcea49a0d79ce5d9a178751072744b9ec16,0.1,315dbdd87ce4799e24e2491455488036877adc3cfd97fd7c550a270c21c3aea0,11f4d0f4f43c4cf36ccf4a0edf8c7ea51f1840fff291c100fa5b30264eb4fb53
49,5,e07cbca2f20834a99871d7c98666a75cc54c389713b04869cfd141a967e71612,563daa257635483bba2ba5c3a7f9619dc202666c1a6c4949711428402c581b40,9c90cf8cf726075639f6bb201aeee9accbeea1a9d7f2dfe41393f57c729516f6,a361d8f51aab4c9bd2e26bed91d4dce69f99b25e99b2cdef20e568187369df03,64032ee0ee44b52f7ee72f7691ea02c72c1d6a6bd4f5261ea778b8675ae1be6f,18,39,42,"[5, 6, 10, 12, 14, 18, 20, 21, 25, 26, 29, 31, 32, 36, 39, 42, 47, 52]",410dab0371777318d0105e400a233dcea49a0d79ce5d9a178751072744b9ec16,0.1,315dbdd87ce4799e24e2491455488036877adc3cfd97fd7c550a270c21c3aea0,11f4d0f4f43c4cf36ccf4a0edf8c7ea51f1840fff291c100fa5b30264eb4fb53
50,5,e07cbca2f20834a99871d7c98666a75cc54c389713b04869cfd141a967e71612,b9eb68dbb82325ac4d6e8b4116585bf68f28576bccaaf37453442e9f29adc7b6,57379d8a67993dfa4833fb5bd2c70d0cd0bb26aa8293d73505afaac1fa825f95,e8e564b1ae7b2d8b9592808c874000c6db1369ecee32788e831a4a1e91839401,89aa372af84048b5de8f805a85a550ff7741b79b7f6e96a6d10b939dbcb9e80f,10,12,25,"[5, 6, 10, 12, 14, 18, 20, 21, 25, 26, 29, 31, 32, 36, 39, 42, 47, 52]",410dab0371777318d0105e400a233dcea49a0d79ce5d9a178751072744b9ec16,0.1,315dbdd87ce4799e24e2491455488036877adc3cfd97fd7c550a270c21c3aea0,11f4d0f4f43c4cf36ccf4a0edf8c7ea51f1840fff291c100fa5b30264eb4fb53
1,6,31f23d479d1d4ac8ac20dc740ff0eb758d6e62413e45c9b46c25d428fa49ba38,b2c15e0d1f4675d2b7ca3882f477b89d4bc31706ca722801ed994148d4b3d34f,1ab0ef88357553102982cb4ceac399c2dd6647b56c026b7332dba41ae7b78d70,09caea78d85cb8655fe0ef0e59cff771830844766cd706ce23c05076f566ca69,3766184f0e763c02d1cac391dbde8d4452133a590aa77eb5e36867f8e22962c9,10,21,39,"[5, 6, 10, 12, 14, 18, 20, 21, 25, 26, 29, 31, 32, 36, 39, 42, 47, 52]",88d94e2b80cc09269e2fc88ff5b6b1d9f3766dd2d4ac5270ef80458b81b0e33a,0.1,315dbdd87ce4799e24e2491455488036877adc3cfd97fd7c550a270c21c3aea0,11f4d0f4f43c4cf36ccf4a0edf8c7ea51f1840fff291c100fa5b30264eb4fb53
4,6,31f23d479d1d4ac8ac20dc740ff0eb758d6e62413e45c9b46c25d428fa49ba38,1a77c6daca3d76b43491fc8028d613080a1ad633c5abe6e19c37be8b8d32e4a4,c4482e7799ea5e322599a4cd6badc02f35e485e3227558023bf3cf27fcce99cd,9b76121f8bf689837136f505d9e48f2ee9cae649e83414260167b97b0d6a0e73,5babca0d101e971cbf18fcb09eea3568876fca5eb81d79e0678c6b941456b9ce,6,10,39,"[5, 6, 10, 12, 14, 18, 20, 21, 25, 26, 29, 31, 32, 36, 39, 42, 47, 52]",88d94e2b80cc09269e2fc88ff5b6b1d9f3766dd2d4ac5270ef80458b81b0e33a,0.1,315dbdd87ce4799e24e2491455488036877adc3cfd97fd7c550a270c21c3aea0,11f4d0f4f43c4cf36ccf4a0edf8c7ea51f1840fff291c100fa5b30264eb4fb53
7,6,31f23d479d1d4ac8ac20dc740ff0eb758d6e62413e45c9b46c25d428fa49ba38,41294752ddb5ab26b09408e089e11242aa39ca6472d7e5879ca3ad791b93a0d6,430ac0e1c13300dd46c4a0744e3e0f508cbe01d9ae6f5ca3810b9ebd6a8c89cf,9e3a23ed114cf94aa597cd871ea9bbe502585138c71778758ad5077c7f2b6bca,4ee4ed62d5ffcacedb690d623476c5b21e62fbb40db0c27b38e72365a5723033,5,18,29,"[5, 6, 10, 12, 14, 18, 20, 21, 25, 26, 29, 31, 32, 36, 39, 42, 47, 52]",88d94e2b80cc09269e2fc88ff5b6b1d9f3766dd2d4ac5270ef80458b81b0e33a,0.1,315dbdd87ce4799e24e2491455488036877adc3cfd97fd7c550a270c21c3aea0,11f4d0f4f43c4cf36ccf4a0edf8c7ea51f1840fff291c100fa5b30264eb4fb53
11,6,31f23d479d1d4ac8ac20dc740ff0eb758d6e62413e45c9b46c25d428fa49ba38,9b17d3c8b2ec58d9d9a9cdf14fc946e9eb3c62ec92c8541124d1de1fe7a1a5f2,d626277ab4812b3df55162c9b6a26605e3684fed8c2b735f45ffc75e37a03be9,af604af2486a4838fd84c63527e1a39479d6e0526ffb678b3230b3e9be7e279a,ecfbda325183cb233176add07dbd5f52707a536016e1d0326929081487192eb3,10,20,21,"[5, 6, 10, 12, 14, 18, 20, 21, 25, 26, 29, 31, 32, 36, 39, 42, 47, 52]",88d94e2b80cc09269e2fc88ff5b6b1d9f3766dd2d4ac5270ef80458b81b0e33a,0.1,315dbdd87ce4799e24e2491455488036877adc3cfd97fd7c550a270c21c3aea0,11f4d0f4f43c4cf36ccf4a0edf8c7ea51f1840fff291c100fa5b30264eb4fb53
13,6,31f23d479d1d4ac8ac20dc740ff0eb758d6e62413e45c9b46c25d428fa49ba38,3bb7f2b68deb2fa1c79508ec287cef532915f074232f620bb99a1d1e665ed828,b1027ba6955ac6f4187694d28d10e783fb0e0124242389a466bdac5740396cb2,bf1a473cb1ae06b44a49f3094fdf64f3df11a68c23017791bb58e72b7e2704dd,968902e08a0b56ccaeb0b6dfbc9e0471f55ed21c2e61a583845c80e28276e9c2,6,10,31,"[5, 6, 10, 12, 14, 18, 20, 21, 25, 26, 29, 31, 32, 36, 39, 42, 47, 52]",88d94e2b80cc09269e2fc88ff5b6b1d9f3766dd2d4ac5270ef80458b81b0e33a,0.1,315dbdd87ce4799e24e2491455488036877adc3cfd97fd7c550a270c21c3aea0,11f4d0f4f43c4cf36ccf4a0edf8c7ea51f1840fff291c100fa5b30264eb4fb53
15,6,31f23d479d1d4ac8ac20dc740ff0eb758d6e62413e45c9b46c25d428fa49ba38,3a5010c79698795a9579a3b11d5e911703550c89434142742fd0f0d4a3c95eb1,ca61e6258ed14017dcdc210d61668c24512630cff5a518d14b3dbe45a1f5bfbc,327709067f339bee2686693826e3fa4e90f47d2081e7dfac435ae24d6533f6fe,8a8177643d6db481398f3f9183583da346815961389f33dd5259ebc155d61d47,6,20,31,"[5, 6, 10, 12, 14, 18, 20, 21, 25, 26, 29, 31, 32, 36, 39, 42, 47, 52]",88d94e2b80cc09269e2fc88ff5b6b1d9f3766dd2d4ac5270ef80458b81b0e33a,0.1,315dbdd87ce4799e24e2491455488036877adc3cfd97fd7c550a270c21c3aea0,11f4d0f4f43c4cf36ccf4a0edf8c7ea51f1840fff291c100fa5b30264eb4fb53
19,6,31f23d479d1d4ac8ac20dc740ff0eb758d6e62413e45c9b46c25d428fa49ba38,e5e5b23681e65d698261253dcc08e231893b7021505a88755478addb333dc388,85f8b63c982272de76fe263d96a0b343907c72e781b879032175c104fbbad006,280a51856d34636627638c782bd49ac4e1751466f00f4c09745f05c3e1336c33,d2634fa190b6e1b510930a126b7724fd997e58f22e2b5dff6216b0511ad28e23,26,29,31,"[5, 6, 10, 12, 14, 18, 20, 21, 25, 26, 29, 31, 32, 36, 39, 42, 47, 52]",88d94e2b80cc09269e2fc88ff5b6b1d9f3766dd2d4ac5270ef80458b81b0e33a,0.1,315dbdd87ce4799e24e2491455488036877adc3cfd97fd7c550a270c21c3aea0,11f4d0f4f43c4cf36ccf4a0edf8c7ea51f1840fff291c100fa5b30264eb4fb53
22,6,31f23d479d1d4ac8ac20dc740ff0eb758d6e62413e45c9b46c25d428fa49ba38,f978fd55a7a05cf276d99a31cb5d973fa97998566ee30ae716ac52090ed837c0,8795d714e419e3206fc735fd44e57aa2b6f4abf20e9595f9ca63b1ac9c6c6159,83171360a60c8433aefbb5f9b2ee8c6adcc0d2dc3661ad697a68bd1c5f55319d,19ba2ce2f495c98303e34f35d0a783254d222c08ead2e57bbf5f229574d47ceb,14,20,52,"[5, 6, 10, 12, 14, 18, 20, 21, 25, 26, 29, 31, 32, 36, 39, 42, 47, 52]",88d94e2b80cc09269e2fc88ff5b6b1d9f3766dd2d4ac5270ef80458b81b0e33a,0.1,315dbdd87ce4799e24e2491455488036877adc3cfd97fd7c550a270c21c3aea0,11f4d0f4f43c4cf36ccf4a0edf8c7ea51f1840fff291c100fa5b30264eb4fb53
23,6,31f23d479d1d4ac8ac20dc740ff0eb758d6e62413e45c9b46c25d428fa49ba38,2622926729be8f439f71f7cfbc49dcb5778b1e8d94aa545f32cd2cd229da06bc,7d5999f63ca00c06373d5376d23a81f85458c6bc11d53fa5294c9d0fb2c0dbd5,94967083dff8fea1ad327a59c00307034d19a868d076e30b2c6f1adb932ca027,639d628d1aa5a6cbbb54d7a2528a7311e81b025ff2033ff21ed71825d2bce362,14,21,52,"[5, 6, 10, 12, 14, 18, 20, 21, 25, 26, 29, 31, 32, 36, 39, 42, 47, 52]",88d94e2b80cc09269e2fc88ff5b6b1d9f3766dd2d4ac5270ef80458b81b0e33a,0.1,315dbdd87ce4799e24e2491455488036877adc3cfd97fd7c550a270c21c3aea0,11f4d0f4f43c4cf36ccf4a0edf8c7ea51f1840fff291c100fa5b30264eb4fb53
24,6,31f23d479d1d4ac8ac20dc740ff0eb758d6e62413e45c9b46c25d428fa49ba38,0453df4788398e01fcb650a157833882859d7070522cae7d50e405157cf0c59a,42e1a9b60027ea5151d939282006504739188cca633d1301e674a4406949003e,6c4c890c4e2c182c2ce92cd9a4a59d5c34803e1ea1042f4b90e5c0b4589d16ee,970cba76c43ff4e78df2f8b48d03d7e6f9ea57e2c4b153332bad11f22cb1a159,14,18,39,"[5, 6, 10, 12, 14, 18, 20, 21, 25, 26, 29, 31, 32, 36, 39, 42, 47, 52]",88d94e2b80cc09269e2fc88ff5b6b1d9f3766dd2d4ac5270ef80458b81b0e33a,0.1,315dbdd87ce4799e24e2491455488036877adc3cfd97fd7c550a270c21c3aea0,11f4d0f4f43c4cf36ccf4a0edf8c7ea51f1840fff291c100fa5b30264eb4fb53
27,6,31f23d479d1d4ac8ac20dc740ff0eb758d6e62413e45c9b46c25d428fa49ba38,9dcb33f3e2b5c277cd3fee2461edbd9d43d0cf22d1e7377a704545386c25fffd,5f7aaf2f6adf543899e7cba107300dc747f77d69794d6d256b3eb2323e07fb9f,05614c80f12fdb3210bfb5294406659a0fde394b2422049c43eba0f967e69f9e,3bd890d72d540ad95d6d8efbb62194e63c7895bd0cef155175c5ca18468aa921,5,20,32,"[5, 6, 10, 12, 14, 18, 20, 21, 25, 26, 29, 31, 32, 36, 39, 42, 47, 52]",88d94e2b80cc09269e2fc88ff5b6b1d9f3766dd2d4ac5270ef80458b81b0e33a,0.1,315dbdd87ce4799e24e2491455488036877adc3cfd97fd7c550a270c21c3aea0,11f4d0f4f43c4cf36ccf4a0edf8c7ea51f1840fff291c100fa5b30264eb4fb53
28,6,31f23d479d1d4ac8ac20dc740ff0eb758d6e62413e45c9b46c25d428fa49ba38,d6a31794e3e81a5b4507e143679e9d4641e496b558652bada0d94a89cd02cdc1,8517af668c4c94538acac0a385c1cdc9e2b1f216215472615e3a02e6e0ff8f0a,dd9ca5ea19b4f79b273b7e20c3aeccea6150f0b8268c02183ca60449f7ebc99d,25eb098204fc98a711d088b7814343fa95154aeec2e2fff3042ad3b9502c239a,5,18,47,"[5, 6, 10, 12, 14, 18, 20, 21, 25, 26, 29, 31, 32, 36, 39, 42, 47, 52]",88d94e2b80cc09269e2fc88ff5b6b1d9f3766dd2d4ac5270ef80458b81b0e33a,0.1,315dbdd87ce4799e24e2491455488036877adc3cfd97fd7c550a270c21c3aea0,11f4d0f4f43c4cf36ccf4a0edf8c7ea51f1840fff291c100fa5b30264eb4fb53
30,6,31f23d479d1d4ac8ac20dc740ff0eb758d6e62413e45c9b46c25d428fa49ba38,4abcb8522a49cd2945873cbef31ce3fb5a1a53987cd22aafdec379598058e965,4e2fa1f37529c8d660999e3c16c0f420400f0777fac8b6febf0f6ef377cc8aa0,9a153b872b5cbaa9fe7c9c5ac1f2c8d2f33224aa6410a819866f6393373862b0,b686994793b7a39bd5c0967e2e9d3fb6edf8f73460ab22421deae6aca57c3fac,21,31,32,"[5, 6, 10, 12, 14, 18, 20, 21, 25, 26, 29, 31, 32, 36, 39, 42, 47, 52]",88d94e2b80cc09269e2fc88ff5b6b1d9f3766dd2d4ac5270ef80458b81b0e33a,0.1,315dbdd87ce4799e24e2491455488036877adc3cfd97fd7c550a270c21c3aea0,11f4d0f4f43c4cf36ccf4a0edf8c7ea51f1840fff291c100fa5b30264eb4fb53
34,6,31f23d479d1d4ac8ac20dc740ff0eb758d6e62413e45c9b46c25d428fa49ba38,4f382fe151d05924ca6b654e6f9c594cf1de30c78088232c58717bb3785d3bd2,39da6e998ed8d2bf122406cbdb9a17ed2ed3783d4dcc3fafa2590979cbddf16a,767cf5ad0a6eaa487c33b7acba6b6d00e1bef183dddea96b6fd30f5f41156702,26cc7b1db81f9ee7dbef9fc9bd823273c3111eb1f57c5918df071d2cac34a468,14,21,39,"[5, 6, 10, 12, 14, 18, 20, 21, 25, 26, 29, 31, 32, 36, 39, 42, 47, 52]",88d94e2b80cc09269e2fc88ff5b6b1d9f3766dd2d4ac5270ef80458b81b0e33a,0.1,315dbdd87ce4799e24e2491455488036877adc3cfd97fd7c550a270c21c3aea0,11f4d0f4f43c4cf36ccf4a0edf8c7ea51f1840fff291c100fa5b30264eb4fb53
35,6,31f23d479d1d4ac8ac20dc740ff0eb758d6e62413e45c9b46c25d428fa49ba38,30c73f3a9dba1034e633359f8f6a731d5f689e7471f0fbc5a992815ebf9753a0,2095dc7bd79b8153cd4d2a2669f979e7565afd0dadbe9f72b528388e4a753734,149c863e84a25b69d9c1fe64f6fa9b53e9e163a743ecd0264dbb31b5fa3346b2,edc4c4aa30bf3d9b3412e32caf2f4689499026c887c8b9dba3db44c98dc4271b,31,36,52,"[5, 6, 10, 12, 14, 18, 20, 21, 25, 26, 29, 31, 32, 36, 39, 42, 47, 52]",88d94e2b80cc09269e2fc88ff5b6b1d9f3766dd2d4ac5270ef80458b81b0e33a,0.1,315dbdd87ce4799e24e2491455488036877adc3cfd97fd7c550a270c21c3aea0,11f4d0f4f43c4cf36ccf4a0edf8c7ea51f1840fff291c100fa5b30264eb4fb53
37,6,31f23d479d1d4ac8ac20dc740ff0eb758d6e62413e45c9b46c25d428fa49ba38,efedd638aa1625dc35356f78b205aa796ac7c247800e2eff2af5148736130645,4e5e338687a0c634572bbb46200bf8ed98176ff14cdb7f4943f9f755d78cd828,ae17a2c5fc0fcc1860cdd16ca0b4898bc35ca2ed79b4aeff5ab80a08673b1068,79c2e2f4b39bf7520716a44d2d088374562361dfce7faa5ee61914d30234d6d0,5,42,52,"[5, 6, 10, 12, 14, 18, 20, 21, 25, 26, 29, 31, 32, 36, 39, 42, 47, 52]",88d94e2b80cc09269e2fc88ff5b6b1d9f3766dd2d4ac5270ef80458b81b0e33a,0.1,315dbdd87ce4799e24e2491455488036877adc3cfd97fd7c550a270c21c3aea0,11f4d0f4f43c4cf36ccf4a0edf8c7ea51f1840fff291c100fa5b30264eb4fb53
40,6,31f23d479d1d4ac8ac20dc740ff0eb758d6e62413e45c9b46c25d428fa49ba38,80144a29682e5feb5bd3e9aa0d2d277d1fec1315bdaeed88e77d26c6723e2a1b,5460764fdc58db1941b7c223f960e69da2971a2866823614457fc140bdbb99a3,5c33fdf20371b9046d3cabaf347b1a0b10f7c9524ee6305613389f24a3bd0539,c7b1a6a068c95a624fc1acb10e528544fe126e0832bbd43ab286f8e8c8f692e5,12,39,42,"[5, 6, 10, 12, 14, 18, 20, 21, 25, 26, 29, 31, 32, 36, 39, 42, 47, 52]",88d94e2b80cc09269e2fc88ff5b6b1d9f3766dd2d4ac5270ef80458b81b0e33a,0.1,315dbdd87ce4799e24e2491455488036877adc3cfd97fd7c550a270c21c3aea0,11f4d0f4f43c4cf36ccf4a0edf8c7ea51f1840fff291c100fa5b30264eb4fb53
41,6,31f23d479d1d4ac8ac20dc740ff0eb758d6e62413e45c9b46c25d428fa49ba38,c3c13c2045322082cace5cbba49aa80e3b4562315cfc65ef5be79d3654b0b291,05a8d0af43200f8de9bb38a997ce36b5a86628ffe8aff85c605ce1cd680f0d6c,fc791856681130d2a2f9769e2faf3465bb27241cb2aeae87f59dacf1a3e152fd,aad206bfcc0f9a84f598fc881b823d4532d1400a94e33e38c6a503a11b851466,20,21,47,"[5, 6, 10, 12, 14, 18, 20, 21, 25, 26, 29, 31, 32, 36, 39, 42, 47, 52]",88d94e2b80cc09269e2fc88ff5b6b1d9f3766dd2d4ac5270ef80458b81b0e33a,0.1,315dbdd87ce4799e24e2491455488036877adc3cfd97fd7c550a270c21c3aea0,11f4d0f4f43c4cf36ccf4a0edf8c7ea51f1840fff291c100fa5b30264eb4fb53
43,6,31f23d479d1d4ac8ac20dc740ff0eb758d6e62413e45c9b46c25d428fa49ba38,62c17d8fbe70cb79da6d08c6beb5f7b8c067d5e6084b3a44427e0436fb22047c,a5ce7c19af6a55a60c7b8a25edfb436a0de316df57a57e500c3165db0b0d623c,0c5fb7cfef1b434c9f2e1153cf4399c2f77a0e557f876938bbb9639d59011add,7ce8349c95c4d62e15dc6a3c78b8d842a4f3e7346d2ed6098cc560f09d8ccf1d,5,6,52,"[5, 6, 10, 12, 14, 18, 20, 21, 25, 26, 29, 31, 32, 36, 39, 42, 47, 52]",88d94e2b80cc09269e2fc88ff5b6b1d9f3766dd2d4ac5270ef80458b81b0e33a,0.1,315dbdd87ce4799e24e2491455488036877adc3cfd97fd7c550a270c21c3aea0,11f4d0f4f43c4cf36ccf4a0edf8c7ea51f1840fff291c100fa5b30264eb4fb53
44,6,31f23d479d1d4ac8ac20dc740ff0eb758d6e62413e45c9b46c25d428fa49ba38,2e6188d8f663a82311a04a3bf92fe3df09f39dd55b76de5c8ea5d0d7d8523c4e,67bf18478ce2d8730559a30376f51c2c3dffe42f96f35f04d03fb1ca4c628219,d5fd9551b1f827d7c10ea69e36f7ebdacd6ab8640cdb15086a60f0e34722cf7f,4b013a4a3c6b4dc09a0f7c12b28cab0b0f6e5c948cbe05b34b178a6028df6284,20,25,31,"[5, 6, 10, 12, 14, 18, 20, 21, 25, 26, 29, 31, 32, 36, 39, 42, 47, 52]",88d94e2b80cc09269e2fc88ff5b6b1d9f3766dd2d4ac5270ef80458b81b0e33a,0.1,315dbdd87ce4799e24e2491455488036877adc3cfd97fd7c550a270c21c3aea0,11f4d0f4f43c4cf36ccf4a0edf8c7ea51f1840fff291c100fa5b30264eb4fb53
46,6,31f23d479d1d4ac8ac20dc740ff0eb758d6e62413e45c9b46c25d428fa49ba38,796778db6d0244666ce42bbfd96d4c015c4271eca1552915e0cd832051fa5732,313f12792d89a8a2ae8d15500550568c8af8df5a6f165e84c6620ff6a28e9428,8b60c008b68b41c1835f08efdbb929b210e9c952838b7bfc922c2e507745164f,ec301638098d9a4fc9285033e277b3dd17fd138e5f3e3a1076298144fa14520e,5,29,42,"[5, 6, 10, 12, 14, 18, 20, 21, 25, 26, 29, 31, 32, 36, 39, 42, 47, 52]",88d94e2b80cc09269e2fc88ff5b6b1d9f3766dd2d4ac5270ef80458b81b0e33a,0.1,315dbdd87ce4799e24e2491455488036877adc3cfd97fd7c550a270c21c3aea0,11f4d0f4f43c4cf36ccf4a0edf8c7ea51f1840fff291c100fa5b30264eb4fb53
48,6,31f23d479d1d4ac8ac20dc740ff0eb758d6e62413e45c9b46c25d428fa49ba38,20069274cbfa0dfb53b2b7620a3e727441035e5fdb91e3aa8c1bd1393503e366,b001f8f19208fc04d03817619cbf5fe89145460421cf034a87184ae525f28f3d,5a7c6f7752a385d7e68b4802b075689e4633ebb0cc9d70079f26c8868091d64e,bf9f8af462bfc19db4721c69cfb6bae14ecae259ed62796a3e693db819fe9192,5,12,36,"[5, 6, 10, 12, 14, 18, 20, 21, 25, 26, 29, 31, 32, 36, 39, 42, 47, 52]",88d94e2b80cc09269e2fc88ff5b6b1d9f3766dd2d4ac5270ef80458b81b0e33a,0.1,315dbdd87ce4799e24e2491455488036877adc3cfd97fd7c550a270c21c3aea0,11f4d0f4f43c4cf36ccf4a0edf8c7ea51f1840fff291c100fa5b30264eb4fb53
49,6,31f23d479d1d4ac8ac20dc740ff0eb758d6e62413e45c9b46c25d428fa49ba38,f99bcb265dd5e777e6a4c7817978385029b1a59e96b2109a0d7af0822b47e0ce,60539046c81367748ef77dc67393d01c7d0a7ae2caabfb7363b7d99ca5926e63,fa93ba1a31d313dc1dbbf9bca07228e9e984366a286bb8a9164c513382223577,81939c58ac40e50e7c553d22ae7d5db58813e8c713e8874c9278bca5f7c142cc,20,26,47,"[5, 6, 10, 12, 14, 18, 20, 21, 25, 26, 29, 31, 32, 36, 39, 42, 47, 52]",88d94e2b80cc09269e2fc88ff5b6b1d9f3766dd2d4ac5270ef80458b81b0e33a,0.1,315dbdd87ce4799e24e2491455488036877adc3cfd97fd7c550a270c21c3aea0,11f4d0f4f43c4cf36ccf4a0edf8c7ea51f1840fff291c100fa5b30264eb4fb53
50,6,31f23d479d1d4ac8ac20dc740ff0eb758d6e62413e45c9b46c25d428fa49ba38,d3090175374ad682200f5b99fa9c0da684d4ae5342a9c304d32edd125a0a5f64,c3df36695b6f22fc1cd069fabb339748b2957da654a09e2fee2b4c5ec6a6a9e5,c10b77c560a8ca485d0338cf12e0d4adea0eb95de950e0a7247bd193a2c1bd95,c0f8781f7d92695dfcd55999cc6bb93796551c67a9fe8301a15c69cfa653a57e,18,25,31,"[5, 6, 10, 12, 14, 18, 20, 21, 25, 26, 29, 31, 32, 36, 39, 42, 47, 52]",88d94e2b80cc09269e2fc88ff5b6b1d9f3766dd2d4ac5270ef80458b81b0e33a,0.1,315dbdd87ce4799e24e2491455488036877adc3cfd97fd7c550a270c21c3aea0,11f4d0f4f43c4cf36ccf4a0edf8c7ea51f1840fff291c100fa5b30264eb4fb53
1,7,a79d239b7a3f0f259cbe196de6ea22d4d8e2d696327ed9a2e7d76cd91b6396bf,9d9216a76b8a8509abe5616c7bf61d659f7dae758db5d67f69242b67a155000f,42baf7ec01392f1ae2b36b29a8635c0d1fe8328340307b1d6bb9f71f0b19eb8c,561f35805609c14dd54e4d599cab69b7ba897146aa69fc2d0bfa8b961d23b759,ddafff48f4cb0f9fbbe2137c939682c6b6c5dd5b8c4c6a3a010d6860451a593b,5,14,52,"[5, 6, 10, 12, 14, 18, 20, 21, 25, 26, 29, 31, 32, 36, 39, 42, 47, 52]",38bfd365c9103cf1fef239e57ac3ec446aeab95d1af5b78ebffdc20b189033a4,0.1,315dbdd87ce4799e24e2491455488036877adc3cfd97fd7c550a270c21c3aea0,11f4d0f4f43c4cf36ccf4a0edf8c7ea51f1840fff291c100fa5b30264eb4fb53
4,7,a79d239b7a3f0f259cbe196de6ea22d4d8e2d696327ed9a2e7d76cd91b6396bf,c1d9d33a1c65b978f46cfb996708c421483a1a662432817a322e84657b77f91e,33a4112166e84d81de9d5d536f4078a32f180aa7fb1bcaa10665e05c8a48daea,307dacddc2a3fc56aef1242c6d6d62f7987104016a13841a7e1717393135a485,6dc37408bd52e2ea9f30f93dd53d8f922375720b3d45ebb698c5a7d0a33b5eed,21,36,42,"[5, 6, 10, 12, 14, 18, 20, 21, 25, 26, 29, 31, 32, 36, 39, 42, 47, 52]",38bfd365c9103cf1fef239e57ac3ec446aeab95d1af5b78ebffdc20b189033a4,0.1,315dbdd87ce4799e24e2491455488036877adc3cfd97fd7c550a270c21c3aea0,11f4d0f4f43c4cf36ccf4a0edf8c7ea51f1840fff291c100fa5b30264eb4fb53
7,7,a79d239b7a3f0f259cbe196de6ea22d4d8e2d696327ed9a2e7d76cd91b6396bf,5743b68e1fa9091037b8639639c24ec87a760e36e7de96632a1825400c5e4666,4822fe6adab06c9b9a14f34432e8df6da688887165dbda1bef22f592e7375a00,5f7fa3fcf7566cae5a867f63de683d20f3388ceb5d6aa8bbe24f24770f2a314e,ac8fbb411f8c41a3a08afd62cf8de1f8c5d61b86ee91ff4d8b9c7923bdaad3fa,10,32,36,"[5, 6, 10, 12, 14, 18, 20, 21, 25, 26, 29, 31, 32, 36, 39, 42, 47, 52]",38bfd365c9103cf1fef239e57ac3ec446aeab95d1af5b78ebffdc20b189033a4,0.1,315dbdd87ce4799e24e2491455488036877adc3cfd97fd7c550a270c21c3aea0,11f4d0f4f43c4cf36ccf4a0edf8c7ea51f1840fff291c100fa5b30264eb4fb53
11,7,a79d239b7a3f0f259cbe196de6ea22d4d8e2d696327ed9a2e7d76cd91b6396bf,837c426eb633edc04089c837bd469442ef9149c088a47fd230bc0ffae9ac7c2d,04b5132fd86f96e4663646a067e10b94870af2a0b222017df554692607feb5de,a9dc6300d40031ad068596a9b36e463f69d2a708b68fae0ac4f6eb05b5db596d,0ce5a56bcb9bd26679858107718e8ad8e2e50f49e80da9619e10b83855729697,10,47,52,"[5, 6, 10, 12, 14, 18, 20, 21, 25, 26, 29, 31, 32, 36, 39, 42, 47, 52]",38bfd365c9103cf1fef239e57ac3ec446aeab95d1af5b78ebffdc20b189033a4,0.1,315dbdd87ce4799e24e2491455488036877adc3cfd97fd7c550a270c21c3aea0,11f4d0f4f43c4cf36ccf4a0edf8c7ea51f1840fff291c100fa5b30264eb4fb53
13,7,a79d239b7a3f0f259cbe196de6ea22d4d8e2d696327ed9a2e7d76cd91b6396bf,4d968aa43a9a4a9c64e883afac35414f2a8974a15c64fc2d9c7f153ae7a4c5ee,91af2a2853886139d921c324bbdb0432675b2e1578c8d3d21f5aa4ba5d06f3ab,7cdf2f8df98ef0b31b4a208728eaf73a7b9086cb4d7318e9b95f3dc062eab736,e6abbeea2b32e55fbaf8671426c6f7a0d627a3e32bbeee073099e9a7fae9b120,14,36,52,"[5, 6, 10, 12, 14, 18, 20, 21, 25, 26, 29, 31, 32, 36, 39, 42, 47, 52]",38bfd365c9103cf1fef239e57ac3ec446aeab95d1af5b78ebffdc20b189033a4,0.1,315dbdd87ce4799e24e2491455488036877adc3cfd97fd7c550a270c21c3aea0,11f4d0f4f43c4cf36ccf4a0edf8c7ea51f1840fff291c100fa5b30264eb4fb53
15,7,a79d239b7a3f0f259cbe196de6ea22d4d8e2d696327ed9a2e7d76cd91b6396bf,9af824891a9f82a105142c3532bd27d0c01bad98bc2f0ae973967b3b54060993,40606602c1499b4b1c25fcd3988882cefdf646a4b018c04aae07900a84d41b55,ffc5077edc436d6c6d845ca3e1648baf74d51cf6ab6b7c0e54e287ef3721beb3,490387e5a4192dd1930976c247ce1ce4d4e67838f87b81bdf3da2d64903ef06c,5,29,39,"[5, 6, 10, 12, 14, 18, 20, 21, 25, 26, 29, 31, 32, 36, 39, 42, 47, 52]",38bfd365c9103cf1fef239e57ac3ec446aeab95d1af5b78ebffdc20b189033a4,0.1,315dbdd87ce4799e24e2491455488036877adc3cfd97fd7c550a270c21c3aea0,11f4d0f4f43c4cf36ccf4a0edf8c7ea51f1840fff291c100fa5b30264eb4fb53
19,7,a79d239b7a3f0f259cbe196de6ea22d4d8e2d696327ed9a2e7d76cd91b6396bf,7956e44799fb9a8b00129b132bd722b9ce1e196716bacab5015049019920ae36,325d87c6f5748d32267ea595ef5be2404568c6cc087da5edf62cda9b96edb60a,77ace30b7b661625eee5e2e353d3a92d72d36b774f0ed41a78214c3131457e04,cbdbe948d9e9901a625d5357985671bf6063532ea7738a8fa79ba161044fb0eb,6,14,20,"[5, 6, 10, 12, 14, 18, 20, 21, 25, 26, 29, 31, 32, 36, 39, 42, 47, 52]",38bfd365c9103cf1fef239e57ac3ec446aeab95d1af5b78ebffdc20b189033a4,0.1,315dbdd87ce4799e24e2491455488036877adc3cfd97fd7c550a270c21c3aea0,11f4d0f4f43c4cf36ccf4a0edf8c7ea51f1840fff291c100fa5b30264eb4fb53
22,7,a79d239b7a3f0f259cbe196de6ea22d4d8e2d696327ed9a2e7d76cd91b6396bf,e1512393fa24b72bc02679c03e40d56747e1b6915b0c9335d771b38b0138a2e6,d64c071e29950bfb9adcedab0faf561ffbf441c93b6c6a02ea56d17984516104,fd82b50bc4e732954f89c43046186fde35ad27adc5cd1a57deb4a83d72e6dd3c,fccdba05ef05b0c3e94cbb180be1e69ba20a6805538c294714af9e08c9667a06,21,36,39,"[5, 6, 10, 12, 14, 18, 20, 21, 25, 26, 29, 31, 32, 36, 39, 42, 47, 52]",38bfd365c9103cf1fef239e57ac3ec446aeab95d1af5b78ebffdc20b189033a4,0.1,315dbdd87ce4799e24e2491455488036877adc3cfd97fd7c550a270c21c3aea0,11f4d0f4f43c4cf36ccf4a0edf8c7ea51f1840fff291c100fa5b30264eb4fb53
23,7,a79d239b7a3f0f259cbe196de6ea22d4d8e2d696327ed9a2e7d76cd91b6396bf,15b31a83bcb60bbf004beefe8a0d0fc199f10a384e275d81fa619c5e8408716e,090e125ba4aa3bb3eb12c73694106cee937e7334c8d376654b4f591669c41330,f1e81c042ec803c4edeb7dd455acc0a9881b3806d662ad9d182540b8e4c8df9f,cbb6634ee78e9ccd9f244f1da8ef88ca4e1d1053fad91ce6b12af628771360fe,5,29,42,"[5, 6, 10, 12, 14, 18, 20, 21, 25, 26, 29, 31, 32, 36, 39, 42, 47, 52]",38bfd365c9103cf1fef239e57ac3ec446aeab95d1af5b78ebffdc20b189033a4,0.1,315dbdd87ce4799e24e2491455488036877adc3cfd97fd7c550a270c21c3aea0,11f4d0f4f43c4cf36ccf4a0edf8c7ea51f1840fff291c100fa5b30264eb4fb53
24,7,a79d239b7a3f0f259cbe196de6ea22d4d8e2d696327ed9a2e7d76cd91b6396bf,f5b9da615a4aea46f40a20ab61c97ef1af4839f50dac50d69442dea8b8bf851d,52d4bf28cdbc8c8b02bce557ab06229f6447fee456e581e921d3a419529a214b,fc823505c7439d245091e7304e28d9af982cbcff08b2bb72225fe3a10d121a3b,9ba28df8f178a4b7c51d16dd8081ab3663314bdb84371308b6a63ebbc4d44269,26,29,39,"[5, 6, 10, 12, 14, 18, 20, 21, 25, 26, 29, 31, 32, 36, 39, 42, 47, 52]",38bfd365c9103cf1fef239e57ac3ec446aeab95d1af5b78ebffdc20b189033a4,0.1,315dbdd87ce4799e24e2491455488036877adc3cfd97fd7c550a270c21c3aea0,11f4d0f4f43c4cf36ccf4a0edf8c7ea51f1840fff291c100fa5b30264eb4fb53
27,7,a79d239b7a3f0f259cbe196de6ea22d4d8e2d696327ed9a2e7d76cd91b6396bf,9e9087301b51c123354d617805e7728570ae7e835c2db80db8781c6923b52bc7,b6178e880f4f572a2a6c643b197fe21cca5183c3feebf520781cc216835ac54e,05978db0704e633743baa15bdb1aebe242ede10f7fa22010c451610e67d96955,cde44026923838ced2ea9b19f164ec32473a1bcc0ee63a70b0411c938d492d45,10,21,36,"[5, 6, 10, 12, 14, 18, 20, 21, 25, 26, 29, 31, 32, 36, 39, 42, 47, 52]",38bfd365c9103cf1fef239e57ac3ec446aeab95d1af5b78ebffdc20b189033a4,0.1,315dbdd87ce4799e24e2491455488036877adc3cfd97fd7c550a270c21c3aea0,11f4d0f4f43c4cf36ccf4a0edf8c7ea51f1840fff291c100fa5b30264eb4fb53
28,7,a79d239b7a3f0f259cbe196de6ea22d4d8e2d696327ed9a2e7d76cd91b6396bf,a2cb6285db3df607248f4c3be2ee850f7b16b4786e5ed21fbcd0a2ae226bdac5,c7307086b176ba4d7ad17cff56f1c983f59bade79156fb846cc35e13a232b705,e4308ae300be52440399a6a3dff4c2d8e100c0693d327252121759f7fe8a771b,af52229a7e8cd28425c040d32bb8524a08bc43a640200ad650f8667234c39111,5,18,29,"[5, 6, 10, 12, 14, 18, 20, 21, 25, 26, 29, 31, 32, 36, 39, 42, 47, 52]",38bfd365c9103cf1fef239e57ac3ec446aeab95d1af5b78ebffdc20b189033a4,0.1,315dbdd87ce4799e24e2491455488036877adc3cfd97fd7c550a270c21c3aea0,11f4d0f4f43c4cf36ccf4a0edf8c7ea51f1840fff291c100fa5b30264eb4fb53
30,7,a79d239b7a3f0f259cbe196de6ea22d4d8e2d696327ed9a2e7d76cd91b6396bf,eda06be0c4ebf2e68f2757fe63d3bb36777946caa24d6916cbc43420187e30bf,e9e60608c4102e1295d01f5f6550488833e10997256ff05844331871469aa904,c2ae66045c85075d1d42d5aa5b6273fbae01f7a42a1f298a8457ac9e27e230b2,78069c77f34758c82467519f0b893b725278a34cfa051564401054bc49646d95,12,21,26,"[5, 6, 10, 12, 14, 18, 20, 21, 25, 26, 29, 31, 32, 36, 39, 42, 47, 52]",38bfd365c9103cf1fef239e57ac3ec446aeab95d1af5b78ebffdc20b189033a4,0.1,315dbdd87ce4799e24e2491455488036877adc3cfd97fd7c550a270c21c3aea0,11f4d0f4f43c4cf36ccf4a0edf8c7ea51f1840fff291c100fa5b30264eb4fb53
34,7,a79d239b7a3f0f259cbe196de6ea22d4d8e2d696327ed9a2e7d76cd91b6396bf,fb463e5830052d4db80beb6e2b7c42756451472d31218fc111ade6693a9f650f,3b07c5666bead9581ae6331730a0a8c8495271d8bdc1a7d2390e16c780824fa0,0833a9ade2da6c6040ffab155241293dfbfa2ea79f828cab361ea35d0c97cef7,0a2ddb6d381d4a7e1c46de9333fe017517a1a86042c1c6cd7eeef8e60b304415,14,32,42,"[5, 6, 10, 12, 14, 18, 20, 21, 25, 26, 29, 31, 32, 36, 39, 42, 47, 52]",38bfd365c9103cf1fef239e57ac3ec446aeab95d1af5b78ebffdc20b189033a4,0.1,315dbdd87ce4799e24e2491455488036877adc3cfd97fd7c550a270c21c3aea0,11f4d0f4f43c4cf36ccf4a0edf8c7ea51f1840fff291c100fa5b30264eb4fb53
35,7,a79d239b7a3f0f259cbe196de6ea22d4d8e2d696327ed9a2e7d76cd91b6396bf,6e11a08eae132dcbbc36b01641256726514e160a9b0285c47272a3081895d2d4,a218bdc3e912d415b2080a817f40f788ef259373f1da89f82844a93466f1d422,b30cb22848472ffdbb43d23e24725e8ed0c7e6de280594917a4634a8c3311f81,57544d822254aa49113a94d5579a94f07cfd94ce015cbb301c05dd2cbf5e1791,5,6,14,"[5, 6, 10, 12, 14, 18, 20, 21, 25, 26, 29, 31, 32, 36, 39, 42, 47, 52]",38bfd365c9103cf1fef239e57ac3ec446aeab95d1af5b78ebffdc20b189033a4,0.1,315dbdd87ce4799e24e2491455488036877adc3cfd97fd7c550a270c21c3aea0,11f4d0f4f43c4cf36ccf4a0edf8c7ea51f1840fff291c100fa5b30264eb4fb53
37,7,a79d239b7a3f0f259cbe196de6ea22d4d8e2d696327ed9a2e7d76cd91b6396bf,532cc95896859b4800e1712f6a6f85dae114c1ad3e81b94b47c694b8b19a5947,59942391278de569ab7e0dcc391ca364f5f106f1ad7d88aba00ffd4ba3bf9f9b,14f8137d9b69979813e28576aa5e7516a054ebbda8fa74998f0935ebd1f23087,9565b946a109e12e0c913713df2fa4789ea40e2138158a940b33b439b5962609,10,20,25,"[5, 6, 10, 12, 14, 18, 20, 21, 25, 26, 29, 31, 32, 36, 39, 42, 47, 52]",38bfd365c9103cf1fef239e57ac3ec446aeab95d1af5b78ebffdc20b189033a4,0.1,315dbdd87ce4799e24e2491455488036877adc3cfd97fd7c550a270c21c3aea0,11f4d0f4f43c4cf36ccf4a0edf8c7ea51f1840fff291c100fa5b30264eb4fb53
40,7,a79d239b7a3f0f259cbe196de6ea22d4d8e2d696327ed9a2e7d76cd91b6396bf,27215d6ee21fee812454ae221e6c0229b6814e178a94e5f6914b8b582fc8c32d,fc7b033b5ac393a7c38699d13c2ae15dc175a186c1f40c67af15bdca7ac6683e,481036bb0d76fd08ffa92c68d2368988b66b96622d0095679efb7ec8c759f908,a3d077a5c34a6012305bf5d5abe7601aefc66f05e563204a98583995f8993f4f,10,12,52,"[5, 6, 10, 12, 14, 18, 20, 21, 25, 26, 29, 31, 32, 36, 39, 42, 47, 52]",38bfd365c9103cf1fef239e57ac3ec446aeab95d1af5b78ebffdc20b189033a4,0.1,315dbdd87ce4799e24e2491455488036877adc3cfd97fd7c550a270c21c3aea0,11f4d0f4f43c4cf36ccf4a0edf8c7ea51f1840fff291c100fa5b30264eb4fb53
41,7,a79d239b7a3f0f259cbe196de6ea22d4d8e2d696327ed9a2e7d76cd91b6396bf,50289b49f3f8f8039de29ca6f4616e95805803f87a9ec6299969f2b7f04858be,20cc1eb60bdbbfbdd0fef39e5bc9fccfe0fb55fffb1cf857ba63d2212aa93920,7cc5e1ce0f10df2c2761c8a5657506480d0291677cdf22d7bfb6ca7e0d1c078a,0b190be21cc5dabc069a85766f82c168543540fef8a234371b374ab0c4fdb10b,6,21,39,"[5, 6, 10, 12, 14, 18, 20, 21, 25, 26, 29, 31, 32, 36, 39, 42, 47, 52]",38bfd365c9103cf1fef239e57ac3ec446aeab95d1af5b78ebffdc20b189033a4,0.1,315dbdd87ce4799e24e2491455488036877adc3cfd97fd7c550a270c21c3aea0,11f4d0f4f43c4cf36ccf4a0edf8c7ea51f1840fff291c100fa5b30264eb4fb53
43,7,a79d239b7a3f0f259cbe196de6ea22d4d8e2d696327ed9a2e7d76cd91b6396bf,c9a81d6b02f51a7d3e670899e5a77d1b894434a45cf11bac14d25082c86d33c5,12d8476285df0a6ad4f8d38ad9648bff0960d8f8761acccc80adb3f57f7d9a44,a36dc291b44564a7f72fd75b1baf6480568e9a012f8f0f7d493cb5e7b9762ee8,1eeda1542973ed437e46e2e35f03fb843fb10aa78e4c932e69392d5f93702dcf,18,39,52,"[5, 6, 10, 12, 14, 18, 20, 21, 25, 26, 29, 31, 32, 36, 39, 42, 47, 52]",38bfd365c9103cf1fef239e57ac3ec446aeab95d1af5b78ebffdc20b189033a4,0.1,315dbdd87ce4799e24e2491455488036877adc3cfd97fd7c550a270c21c3aea0,11f4d0f4f43c4cf36ccf4a0edf8c7ea51f1840fff291c100fa5b30264eb4fb53
44,7,a79d239b7a3f0f259cbe196de6ea22d4d8e2d696327ed9a2e7d76cd91b6396bf,790eb74629ba1e12d90941f78b82df986100b9dac202a331bc80c0c45a87f504,88481216da035ea52ff49d99977a0ba51d47b6686fb6f8be2d0d1df4eeb71d73,b427b9945a0e01eabb60ca9d3847d260bafdf0635e9eee5c26c7c540a6449cf3,498a40315f1ace901c2b183c8ab26435a0afb2ac1337a2cefe2afbf236a32223,12,39,42,"[5, 6, 10, 12, 14, 18, 20, 21, 25, 26, 29, 31, 32, 36, 39, 42, 47, 52]",38bfd365c9103cf1fef239e57ac3ec446aeab95d1af5b78ebffdc20b189033a4,0.1,315dbdd87ce4799e24e2491455488036877adc3cfd97fd7c550a270c21c3aea0,11f4d0f4f43c4cf36ccf4a0edf8c7ea51f1840fff291c100fa5b30264eb4fb53
46,7,a79d239b7a3f0f259cbe196de6ea22d4d8e2d696327ed9a2e7d76cd91b6396bf,971fc2abaa4616f7cfa94b06952b894f0f1283d88663ca9b7b2fa7afc100e6d3,535b5306bf5e4df7419c73bb78392577816b49b6240f091876f1452f1f70e952,bf45f59c9945456a7a072f58780b04a15e4541e9aa3cb1df052eb5a11c1ee487,d7aa0cbf8ab05ef4f6781b72009ed85eed89369874ccdf92f101e3363b0eeeda,26,36,42,"[5, 6, 10, 12, 14, 18, 20, 21, 25, 26, 29, 31, 32, 36, 39, 42, 47, 52]",38bfd365c9103cf1fef239e57ac3ec446aeab95d1af5b78ebffdc20b189033a4,0.1,315dbdd87ce4799e24e2491455488036877adc3cfd97fd7c550a270c21c3aea0,11f4d0f4f43c4cf36ccf4a0edf8c7ea51f1840fff291c100fa5b30264eb4fb53
48,7,a79d239b7a3f0f259cbe196de6ea22d4d8e2d696327ed9a2e7d76cd91b6396bf,8b421cfc94c980ee1cebd9d667c899fe2bae5ad5008d18ccbccdc33ef8d441ce,fb0d15b077fff918c0955fc3c2c36362af3b9f992cfec5187bc07a17dcba281d,81225eb7fe2e60e5ee4f724ef1721897f72395fe2fb16363aa8a35812174a2b3,af90d41dec1a9d1610d42c8df08c09983e7ec7fafc509f9a8ea7475283b40177,5,29,39,"[5, 6, 10, 12, 14, 18, 20, 21, 25, 26, 29, 31, 32, 36, 39, 42, 47, 52]",38bfd365c9103cf1fef239e57ac3ec446aeab95d1af5b78ebffdc20b189033a4,0.1,315dbdd87ce4799e24e2491455488036877adc3cfd97fd7c550a270c21c3aea0,11f4d0f4f43c4cf36ccf4a0edf8c7ea51f1840fff291c100fa5b30264eb4fb53
49,7,a79d239b7a3f0f259cbe196de6ea22d4d8e2d696327ed9a2e7d76cd91b6396bf,e6d4eee5e1c4bd18dd49ebc5b16057d638601ad11258eb2e230c747900a9ff25,68f0cfd3fbf0bc2337d3da15939e4795bc1f53219a440d83371f99a1da43fbad,b67b04a27a32d6da511916c4b032bc21c9e25436f8978f3213f949317b209067,5fbb8a56ea21abbbb64e55505ee5381e78cbe53b30525fada6864475e966dd12,21,25,29,"[5, 6, 10, 12, 14, 18, 20, 21, 25, 26, 29, 31, 32, 36, 39, 42, 47, 52]",38bfd365c9103cf1fef239e57ac3ec446aeab95d1af5b78ebffdc20b189033a4,0.1,315dbdd87ce4799e24e2491455488036877adc3cfd97fd7c550a270c21c3aea0,11f4d0f4f43c4cf36ccf4a0edf8c7ea51f1840fff291c100fa5b30264eb4fb53
50,7,a79d239b7a3f0f259cbe196de6ea22d4d8e2d696327ed9a2e7d76cd91b6396bf,67acc88c9a12dc830d7d1b9e4c9f5c9b6a7b889a139725d9ca2f0e8da3ef749d,7da9db7844e5b2aa0c4245e938ec8fd04400ba2eb203d491180bd98a3ec0f4bc,b31810261b0a43a744078414f7fad650c38492d14da0d2fbee3b84c4f29f45bf,ba4c8e7477d941480c6b7e3588ed45069aca6b58c798eb985478aa15927603ed,20,21,31,"[5, 6, 10, 12, 14, 18, 20, 21, 25, 26, 29, 31, 32, 36, 39, 42, 47, 52]",38bfd365c9103cf1fef239e57ac3ec446aeab95d1af5b78ebffdc20b189033a4,0.1,315dbdd87ce4799e24e2491455488036877adc3cfd97fd7c550a270c21c3aea0,11f4d0f4f43c4cf36ccf4a0edf8c7ea51f1840fff291c100fa5b30264eb4fb53
1,8,76514ef3c3f21b2980ae2c7f3c9af69758efb65ea9948b34b7f6a7c0b54b4fad,61afc7b3d0f763a2ffdd9562e64121f531aaf2d90f0d30e748c3b774fef80933,4a95c065505181fdba75741f549b65a5f37922f44f9fd1cad75b6537487eb51c,fe9f709a489b7c756e0c1ba93d0a644292396e2e95800c441c5530a30f7eeeb5,d2c97468048fe641e1ce163f051aa6b25c4a52aadfff5b681edfe1bd5cdb38a4,12,20,26,"[5, 6, 10, 12, 14, 18, 20, 21, 25, 26, 29, 31, 32, 36, 39, 42, 47, 52]",bd5caf95bbbf733926c4344d035a4908732ea11407314472f9cce8616607d00e,1.0,315dbdd87ce4799e24e2491455488036877adc3cfd97fd7c550a270c21c3aea0,11f4d0f4f43c4cf36ccf4a0edf8c7ea51f1840fff291c100fa5b30264eb4fb53
4,8,76514ef3c3f21b2980ae2c7f3c9af69758efb65ea9948b34b7f6a7c0b54b4fad,d66c30abcd8946debd649a114f97a194854d2e0afc993065817a4ed543c62449,3dcc157a9802d326fde75969ba395f478c3fa80939eb2a24ba910415c1e550da,1c9c55040c614e33ff7d2d6c7690413c741a407784ea7f24a407e7ad009f84aa,e67a84b9e99cbf7ff2957cbf390fc467db24d8cbf89058b596090f71d911228a,10,31,36,"[5, 6, 10, 12, 14, 18, 20, 21, 25, 26, 29, 31, 32, 36, 39, 42, 47, 52]",bd5caf95bbbf733926c4344d035a4908732ea11407314472f9cce8616607d00e,1.0,315dbdd87ce4799e24e2491455488036877adc3cfd97fd7c550a270c21c3aea0,11f4d0f4f43c4cf36ccf4a0edf8c7ea51f1840fff291c100fa5b30264eb4fb53
7,8,76514ef3c3f21b2980ae2c7f3c9af69758efb65ea9948b34b7f6a7c0b54b4fad,4768e78b862e4ab2623f27ec6079016e1fda7d21d936c3b77083d5241e9e8777,675f3afd27c86ded652d1769d6664c6b5aa3727b2f8478099c254d8c92dae0b1,6f0a11eed7814af9da3384339bce2eb89b3aecd699cad3f7df0358df57c77119,7967e0940fbf892f0d34f1e0a00b66276ce01742758a6f776f07c615e8a9c937,12,14,32,"[5, 6, 10, 12, 14, 18, 20, 21, 25, 26, 29, 31, 32, 36, 39, 42, 47, 52]",bd5caf95bbbf733926c4344d035a4908732ea11407314472f9cce8616607d00e,1.0,315dbdd87ce4799e24e2491455488036877adc3cfd97fd7c550a270c21c3aea0,11f4d0f4f43c4cf36ccf4a0edf8c7ea51f1840fff291c100fa5b30264eb4fb53
11,8,76514ef3c3f21b2980ae2c7f3c9af69758efb65ea9948b34b7f6a7c0b54b4fad,e66e70e420ff81ea611b8a39be2e36916b05de2aadf25f5b78bd0633e3563df5,4374f3a8d68238b028d1b90f0c0f6042273e5d05533a8ec1d2c581fb5de24861,654cae4fd47753073479bd1cc56f81abf0fa631d9f35e7a7654f9b22cec6df7b,171011ba2502f14c46742db1b11e473fa4e3c89806c323d02a87b6bd17939790,14,26,29,"[5, 6, 10, 12, 14, 18, 20, 21, 25, 26, 29, 31, 32, 36, 39, 42, 47, 52]",bd5caf95bbbf733926c4344d035a4908732ea11407314472f9cce8616607d00e,1.0,315dbdd87ce4799e24e2491455488036877adc3cfd97fd7c550a270c21c3aea0,11f4d0f4f43c4cf36ccf4a0edf8c7ea51f1840fff291c100fa5b30264eb4fb53
13,8,76514ef3c3f21b2980ae2c7f3c9af69758efb65ea9948b34b7f6a7c0b54b4fad,309b74834a2f5bd4a507de3a92d297803ecc4808983d1fd6f588a19c02e851a1,17a7ae30bf0f58a7974aef5b2cb36ffcdc97e3f8b406ec9443c64347acbe8547,c79c97f846c87ce92e3c2609a380c8a81113976f949f37ed40091573ec0f93ce,ea901c15d281dea032f1f23977b388830f8c5f45610f5de3bfe3b68b104f7d0f,20,25,42,"[5, 6, 10, 12, 14, 18, 20, 21, 25, 26, 29, 31, 32, 36, 39, 42, 47, 52]",bd5caf95bbbf733926c4344d035a4908732ea11407314472f9cce8616607d00e,1.0,315dbdd87ce4799e24e2491455488036877adc3cfd97fd7c550a270c21c3aea0,11f4d0f4f43c4cf36ccf4a0edf8c7ea51f1840fff291c100fa5b30264eb4fb53
15,8,76514ef3c3f21b2980ae2c7f3c9af69758efb65ea9948b34b7f6a7c0b54b4fad,1a61fab5b79d28633695e6e2d77fd609d8914b9c274a6f9f066bcf338a1ef0f4,1b789cd08442014acdfb3fcc73a5cdc5b693d80d13849d977f513dafd50ea9b5,413469a1183fa805656fe2a5c1f229528de9324e8bec5c491f782b0c4d69fac1,378248f2cfdee6bf836a2a0ba9aae18c42058551d050e21f4a50c629e9da90c8,5,6,52,"[5, 6, 10, 12, 14, 18, 20, 21, 25, 26, 29, 31, 32, 36, 39, 42, 47, 52]",bd5caf95bbbf733926c4344d035a4908732ea11407314472f9cce8616607d00e,1.0,315dbdd87ce4799e24e2491455488036877adc3cfd97fd7c550a270c21c3aea0,11f4d0f4f43c4cf36ccf4a0edf8c7ea51f1840fff291c100fa5b30264eb4fb53
19,8,76514ef3c3f21b2980ae2c7f3c9af69758efb65ea9948b34b7f6a7c0b54b4fad,ae3c433094b9f748e1b7e84254b4883aa3d0ca348ee9e8839bbb2af6771a29a0,bdfbc8ab9e433cbed6d66b5919f7aef7456191f263cc86cc8ea87fec481a3549,52a298ef1846f0329994667a7d7805171ce5a0c8e7e9ffcb7ddab88996489418,053913786376fbcb7b73d2d01fe55fd80524a75f5bd1887dd31df80edf2867cd,5,6,39,"[5, 6, 10, 12, 14, 18, 20, 21, 25, 26, 29, 31, 32, 36, 39, 42, 47, 52]",bd5caf95bbbf733926c4344d035a4908732ea11407314472f9cce8616607d00e,1.0,315dbdd87ce4799e24e2491455488036877adc3cfd97fd7c550a270c21c3aea0,11f4d0f4f43c4cf36ccf4a0edf8c7ea51f1840fff291c100fa5b30264eb4fb53
22,8,76514ef3c3f21b2980ae2c7f3c9af69758efb65ea9948b34b7f6a7c0b54b4fad,0f24dce7b26c8629732ba21543636667d3ddf56800a50ac0fcdf09acec5dd920,bc2c8d5a2980073d981227cd149e60cdf8c9b4dd1d8a1a05aeea028182db3e98,ddb2b7ff16f22f815d5bff14c18458418abe1ff757f9abc695f1e41e7a322240,c193ee52bf94cb252707116661c1c36def7aae0bddc542d3b46549d4581d0be9,6,32,47,"[5, 6, 10, 12, 14, 18, 20, 21, 25, 26, 29, 31, 32, 36, 39, 42, 47, 52]",bd5caf95bbbf733926c4344d035a4908732ea11407314472f9cce8616607d00e,1.0,315dbdd87ce4799e24e2491455488036877adc3cfd97fd7c550a270c21c3aea0,11f4d0f4f43c4cf36ccf4a0edf8c7ea51f1840fff291c100fa5b30264eb4fb53
23,8,76514ef3c3f21b2980ae2c7f3c9af69758efb65ea9948b34b7f6a7c0b54b4fad,3e1e5ea60246c0d0c0a65899acee3306059180586a9650427613ace932f3b159,3a64cc896da9abb9946e8425e040e4282ca94eb8a35d499275f62497fc202e0e,441083f172e5f2d6c0f598b45d3adb98c5dbb7e223c5d1d49730be0ce9a16b79,ccbe66f10d7d7fb3fb6aa9dd9ad07083a5fea0a2ad60b3520a90e5294d5b36be,10,25,36,"[5, 6, 10, 12, 14, 18, 20, 21, 25, 26, 29, 31, 32, 36, 39, 42, 47, 52]",bd5caf95bbbf733926c4344d035a4908732ea11407314472f9cce8616607d00e,1.0,315dbdd87ce4799e24e2491455488036877adc3cfd97fd7c550a270c21c3aea0,11f4d0f4f43c4cf36ccf4a0edf8c7ea51f1840fff291c100fa5b30264eb4fb53
24,8,76514ef3c3f21b2980ae2c7f3c9af69758efb65ea9948b34b7f6a7c0b54b4fad,1cebea30d36634374d9a8391c12227ec827f289d3920a8da60afac5df428b0bc,be64a0709e91830088cda4655c5066edf74eead44a15643211d629b60169d122,a37120138433da4c5aee221c47527fc5f73ccfa057427f0a49e4b1b8b7edfab9,ae8e8793f64903f6ccea3beaba2e8e39f6f086aa644b1ad38145db13fc6ad8e6,21,42,47,"[5, 6, 10, 12, 14, 18, 20, 21, 25, 26, 29, 31, 32, 36, 39, 42, 47, 52]",bd5caf95bbbf733926c4344d035a4908732ea11407314472f9cce8616607d00e,1.0,315dbdd87ce4799e24e2491455488036877adc3cfd97fd7c550a270c21c3aea0,11f4d0f4f43c4cf36ccf4a0edf8c7ea51f1840fff291c100fa5b30264eb4fb53
27,8,76514ef3c3f21b2980ae2c7f3c9af69758efb65ea9948b34b7f6a7c0b54b4fad,11fdeb2773f1e2d29b6be483ead7b55ac1a8ac89fa3dab8d640e511f6a64cc88,103a154b5d59ec89616c484a6dbcd2fad985f6e8dbdaf6423569e58b819333cf,f56aff9c00daa056e97e7384633efe45cb5e2e0761797a4c59accb0fbdb93fd4,27d1e3260b4d95f0daf0ac1bafb74b1c317f5493671346d3f99f237f4beea10f,31,32,42,"[5, 6, 10, 12, 14, 18, 20, 21, 25, 26, 29, 31, 32, 36, 39, 42, 47, 52]",bd5caf95bbbf733926c4344d035a4908732ea11407314472f9cce8616607d00e,1.0,315dbdd87ce4799e24e2491455488036877adc3cfd97fd7c550a270c21c3aea0,11f4d0f4f43c4cf36ccf4a0edf8c7ea51f1840fff291c100fa5b30264eb4fb53
28,8,76514ef3c3f21b2980ae2c7f3c9af69758efb65ea9948b34b7f6a7c0b54b4fad,c6485bd4f9e95d833df2d8ba661bce8b2ed24b820242eb2455eba8e7337316ef,bccf280f73fd0b5a25851f75e73462aa9ec43899dcd692e0da2a66f6973af2bf,9b09e2cfba7f1cce42d496624d1be92f4a5f553ccccc36ecb0b8958c1fc978c1,df0155b5908c7fea110e40c4ad6ebe664a58679515aa8b6b55322e91308c8138,6,36,47,"[5, 6, 10, 12, 14, 18, 20, 21, 25, 26, 29, 31, 32, 36, 39, 42, 47, 52]",bd5caf95bbbf733926c4344d035a4908732ea11407314472f9cce8616607d00e,1.0,315dbdd87ce4799e24e2491455488036877adc3cfd97fd7c550a270c21c3aea0,11f4d0f4f43c4cf36ccf4a0edf8c7ea51f1840fff291c100fa5b30264eb4fb53
30,8,76514ef3c3f21b2980ae2c7f3c9af69758efb65ea9948b34b7f6a7c0b54b4fad,7eb9afbe8f428cbd00a4332ae10a7f6a0dbb4bdccf28b5370f5b78741d9e6290,0ebf134065f7c05c12e0ec9f8c62c4f317b651aaebf4745c8fff7af479604a7d,ad7775150824d5770f7b29e9aaea7c88d51ae3e0ef95f01260551f0b00764f2f,fb45ea48c28ccebe1d03c5b28d27cd0fcda6ad44bd6c06dcc8edebc82edd6c1f,6,12,39,"[5, 6, 10, 12, 14, 18, 20, 21, 25, 26, 29, 31, 32, 36, 39, 42, 47, 52]",bd5caf95bbbf733926c4344d035a4908732ea11407314472f9cce8616607d00e,1.0,315dbdd87ce4799e24e2491455488036877adc3cfd97fd7c550a270c21c3aea0,11f4d0f4f43c4cf36ccf4a0edf8c7ea51f1840fff291c100fa5b30264eb4fb53
34,8,76514ef3c3f21b2980ae2c7f3c9af69758efb65ea9948b34b7f6a7c0b54b4fad,c114dce3fa807cc3d8b186da2f154cb7bf48cefd788ecb7aa12d12552071294b,69e0d15a0f1e72d141f01dce91d2a4f83dac93d4782cec769499986dd9254bfb,4457dc2faf0a83126526dfe06ee69db4142a06d8a9c9e2a2c1938f5df5642a61,7d3ff9240201b3ad7a6c45c2c1c83237c3d4fbd51ba0f7838789433ec78861cf,14,18,36,"[5, 6, 10, 12, 14, 18, 20, 21, 25, 26, 29, 31, 32, 36, 39, 42, 47, 52]",bd5caf95bbbf733926c4344d035a4908732ea11407314472f9cce8616607d00e,1.0,315dbdd87ce4799e24e2491455488036877adc3cfd97fd7c550a270c21c3aea0,11f4d0f4f43c4cf36ccf4a0edf8c7ea51f1840fff291c100fa5b30264eb4fb53
35,8,76514ef3c3f21b2980ae2c7f3c9af69758efb65ea9948b34b7f6a7c0b54b4fad,51c207aecd0dfd3dad4dc4ec0cb860a3343ecc4fa78bf0b2d0568c70957b06af,1e3d2c38c6254408bcdc90fba104b44641ebdb3a1f8d36f4ce309c4e11234c97,8df7fafd455291ebecdc20b27ee68e2929f9caf64d8a27e51c7e7c9c66646cde,e0bbce95d512bf01c6a848870f23aa313575c04ff35fcb7e8fc7ec3c77f8f81a,18,31,52,"[5, 6, 10, 12, 14, 18, 20, 21, 25, 26, 29, 31, 32, 36, 39, 42, 47, 52]",bd5caf95bbbf733926c4344d035a4908732ea11407314472f9cce8616607d00e,1.0,315dbdd87ce4799e24e2491455488036877adc3cfd97fd7c550a270c21c3aea0,11f4d0f4f43c4cf36ccf4a0edf8c7ea51f1840fff291c100fa5b30264eb4fb53
37,8,76514ef3c3f21b2980ae2c7f3c9af69758efb65ea9948b34b7f6a7c0b54b4fad,38f9d0d904f221334558c113e7df9554f66d806b259cdaccd6d1309f4d894df5,86ceb68f9bbba82b1f7420c5944ee2890c7059d73e7c6e0f2b82c643268ffcf2,0458ffa152f039bff40a2df3ee776e48a9fb54e85de48ea516080dff93cc5756,f0eecb809b6f9e06cab2ad05def3a8f2b0781ed950ff087aa5b54baa35be59dc,12,25,39,"[5, 6, 10, 12, 14, 18, 20, 21, 25, 26, 29, 31, 32, 36, 39, 42, 47, 52]",bd5caf95bbbf733926c4344d035a4908732ea11407314472f9cce8616607d00e,1.0,315dbdd87ce4799e24e2491455488036877adc3cfd97fd7c550a270c21c3aea0,11f4d0f4f43c4cf36ccf4a0edf8c7ea51f1840fff291c100fa5b30264eb4fb53
40,8,76514ef3c3f21b2980ae2c7f3c9af69758efb65ea9948b34b7f6a7c0b54b4fad,38b169e2af5dc2329da8b33e784759388bf5a13cc36aefaa73e303bc8739669f,8701704f50b743a95c2631a5cddebb26d3294d185cd355100f0b74cd5e7f27be,431c6bfea496d485b782b35e8f2344752335c33deb68e90429446cee59eddff1,8588e09b220df9088e4a7c1833c6d6799523d6dab325c9be76990c71f5f4b598,10,29,36,"[5, 6, 10, 12, 14, 18, 20, 21, 25, 26, 29, 31, 32, 36, 39, 42, 47, 52]",bd5caf95bbbf733926c4344d035a4908732ea11407314472f9cce8616607d00e,1.0,315dbdd87ce4799e24e2491455488036877adc3cfd97fd7c550a270c21c3aea0,11f4d0f4f43c4cf36ccf4a0edf8c7ea51f1840fff291c100fa5b30264eb4fb53
41,8,76514ef3c3f21b2980ae2c7f3c9af69758efb65ea9948b34b7f6a7c0b54b4fad,dcd18b6ef87310ad99eb7c41efef052676fbacecc5ab3e2bc49ae71d0f9326d4,2b078eb23f808aa19050a5ec2c6e1545a1f9c417cd659ed641075e594d2b21cc,1f5b8ad2ae022538f873b316962c0c8aea77b204979096ce9c5b74e8138fe664,2bf3dcba1a581470cb8fe60782ec2cf9622408690ae5bf67300cb5883c3786dc,29,32,39,"[5, 6, 10, 12, 14, 18, 20, 21, 25, 26, 29, 31, 32, 36, 39, 42, 47, 52]",bd5caf95bbbf733926c4344d035a4908732ea11407314472f9cce8616607d00e,1.0,315dbdd87ce4799e24e2491455488036877adc3cfd97fd7c550a270c21c3aea0,11f4d0f4f43c4cf36ccf4a0edf8c7ea51f1840fff291c100fa5b30264eb4fb53
43,8,76514ef3c3f21b2980ae2c7f3c9af69758efb65ea9948b34b7f6a7c0b54b4fad,67f8aa1246cd0d60dc6b1ef29542b7ccbddcfdfaaf0e7ab38953e169f4ee8c8f,fb92eda05bf1282cda71957aa8d602d9997832daad16b4e30bced1bbfabe5c18,b274f34f981a6e3ec1940e74b07e74049ef77728762e0e52c47f49dcdb3d79dd,dfc0219435f0311215d27621fd4f228aaefbcba47d8ce04885cf983974d243e9,18,31,52,"[5, 6, 10, 12, 14, 18, 20, 21, 25, 26, 29, 31, 32, 36, 39, 42, 47, 52]",bd5caf95bbbf733926c4344d035a4908732ea11407314472f9cce8616607d00e,1.0,315dbdd87ce4799e24e2491455488036877adc3cfd97fd7c550a270c21c3aea0,11f4d0f4f43c4cf36ccf4a0edf8c7ea51f1840fff291c100fa5b30264eb4fb53
44,8,76514ef3c3f21b2980ae2c7f3c9af69758efb65ea9948b34b7f6a7c0b54b4fad,e9fbe02f1f81a4dbe2bf3eb3ff7b98bdad31efb82580d19f2e5775dd0d422316,8ec03941ef28f689b6ca3db4767f116139b23cf094ab3a6939700b01acc12864,03d60abc5f19d53e589c4b53df016e06afa61367af8d6513989009ff41a4f259,939aab0b70a6a4e358f437694e313325c51c7b6327828943423451d865f63702,36,39,47,"[5, 6, 10, 12, 14, 18, 20, 21, 25, 26, 29, 31, 32, 36, 39, 42, 47, 52]",bd5caf95bbbf733926c4344d035a4908732ea11407314472f9cce8616607d00e,1.0,315dbdd87ce4799e24e2491455488036877adc3cfd97fd7c550a270c21c3aea0,11f4d0f4f43c4cf36ccf4a0edf8c7ea51f1840fff291c100fa5b30264eb4fb53
46,8,76514ef3c3f21b2980ae2c7f3c9af69758efb65ea9948b34b7f6a7c0b54b4fad,3e8f45ed04f348292b367d227a39385320f828b04f86dbd23868488b68a3f85d,702dbeb0299d61aa04c62dc560c1a4ce966b6e6f1df3e450750035c866ce41fd,cd36fc5136f5bd345c5baf91cc85cd62a4fb0a2efa795d38f6eac4291ec505fa,f7aaab725734e9e0676881b3e8d5889b4f987ba50611c4b75df3e08bafe44ab7,25,26,47,"[5, 6, 10, 12, 14, 18, 20, 21, 25, 26, 29, 31, 32, 36, 39, 42, 47, 52]",bd5caf95bbbf733926c4344d035a4908732ea11407314472f9cce8616607d00e,1.0,315dbdd87ce4799e24e2491455488036877adc3cfd97fd7c550a270c21c3aea0,11f4d0f4f43c4cf36ccf4a0edf8c7ea51f1840fff291c100fa5b30264eb4fb53
48,8,76514ef3c3f21b2980ae2c7f3c9af69758efb65ea9948b34b7f6a7c0b54b4fad,4e616657b5a7295a44ccea36cdb90f57ec7c0871a260f95d0c4eb50c3fce8ce2,7b44fc1c15d450d2a7b69af009b7027a9ed981e8576df650f81944df69caff5d,bf0bea5ecf12abfe90931dab0b32ed8816431008e1166a5d17f4e5709bb00785,bb4ce2bc54bc2397cce8f921610034abe89ba49bd7426e02c9780c03256a4fb2,5,32,52,"[5, 6, 10, 12, 14, 18, 20, 21, 25, 26, 29, 31, 32, 36, 39, 42, 47, 52]",bd5caf95bbbf733926c4344d035a4908732ea11407314472f9cce8616607d00e,1.0,315dbdd87ce4799e24e2491455488036877adc3cfd97fd7c550a270c21c3aea0,11f4d0f4f43c4cf36ccf4a0edf8c7ea51f1840fff291c100fa5b30264eb4fb53
49,8,76514ef3c3f21b2980ae2c7f3c9af69758efb65ea9948b34b7f6a7c0b54b4fad,bf69763cd0b36adbecf3dc2105f8132b9e5cd0e00e560c69b6a33651ef0f3941,4b61170605509185819aea55c5abdefe4852a9e12eb814e784504f57010f08f5,16d0d0254a63ea811832a014b8a8c6edc97153dafe5d8bb1b0eb2600f9a3dd4b,608400e3522e6b479dc7eef882e70f48d957e0bd30950e67394be10a3803aede,10,18,29,"[5, 6, 10, 12, 14, 18, 20, 21, 25, 26, 29, 31, 32, 36, 39, 42, 47, 52]",bd5caf95bbbf733926c4344d035a4908732ea11407314472f9cce8616607d00e,1.0,315dbdd87ce4799e24e2491455488036877adc3cfd97fd7c550a270c21c3aea0,11f4d0f4f43c4cf36ccf4a0edf8c7ea51f1840fff291c100fa5b30264eb4fb53
50,8,76514ef3c3f21b2980ae2c7f3c9af69758efb65ea9948b34b7f6a7c0b54b4fad,3cfffd9cbe1fb402a88f415fc4eec7ae5fba92a215b87896d2114e4a1691be81,35c53485842675a25d88603b747e7bb023dda53033bf75ea2d6bcad8e5c47688,a9d19a636fac229799359444ff50e49b80d6b39645c1b7d451900739fcfd6cf0,84a3cf93cbbe13cb2066d798efb70b51b3d9748a31ab29b4074802e16a4c8dfe,10,25,42,"[5, 6, 10, 12, 14, 18, 20, 21, 25, 26, 29, 31, 32, 36, 39, 42, 47, 52]",bd5caf95bbbf733926c4344d035a4908732ea11407314472f9cce8616607d00e,1.0,315dbdd87ce4799e24e2491455488036877adc3cfd97fd7c550a270c21c3aea0,11f4d0f4f43c4cf36ccf4a0edf8c7ea51f1840fff291c100fa5b30264eb4fb53
1,9,0f252e9c418bf73f6108b784ef87c58fbc6634b83157bd5f4f1594d497e7637a,b2e0a216d4a352900ec7ffd1f11114c76df1c5fec7d095419f167007907ab8d0,23a3c80c2d66f9492aa957bb75b4d17c15e4d6aac2e79a642805975e30317963,131610761a465f9ca4b1f1bce1b4fd5e59bfafc58a3b17bb09259fd1b181c438,d242b72b4bd648accecee4c4a9f3237f24f3f70d2ad92a40cf63a29f20abbea6,6,25,31,"[5, 6, 10, 12, 14, 18, 20, 21, 25, 26, 29, 31, 32, 36, 39, 42, 47, 52]",1cb5648c0efc380249e4c872119a5a54d8cf8a0bf56b1774279bcaac3a0c3e32,0.1,315dbdd87ce4799e24e2491455488036877adc3cfd97fd7c550a270c21c3aea0,11f4d0f4f43c4cf36ccf4a0edf8c7ea51f1840fff291c100fa5b30264eb4fb53
4,9,0f252e9c418bf73f6108b784ef87c58fbc6634b83157bd5f4f1594d497e7637a,2fd421ac4de027c8be1730a840b499fe5d270ca90bbe958a4021112d228cb7cf,937d72393035530fde56f687d6c3c4c8b435c74173201751bf4128b33ad23679,40eddafc3aca68a0e5a9d75f323d9db959745bf17fed933292210dfbf47eefb6,e14cb1d3fd49cbe57e05f8d80c19f0eecf6d766bb07c95ed2fde56944eac8be7,10,14,31,"[5, 6, 10, 12, 14, 18, 20, 21, 25, 26, 29, 31, 32, 36, 39, 42, 47, 52]",1cb5648c0efc380249e4c872119a5a54d8cf8a0bf56b1774279bcaac3a0c3e32,0.1,315dbdd87ce4799e24e2491455488036877adc3cfd97fd7c550a270c21c3aea0,11f4d0f4f43c4cf36ccf4a0edf8c7ea51f1840fff291c100fa5b30264eb4fb53
7,9,0f252e9c418bf73f6108b784ef87c58fbc6634b83157bd5f4f1594d497e7637a,a1826ea4d8a59d35f80b5bef1896de8798332b398c5a346edbd5e68b61ae72ef,b10c7438d4e141dedad90278d2084fd06d4b360caf389548605a195cc108d364,5b041e6ec8a71551431bd3220efd9ef028dc447613b92d13f147d4c7a9790c1b,85e9003f33795bf734f00b9482473371bc9c864742ba6813906f72cbf50ee931,12,31,39,"[5, 6, 10, 12, 14, 18, 20, 21, 25, 26, 29, 31, 32, 36, 39, 42, 47, 52]",1cb5648c0efc380249e4c872119a5a54d8cf8a0bf56b1774279bcaac3a0c3e32,0.1,315dbdd87ce4799e24e2491455488036877adc3cfd97fd7c550a270c21c3aea0,11f4d0f4f43c4cf36ccf4a0edf8c7ea51f1840fff291c100fa5b30264eb4fb53
11,9,0f252e9c418bf73f6108b784ef87c58fbc6634b83157bd5f4f1594d497e7637a,18db53b0213bc747e25908fa0d2c39da2a33f2cd71a286a228a59721828d46a5,c8dff84a307b6da00e36164aa359f7b68e8394984fa965f508dc6a1c4de3d8fe,d03ffef6248efeca8be914dcd10a78796b2c4998e9c8a50b5b921d61f2cc4764,275c24a9e7d30ccbd9987869ea6b30f3414adaf14d28066b6a962fc7b09f7dde,10,32,42,"[5, 6, 10, 12, 14, 18, 20, 21, 25, 26, 29, 31, 32, 36, 39, 42, 47, 52]",1cb5648c0efc380249e4c872119a5a54d8cf8a0bf56b1774279bcaac3a0c3e32,0.1,315dbdd87ce4799e24e2491455488036877adc3cfd97fd7c550a270c21c3aea0,11f4d0f4f43c4cf36ccf4a0edf8c7ea51f1840fff291c100fa5b30264eb4fb53
13,9,0f252e9c418bf73f6108b784ef87c58fbc6634b83157bd5f4f1594d497e7637a,540e6fdb8321131e342f0b4c067227780b1ac65fdc5ac08b21db5c68d1a60b0e,64472a1fcedb0b5f57b6a0dec494f2424269f7352566223a5290a1d780bb6d8e,ff7930a257a8e9edf6e28c578f04a6e662308dee70be647f42d951d090b461f0,a6f3ee8025a16376006bdabdd41d012e876282e38dbdab35dd6ee7904112c220,14,42,47,"[5, 6, 10, 12, 14, 18, 20, 21, 25, 26, 29, 31, 32, 36, 39, 42, 47, 52]",1cb5648c0efc380249e4c872119a5a54d8cf8a0bf56b1774279bcaac3a0c3e32,0.1,315dbdd87ce4799e24e2491455488036877adc3cfd97fd7c550a270c21c3aea0,11f4d0f4f43c4cf36ccf4a0edf8c7ea51f1840fff291c100fa5b30264eb4fb53
15,9,0f252e9c418bf73f6108b784ef87c58fbc6634b83157bd5f4f1594d497e7637a,36ef1bb585b9d30683290ac6769bc84c8a71d0a132333b2a7a09f5e0a2586992,260762937ef21bdcbfba87f3e7178d309299a25a7f431728b58254f06b33cdfd,040d0b3715cc21e398e807c3bd0a353851e773094995f92c939eb0d581b5bae1,4e8cc5165047e007c46dd7a37cc7f6ab697c7b8ddc6f76bda95557ef0854bdf9,25,31,39,"[5, 6, 10, 12, 14, 18, 20, 21, 25, 26, 29, 31, 32, 36, 39, 42, 47, 52]",1cb5648c0efc380249e4c872119a5a54d8cf8a0bf56b1774279bcaac3a0c3e32,0.1,315dbdd87ce4799e24e2491455488036877adc3cfd97fd7c550a270c21c3aea0,11f4d0f4f43c4cf36ccf4a0edf8c7ea51f1840fff291c100fa5b30264eb4fb53
19,9,0f252e9c418bf73f6108b784ef87c58fbc6634b83157bd5f4f1594d497e7637a,05508cb480290e9be7febd9622a83b9fae08d48778a00d2163c53e556b042552,938fdd385b865aeb50ffdde9ce99b8eb5c9f56b95468b073771346d914d58d72,f99204e123f7389b3b90cc71cba5ab33682307ff693c02c67895fa28c77c2827,ffc9585170d965a489791c3440892cb1d6db3ae3143415822b20a1752e0a9d12,25,26,32,"[5, 6, 10, 12, 14, 18, 20, 21, 25, 26, 29, 31, 32, 36, 39, 42, 47, 52]",1cb5648c0efc380249e4c872119a5a54d8cf8a0bf56b1774279bcaac3a0c3e32,0.1,315dbdd87ce4799e24e2491455488036877adc3cfd97fd7c550a270c21c3aea0,11f4d0f4f43c4cf36ccf4a0edf8c7ea51f1840fff291c100fa5b30264eb4fb53
22,9,0f252e9c418bf73f6108b784ef87c58fbc6634b83157bd5f4f1594d497e7637a,075e3b8615ff0af22c2c27c13c3fd3d88e9a09763172e1997841ba3083245488,5ae0b1e7b978fbc814b3b9e55136b574cc4f4159ce7a35414028cd4308b4e454,6917695665687ad93ddd8116a01bd9dd99bc926ae29a081207bf3b1c09feb41d,c9394051ccd23991e2b70995271dfb99016fa5d1c33d86660beed1c0287c523c,5,32,39,"[5, 6, 10, 12, 14, 18, 20, 21, 25, 26, 29, 31, 32, 36, 39, 42, 47, 52]",1cb5648c0efc380249e4c872119a5a54d8cf8a0bf56b1774279bcaac3a0c3e32,0.1,315dbdd87ce4799e24e2491455488036877adc3cfd97fd7c550a270c21c3aea0,11f4d0f4f43c4cf36ccf4a0edf8c7ea51f1840fff291c100fa5b30264eb4fb53
23,9,0f252e9c418bf73f6108b784ef87c58fbc6634b83157bd5f4f1594d497e7637a,6ed6fee657973b67a023e57dcd00c5233df3c3a5f621a58dae865c694422217c,76220da8f4e1e0f59d843368a9c0273e87926364205c81be05f500a5a7af7e97,0f913114f2a183fe1fae2e1316a458465d62d76fff06a9fc299134d13cd39059,46412213fcede3181d862183635810cc517d36eecd4a214473d9616f83686bda,10,32,42,"[5, 6, 10, 12, 14, 18, 20, 21, 25, 26, 29, 31, 32, 36, 39, 42, 47, 52]",1cb5648c0efc380249e4c872119a5a54d8cf8a0bf56b1774279bcaac3a0c3e32,0.1,315dbdd87ce4799e24e2491455488036877adc3cfd97fd7c550a270c21c3aea0,11f4d0f4f43c4cf36ccf4a0edf8c7ea51f1840fff291c100fa5b30264eb4fb53
24,9,0f252e9c418bf73f6108b784ef87c58fbc6634b83157bd5f4f1594d497e7637a,452a668e47ead819f6b0a32324a3b8adedb312fbd0ab9795d3c6b6f332ff5626,cba717fce299dab78268b6c6e23226621042b03c79832aaa2a549ae57f576ccc,7fb3949a5f00a49bf5d051956605767c092c98fec2b1424ba004630789409c3a,57ec9b9a65f45cae3dd9efe159ac73e34f118665d767cc3157dc4b2e13d93e64,20,39,47,"[5, 6, 10, 12, 14, 18, 20, 21, 25, 26, 29, 31, 32, 36, 39, 42, 47, 52]",1cb5648c0efc380249e4c872119a5a54d8cf8a0bf56b1774279bcaac3a0c3e32,0.1,315dbdd87ce4799e24e2491455488036877adc3cfd97fd7c550a270c21c3aea0,11f4d0f4f43c4cf36ccf4a0edf8c7ea51f1840fff291c100fa5b30264eb4fb53
27,9,0f252e9c418bf73f6108b784ef87c58fbc6634b83157bd5f4f1594d497e7637a,960c1898bbad153ea4aab0b12dcb8c69ea3e32f610a21990bf9e42f2b4a5f12d,13583f70b8c43b811c69cd1fdea1c42f058e81d76c4f0815c5684cfdb6942dce,43ee89d4852f3590b7899e600a070389f0875103119023f9d0b1c7cb7ce0725b,0db92279e780b4220835498c3b3e22762cc2b87026519fec9c0a3892afdf2493,14,32,36,"[5, 6, 10, 12, 14, 18, 20, 21, 25, 26, 29, 31, 32, 36, 39, 42, 47, 52]",1cb5648c0efc380249e4c872119a5a54d8cf8a0bf56b1774279bcaac3a0c3e32,0.1,315dbdd87ce4799e24e2491455488036877adc3cfd97fd7c550a270c21c3aea0,11f4d0f4f43c4cf36ccf4a0edf8c7ea51f1840fff291c100fa5b30264eb4fb53
28,9,0f252e9c418bf73f6108b784ef87c58fbc6634b83157bd5f4f1594d497e7637a,cdf411653ae6e762fff783097d7653872cd5288c4aa113e98f7aec847e9da514,cd35f9a62cabd9c54069e597d665cde26df55e9c121ca00dbd41abebc6c9bf66,2eb3f8bd1d55b1e9c16c524bbcccd452809d33f7445a2d4e8f0d30db5f4a5bde,094837bd796ff2a9ff5e4de016bd5d8ea4fa4e68aaa3a26cee1bba1bb0860ec0,5,10,21,"[5, 6, 10, 12, 14, 18, 20, 21, 25, 26, 29, 31, 32, 36, 39, 42, 47, 52]",1cb5648c0efc380249e4c872119a5a54d8cf8a0bf56b1774279bcaac3a0c3e32,0.1,315dbdd87ce4799e24e2491455488036877adc3cfd97fd7c550a270c21c3aea0,11f4d0f4f43c4cf36ccf4a0edf8c7ea51f1840fff291c100fa5b30264eb4fb53
30,9,0f252e9c418bf73f6108b784ef87c58fbc6634b83157bd5f4f1594d497e7637a,4ad1aa0159230f97c959f94cfe4174addb6e52005e6b0757f41c9fa153854ed8,b71f1005ac787b5b0b33b06e6bfe1a671381c2f77f306634eaea3d74407b9aa8,6ebcc4775cbb443c786a0ac52f9f8d27d1c583ffc5f1202fd8420b84ea4b8ce1,f2580047b559a3069f4a7377f04ab8fa9f38a95933e76e4ff53acff48997e11f,6,20,32,"[5, 6, 10, 12, 14, 18, 20, 21, 25, 26, 29, 31, 32, 36, 39, 42, 47, 52]",1cb5648c0efc380249e4c872119a5a54d8cf8a0bf56b1774279bcaac3a0c3e32,0.1,315dbdd87ce4799e24e2491455488036877adc3cfd97fd7c550a270c21c3aea0,11f4d0f4f43c4cf36ccf4a0edf8c7ea51f1840fff291c100fa5b30264eb4fb53
34,9,0f252e9c418bf73f6108b784ef87c58fbc6634b83157bd5f4f1594d497e7637a,b98c2660b972496233911424cfeb801de4e1aed3d87560a0314872be955bb0d7,9520da89d538c65d05d59f524e272d249c973f8e08bcf15c69f21084466c2143,777996aa76a459afa404748935f854ff00b5a43a926bf8c39bf707ee6aa515ae,a6207f6a13aabfd4ff7d998576898dad703a1fb6155ab9adc8cea4a1906b53c5,26,29,32,"[5, 6, 10, 12, 14, 18, 20, 21, 25, 26, 29, 31, 32, 36, 39, 42, 47, 52]",1cb5648c0efc380249e4c872119a5a54d8cf8a0bf56b1774279bcaac3a0c3e32,0.1,315dbdd87ce4799e24e2491455488036877adc3cfd97fd7c550a270c21c3aea0,11f4d0f4f43c4cf36ccf4a0edf8c7ea51f1840fff291c100fa5b30264eb4fb53
35,9,0f252e9c418bf73f6108b784ef87c58fbc6634b83157bd5f4f1594d497e7637a,5e69a5abaae03c7c636398c3102ec6b56d57522ad12f9ff8a1f87576533b25eb,ffa4665b768291bda26508d5437398d1750fe831b9b6fb333b360295af033b6b,e35a26fd21ddf8ad7282729adafa3a7c948544d496ccbfecef470218713ef353,f55a7d29309260c5fc535403e0deda1e932a8618014124cb2d4e7164fb42b0a9,20,21,25,"[5, 6, 10, 12, 14, 18, 20, 21, 25, 26, 29, 31, 32, 36, 39, 42, 47, 52]",1cb5648c0efc380249e4c872119a5a54d8cf8a0bf56b1774279bcaac3a0c3e32,0.1,315dbdd87ce4799e24e2491455488036877adc3cfd97fd7c550a270c21c3aea0,11f4d0f4f43c4cf36ccf4a0edf8c7ea51f1840fff291c100fa5b30264eb4fb53
37,9,0f252e9c418bf73f6108b784ef87c58fbc6634b83157bd5f4f1594d497e7637a,a745543b2cdd2742e5235c6025f2ed6cdea90472eec6539f32141f41f3e94191,7240e27246686be9048d661207082ba9642b9844ff8cc46d05f9e701f225a877,72822ac5dac0c483ae316f21f0ac8583e1cc1c10aca85e2aede4b94c9b51a4c8,65885a42983030919f5b4f8a956be33b81ecca3f78093db0a29f620ba10be09f,12,18,52,"[5, 6, 10, 12, 14, 18, 20, 21, 25, 26, 29, 31, 32, 36, 39, 42, 47, 52]",1cb5648c0efc380249e4c872119a5a54d8cf8a0bf56b1774279bcaac3a0c3e32,0.1,315dbdd87ce4799e24e2491455488036877adc3cfd97fd7c550a270c21c3aea0,11f4d0f4f43c4cf36ccf4a0edf8c7ea51f1840fff291c100fa5b30264eb4fb53
40,9,0f252e9c418bf73f6108b784ef87c58fbc6634b83157bd5f4f1594d497e7637a,dda7751e295b8a0cf8e67ec47170cd943165ca4920e31c8a5536544362de9cbf,fb61ccafe8cbda011ac0add3743b5368994dff3475643df9503e07787a82348b,830d18fda56f91e3a190284411a16441034934b46310f5bc4d90371ae45e6ca3,505739986b3c1c74642fabe82cee0796d9c98c08baa3995b3b2d7623734d3bca,5,12,31,"[5, 6, 10, 12, 14, 18, 20, 21, 25, 26, 29, 31, 32, 36, 39, 42, 47, 52]",1cb5648c0efc380249e4c872119a5a54d8cf8a0bf56b1774279bcaac3a0c3e32,0.1,315dbdd87ce4799e24e2491455488036877adc3cfd97fd7c550a270c21c3aea0,11f4d0f4f43c4cf36ccf4a0edf8c7ea51f1840fff291c100fa5b30264eb4fb53
41,9,0f252e9c418bf73f6108b784ef87c58fbc6634b83157bd5f4f1594d497e7637a,ccc104607671505f7843b726bf9e4b6c2c1afa9bfc999073209d25dc000ab106,32f8b9eb9aec2be57649aa5c21de65e97b5ccef8f2b76290a2c03ce45e8b9c32,d3e6df1e9d313e304b329cce9f6e601b4b8a7bd9d9a4fe8a44b29a761dc64551,ac0bb0d03aa7467c8e79eda84c0574f706562e3d7d092340df902a9c6d0b9513,6,21,32,"[5, 6, 10, 12, 14, 18, 20, 21, 25, 26, 29, 31, 32, 36, 39, 42, 47, 52]",1cb5648c0efc380249e4c872119a5a54d8cf8a0bf56b1774279bcaac3a0c3e32,0.1,315dbdd87ce4799e24e2491455488036877adc3cfd97fd7c550a270c21c3aea0,11f4d0f4f43c4cf36ccf4a0edf8c7ea51f1840fff291c100fa5b30264eb4fb53
43,9,0f252e9c418bf73f6108b784ef87c58fbc6634b83157bd5f4f1594d497e7637a,231477cda210fa5cd825188a5537d876b96779f3c49d29fa2d479be230e78902,4a482edcea0174dc88168c50352e45c7cb256d204c7043e519d31c2312797582,492276ed8e0622881217e5b5465af8a68541e826881935dc1040801a02a6becd,ab062ed4b78082fc67f0f808fdd248ec4a996499ff9bd5671cb89e347468e902,6,26,39,"[5, 6, 10, 12, 14, 18, 20, 21, 25, 26, 29, 31, 32, 36, 39, 42, 47, 52]",1cb5648c0efc380249e4c872119a5a54d8cf8a0bf56b1774279bcaac3a0c3e32,0.1,315dbdd87ce4799e24e2491455488036877adc3cfd97fd7c550a270c21c3aea0,11f4d0f4f43c4cf36ccf4a0edf8c7ea51f1840fff291c100fa5b30264eb4fb53
44,9,0f252e9c418bf73f6108b784ef87c58fbc6634b83157bd5f4f1594d497e7637a,b99971a23c5181968955af48a2cc712d45876ae668b1173e433a3cf242c834c0,9d5fe8869433d3b161599dde141c2b8cc44de5a7d8ee20060a3b1ed68dfb22c3,b73045f1abdacce39c8217574084504b7e372302782b0fba96c1d9673af4a7f1,fdd4115fdb697ca99ecff8415f002bd5ba3d0a869cd2f4d2e27f500fc32b3b1d,18,25,31,"[5, 6, 10, 12, 14, 18, 20, 21, 25, 26, 29, 31, 32, 36, 39, 42, 47, 52]",1cb5648c0efc380249e4c872119a5a54d8cf8a0bf56b1774279bcaac3a0c3e32,0.1,315dbdd87ce4799e24e2491455488036877adc3cfd97fd7c550a270c21c3aea0,11f4d0f4f43c4cf36ccf4a0edf8c7ea51f1840fff291c100fa5b30264eb4fb53
46,9,0f252e9c418bf73f6108b784ef87c58fbc6634b83157bd5f4f1594d497e7637a,ff4a3c46ecb5efbb380cf1970b29a32f25502253af0f64fbe29aab0d934f2100,3684b4be837b212918786a3996d336d20ce3ff73bc2ad106f8f2ec53f7ff9c4c,c9255bb60c6f092efbc583e3f6d816a10148d94f4a069bc1a322d9059dece0c5,c8977ad1c559fddbdf52418a6004da02010d61ed388a350f377dc67802618bab,18,26,52,"[5, 6, 10, 12, 14, 18, 20, 21, 25, 26, 29, 31, 32, 36, 39, 42, 47, 52]",1cb5648c0efc380249e4c872119a5a54d8cf8a0bf56b1774279bcaac3a0c3e32,0.1,315dbdd87ce4799e24e2491455488036877adc3cfd97fd7c550a270c21c3aea0,11f4d0f4f43c4cf36ccf4a0edf8c7ea51f1840fff291c100fa5b30264eb4fb53
48,9,0f252e9c418bf73f6108b784ef87c58fbc6634b83157bd5f4f1594d497e7637a,54d22df7b634d0f52e9ff6cb15e88b9050c5dc1463b2fa59aa10c9d86d7abf81,0f3237492c2c18c855808988760bffd100f5197dfb8208adb303c474dcd00340,df32cb63172b9c5f5acdb59f0c87b110fbc360f51bd5a2d0f707a0addaf0ba4f,4396e3d9f87849998c7b4843f8af3ff7f26f5f6b34abf86b96a2d740204d63f9,14,32,52,"[5, 6, 10, 12, 14, 18, 20, 21, 25, 26, 29, 31, 32, 36, 39, 42, 47, 52]",1cb5648c0efc380249e4c872119a5a54d8cf8a0bf56b1774279bcaac3a0c3e32,0.1,315dbdd87ce4799e24e2491455488036877adc3cfd97fd7c550a270c21c3aea0,11f4d0f4f43c4cf36ccf4a0edf8c7ea51f1840fff291c100fa5b30264eb4fb53
49,9,0f252e9c418bf73f6108b784ef87c58fbc6634b83157bd5f4f1594d497e7637a,c94500add85bc06b7c86fe1dfe740ecc71402a88170aed17cf6afd66ee9fa685,90674b708995bbb63c0ac8dcea0ba9660f9aa3139f241340bf0512dc4edbcee9,4fc7bbe2a28ff7e8b3850e8741217496c91fc1c750e9a76bf280d7e22d48e01c,735512901b8d83bfe73e08c1d54eb8f8a7b56427163e239c5ec3500f3ccb3f70,5,26,42,"[5, 6, 10, 12, 14, 18, 20, 21, 25, 26, 29, 31, 32, 36, 39, 42, 47, 52]",1cb5648c0efc380249e4c872119a5a54d8cf8a0bf56b1774279bcaac3a0c3e32,0.1,315dbdd87ce4799e24e2491455488036877adc3cfd97fd7c550a270c21c3aea0,11f4d0f4f43c4cf36ccf4a0edf8c7ea51f1840fff291c100fa5b30264eb4fb53
50,9,0f252e9c418bf73f6108b784ef87c58fbc6634b83157bd5f4f1594d497e7637a,fd13f77ec7bf760178ae93aadb44a0898bd85b90be3fa3dfb17a3686a1924d63,8b303dd666279472f4da84e18daa845ec1c5732eb243dc614fc54d18fa93a5e1,d80ac1c86b1777bcaf21356878fdb2adbc6a69c8188acb0d711641a0c08c6f43,216479714f9f012b7339b62e31f2d1fa86f436dcaad31f54f244f325b6bdf474,6,10,32,"[5, 6, 10, 12, 14, 18, 20, 21, 25, 26, 29, 31, 32, 36, 39, 42, 47, 52]",1cb5648c0efc380249e4c872119a5a54d8cf8a0bf56b1774279bcaac3a0c3e32,0.1,315dbdd87ce4799e24e2491455488036877adc3cfd97fd7c550a270c21c3aea0,11f4d0f4f43c4cf36ccf4a0edf8c7ea51f1840fff291c100fa5b30264eb4fb53
