operation_id,participant_id,draw,condition,setting,source_n,added_n,h_total,C,balanced_accuracy,evaluation_n
openbmi_confirmation__d0__t1__base,1,0,base,tuned_C_source_frozen,100,0,0,0.1,0.58,100
openbmi_confirmation__d0__t1__own,1,0,own,tuned_C_source_frozen,100,60,60,0.1,0.6499999999999999,100
openbmi_confirmation__d0__t1__pooled,1,0,pooled,tuned_C_source_frozen,100,60,60,0.1,0.5800000000000001,100
openbmi_confirmation__d0__t1__single_0,1,0,single_0,tuned_C_source_frozen,100,60,60,0.1,0.54,100
openbmi_confirmation__d0__t1__single_1,1,0,single_1,tuned_C_source_frozen,100,60,60,0.1,0.5700000000000001,100
openbmi_confirmation__d0__t1__single_2,1,0,single_2,tuned_C_source_frozen,100,60,60,0.1,0.61,100
openbmi_confirmation__d1__t1__base,1,1,base,tuned_C_source_frozen,100,0,0,1.0,0.62,100
openbmi_confirmation__d1__t1__own,1,1,own,tuned_C_source_frozen,100,60,60,1.0,0.64,100
openbmi_confirmation__d1__t1__pooled,1,1,pooled,tuned_C_source_frozen,100,60,60,1.0,0.56,100
openbmi_confirmation__d1__t1__single_0,1,1,single_0,tuned_C_source_frozen,100,60,60,1.0,0.56,100
openbmi_confirmation__d1__t1__single_1,1,1,single_1,tuned_C_source_frozen,100,60,60,1.0,0.59,100
openbmi_confirmation__d1__t1__single_2,1,1,single_2,tuned_C_source_frozen,100,60,60,1.0,0.58,100
openbmi_confirmation__d2__t1__base,1,2,base,tuned_C_source_frozen,100,0,0,1.0,0.55,100
openbmi_confirmation__d2__t1__own,1,2,own,tuned_C_source_frozen,100,60,60,1.0,0.68,100
openbmi_confirmation__d2__t1__pooled,1,2,pooled,tuned_C_source_frozen,100,60,60,1.0,0.63,100
openbmi_confirmation__d2__t1__single_0,1,2,single_0,tuned_C_source_frozen,100,60,60,1.0,0.65,100
openbmi_confirmation__d2__t1__single_1,1,2,single_1,tuned_C_source_frozen,100,60,60,1.0,0.54,100
openbmi_confirmation__d2__t1__single_2,1,2,single_2,tuned_C_source_frozen,100,60,60,1.0,0.59,100
openbmi_confirmation__d3__t1__base,1,3,base,tuned_C_source_frozen,100,0,0,1.0,0.56,100
openbmi_confirmation__d3__t1__own,1,3,own,tuned_C_source_frozen,100,60,60,1.0,0.73,100
openbmi_confirmation__d3__t1__pooled,1,3,pooled,tuned_C_source_frozen,100,60,60,1.0,0.7,100
openbmi_confirmation__d3__t1__single_0,1,3,single_0,tuned_C_source_frozen,100,60,60,1.0,0.57,100
openbmi_confirmation__d3__t1__single_1,1,3,single_1,tuned_C_source_frozen,100,60,60,1.0,0.58,100
openbmi_confirmation__d3__t1__single_2,1,3,single_2,tuned_C_source_frozen,100,60,60,1.0,0.61,100
openbmi_confirmation__d4__t1__base,1,4,base,tuned_C_source_frozen,100,0,0,0.1,0.62,100
openbmi_confirmation__d4__t1__own,1,4,own,tuned_C_source_frozen,100,60,60,0.1,0.6799999999999999,100
openbmi_confirmation__d4__t1__pooled,1,4,pooled,tuned_C_source_frozen,100,60,60,0.1,0.65,100
openbmi_confirmation__d4__t1__single_0,1,4,single_0,tuned_C_source_frozen,100,60,60,0.1,0.61,100
openbmi_confirmation__d4__t1__single_1,1,4,single_1,tuned_C_source_frozen,100,60,60,0.1,0.6599999999999999,100
openbmi_confirmation__d4__t1__single_2,1,4,single_2,tuned_C_source_frozen,100,60,60,0.1,0.6499999999999999,100
openbmi_confirmation__d5__t1__base,1,5,base,tuned_C_source_frozen,100,0,0,0.1,0.58,100
openbmi_confirmation__d5__t1__own,1,5,own,tuned_C_source_frozen,100,60,60,0.1,0.7,100
openbmi_confirmation__d5__t1__pooled,1,5,pooled,tuned_C_source_frozen,100,60,60,0.1,0.61,100
openbmi_confirmation__d5__t1__single_0,1,5,single_0,tuned_C_source_frozen,100,60,60,0.1,0.55,100
openbmi_confirmation__d5__t1__single_1,1,5,single_1,tuned_C_source_frozen,100,60,60,0.1,0.61,100
openbmi_confirmation__d5__t1__single_2,1,5,single_2,tuned_C_source_frozen,100,60,60,0.1,0.58,100
openbmi_confirmation__d6__t1__base,1,6,base,tuned_C_source_frozen,100,0,0,0.1,0.64,100
openbmi_confirmation__d6__t1__own,1,6,own,tuned_C_source_frozen,100,60,60,0.1,0.73,100
openbmi_confirmation__d6__t1__pooled,1,6,pooled,tuned_C_source_frozen,100,60,60,0.1,0.63,100
openbmi_confirmation__d6__t1__single_0,1,6,single_0,tuned_C_source_frozen,100,60,60,0.1,0.61,100
openbmi_confirmation__d6__t1__single_1,1,6,single_1,tuned_C_source_frozen,100,60,60,0.1,0.55,100
openbmi_confirmation__d6__t1__single_2,1,6,single_2,tuned_C_source_frozen,100,60,60,0.1,0.71,100
openbmi_confirmation__d7__t1__base,1,7,base,tuned_C_source_frozen,100,0,0,0.1,0.55,100
openbmi_confirmation__d7__t1__own,1,7,own,tuned_C_source_frozen,100,60,60,0.1,0.6599999999999999,100
openbmi_confirmation__d7__t1__pooled,1,7,pooled,tuned_C_source_frozen,100,60,60,0.1,0.57,100
openbmi_confirmation__d7__t1__single_0,1,7,single_0,tuned_C_source_frozen,100,60,60,0.1,0.58,100
openbmi_confirmation__d7__t1__single_1,1,7,single_1,tuned_C_source_frozen,100,60,60,0.1,0.58,100
openbmi_confirmation__d7__t1__single_2,1,7,single_2,tuned_C_source_frozen,100,60,60,0.1,0.59,100
openbmi_confirmation__d8__t1__base,1,8,base,tuned_C_source_frozen,100,0,0,1.0,0.63,100
openbmi_confirmation__d8__t1__own,1,8,own,tuned_C_source_frozen,100,60,60,1.0,0.71,100
openbmi_confirmation__d8__t1__pooled,1,8,pooled,tuned_C_source_frozen,100,60,60,1.0,0.6,100
openbmi_confirmation__d8__t1__single_0,1,8,single_0,tuned_C_source_frozen,100,60,60,1.0,0.65,100
openbmi_confirmation__d8__t1__single_1,1,8,single_1,tuned_C_source_frozen,100,60,60,1.0,0.64,100
openbmi_confirmation__d8__t1__single_2,1,8,single_2,tuned_C_source_frozen,100,60,60,1.0,0.64,100
openbmi_confirmation__d9__t1__base,1,9,base,tuned_C_source_frozen,100,0,0,0.1,0.62,100
openbmi_confirmation__d9__t1__own,1,9,own,tuned_C_source_frozen,100,60,60,0.1,0.76,100
openbmi_confirmation__d9__t1__pooled,1,9,pooled,tuned_C_source_frozen,100,60,60,0.1,0.5700000000000001,100
openbmi_confirmation__d9__t1__single_0,1,9,single_0,tuned_C_source_frozen,100,60,60,0.1,0.69,100
openbmi_confirmation__d9__t1__single_1,1,9,single_1,tuned_C_source_frozen,100,60,60,0.1,0.73,100
openbmi_confirmation__d9__t1__single_2,1,9,single_2,tuned_C_source_frozen,100,60,60,0.1,0.66,100
openbmi_confirmation__d0__t4__base,4,0,base,tuned_C_source_frozen,100,0,0,0.1,0.5,100
openbmi_confirmation__d0__t4__own,4,0,own,tuned_C_source_frozen,100,60,60,0.1,0.5,100
openbmi_confirmation__d0__t4__pooled,4,0,pooled,tuned_C_source_frozen,100,60,60,0.1,0.5,100
openbmi_confirmation__d0__t4__single_0,4,0,single_0,tuned_C_source_frozen,100,60,60,0.1,0.48000000000000004,100
openbmi_confirmation__d0__t4__single_1,4,0,single_1,tuned_C_source_frozen,100,60,60,0.1,0.49,100
openbmi_confirmation__d0__t4__single_2,4,0,single_2,tuned_C_source_frozen,100,60,60,0.1,0.51,100
openbmi_confirmation__d1__t4__base,4,1,base,tuned_C_source_frozen,100,0,0,1.0,0.54,100
openbmi_confirmation__d1__t4__own,4,1,own,tuned_C_source_frozen,100,60,60,1.0,0.49,100
openbmi_confirmation__d1__t4__pooled,4,1,pooled,tuned_C_source_frozen,100,60,60,1.0,0.54,100
openbmi_confirmation__d1__t4__single_0,4,1,single_0,tuned_C_source_frozen,100,60,60,1.0,0.57,100
openbmi_confirmation__d1__t4__single_1,4,1,single_1,tuned_C_source_frozen,100,60,60,1.0,0.5,100
openbmi_confirmation__d1__t4__single_2,4,1,single_2,tuned_C_source_frozen,100,60,60,1.0,0.56,100
openbmi_confirmation__d2__t4__base,4,2,base,tuned_C_source_frozen,100,0,0,1.0,0.48,100
openbmi_confirmation__d2__t4__own,4,2,own,tuned_C_source_frozen,100,60,60,1.0,0.51,100
openbmi_confirmation__d2__t4__pooled,4,2,pooled,tuned_C_source_frozen,100,60,60,1.0,0.55,100
openbmi_confirmation__d2__t4__single_0,4,2,single_0,tuned_C_source_frozen,100,60,60,1.0,0.47,100
openbmi_confirmation__d2__t4__single_1,4,2,single_1,tuned_C_source_frozen,100,60,60,1.0,0.48,100
openbmi_confirmation__d2__t4__single_2,4,2,single_2,tuned_C_source_frozen,100,60,60,1.0,0.51,100
openbmi_confirmation__d3__t4__base,4,3,base,tuned_C_source_frozen,100,0,0,1.0,0.53,100
openbmi_confirmation__d3__t4__own,4,3,own,tuned_C_source_frozen,100,60,60,1.0,0.51,100
openbmi_confirmation__d3__t4__pooled,4,3,pooled,tuned_C_source_frozen,100,60,60,1.0,0.5700000000000001,100
openbmi_confirmation__d3__t4__single_0,4,3,single_0,tuned_C_source_frozen,100,60,60,1.0,0.61,100
openbmi_confirmation__d3__t4__single_1,4,3,single_1,tuned_C_source_frozen,100,60,60,1.0,0.5700000000000001,100
openbmi_confirmation__d3__t4__single_2,4,3,single_2,tuned_C_source_frozen,100,60,60,1.0,0.58,100
openbmi_confirmation__d4__t4__base,4,4,base,tuned_C_source_frozen,100,0,0,0.1,0.5,100
openbmi_confirmation__d4__t4__own,4,4,own,tuned_C_source_frozen,100,60,60,0.1,0.5,100
openbmi_confirmation__d4__t4__pooled,4,4,pooled,tuned_C_source_frozen,100,60,60,0.1,0.54,100
openbmi_confirmation__d4__t4__single_0,4,4,single_0,tuned_C_source_frozen,100,60,60,0.1,0.5,100
openbmi_confirmation__d4__t4__single_1,4,4,single_1,tuned_C_source_frozen,100,60,60,0.1,0.5,100
openbmi_confirmation__d4__t4__single_2,4,4,single_2,tuned_C_source_frozen,100,60,60,0.1,0.5,100
openbmi_confirmation__d5__t4__base,4,5,base,tuned_C_source_frozen,100,0,0,0.1,0.52,100
openbmi_confirmation__d5__t4__own,4,5,own,tuned_C_source_frozen,100,60,60,0.1,0.62,100
openbmi_confirmation__d5__t4__pooled,4,5,pooled,tuned_C_source_frozen,100,60,60,0.1,0.57,100
openbmi_confirmation__d5__t4__single_0,4,5,single_0,tuned_C_source_frozen,100,60,60,0.1,0.6200000000000001,100
openbmi_confirmation__d5__t4__single_1,4,5,single_1,tuned_C_source_frozen,100,60,60,0.1,0.5,100
openbmi_confirmation__d5__t4__single_2,4,5,single_2,tuned_C_source_frozen,100,60,60,0.1,0.51,100
openbmi_confirmation__d6__t4__base,4,6,base,tuned_C_source_frozen,100,0,0,0.1,0.62,100
openbmi_confirmation__d6__t4__own,4,6,own,tuned_C_source_frozen,100,60,60,0.1,0.64,100
openbmi_confirmation__d6__t4__pooled,4,6,pooled,tuned_C_source_frozen,100,60,60,0.1,0.5800000000000001,100
openbmi_confirmation__d6__t4__single_0,4,6,single_0,tuned_C_source_frozen,100,60,60,0.1,0.51,100
openbmi_confirmation__d6__t4__single_1,4,6,single_1,tuned_C_source_frozen,100,60,60,0.1,0.54,100
openbmi_confirmation__d6__t4__single_2,4,6,single_2,tuned_C_source_frozen,100,60,60,0.1,0.61,100
openbmi_confirmation__d7__t4__base,4,7,base,tuned_C_source_frozen,100,0,0,0.1,0.5,100
openbmi_confirmation__d7__t4__own,4,7,own,tuned_C_source_frozen,100,60,60,0.1,0.51,100
openbmi_confirmation__d7__t4__pooled,4,7,pooled,tuned_C_source_frozen,100,60,60,0.1,0.5,100
openbmi_confirmation__d7__t4__single_0,4,7,single_0,tuned_C_source_frozen,100,60,60,0.1,0.5,100
openbmi_confirmation__d7__t4__single_1,4,7,single_1,tuned_C_source_frozen,100,60,60,0.1,0.5,100
openbmi_confirmation__d7__t4__single_2,4,7,single_2,tuned_C_source_frozen,100,60,60,0.1,0.51,100
openbmi_confirmation__d8__t4__base,4,8,base,tuned_C_source_frozen,100,0,0,1.0,0.53,100
openbmi_confirmation__d8__t4__own,4,8,own,tuned_C_source_frozen,100,60,60,1.0,0.5700000000000001,100
openbmi_confirmation__d8__t4__pooled,4,8,pooled,tuned_C_source_frozen,100,60,60,1.0,0.51,100
openbmi_confirmation__d8__t4__single_0,4,8,single_0,tuned_C_source_frozen,100,60,60,1.0,0.52,100
openbmi_confirmation__d8__t4__single_1,4,8,single_1,tuned_C_source_frozen,100,60,60,1.0,0.49,100
openbmi_confirmation__d8__t4__single_2,4,8,single_2,tuned_C_source_frozen,100,60,60,1.0,0.45999999999999996,100
openbmi_confirmation__d9__t4__base,4,9,base,tuned_C_source_frozen,100,0,0,0.1,0.53,100
openbmi_confirmation__d9__t4__own,4,9,own,tuned_C_source_frozen,100,60,60,0.1,0.6000000000000001,100
openbmi_confirmation__d9__t4__pooled,4,9,pooled,tuned_C_source_frozen,100,60,60,0.1,0.51,100
openbmi_confirmation__d9__t4__single_0,4,9,single_0,tuned_C_source_frozen,100,60,60,0.1,0.54,100
openbmi_confirmation__d9__t4__single_1,4,9,single_1,tuned_C_source_frozen,100,60,60,0.1,0.64,100
openbmi_confirmation__d9__t4__single_2,4,9,single_2,tuned_C_source_frozen,100,60,60,0.1,0.57,100
openbmi_confirmation__d0__t7__base,7,0,base,tuned_C_source_frozen,100,0,0,0.1,0.52,100
openbmi_confirmation__d0__t7__own,7,0,own,tuned_C_source_frozen,100,60,60,0.1,0.59,100
openbmi_confirmation__d0__t7__pooled,7,0,pooled,tuned_C_source_frozen,100,60,60,0.1,0.58,100
openbmi_confirmation__d0__t7__single_0,7,0,single_0,tuned_C_source_frozen,100,60,60,0.1,0.52,100
openbmi_confirmation__d0__t7__single_1,7,0,single_1,tuned_C_source_frozen,100,60,60,0.1,0.57,100
openbmi_confirmation__d0__t7__single_2,7,0,single_2,tuned_C_source_frozen,100,60,60,0.1,0.52,100
openbmi_confirmation__d1__t7__base,7,1,base,tuned_C_source_frozen,100,0,0,1.0,0.5900000000000001,100
openbmi_confirmation__d1__t7__own,7,1,own,tuned_C_source_frozen,100,60,60,1.0,0.5700000000000001,100
openbmi_confirmation__d1__t7__pooled,7,1,pooled,tuned_C_source_frozen,100,60,60,1.0,0.6,100
openbmi_confirmation__d1__t7__single_0,7,1,single_0,tuned_C_source_frozen,100,60,60,1.0,0.54,100
openbmi_confirmation__d1__t7__single_1,7,1,single_1,tuned_C_source_frozen,100,60,60,1.0,0.5900000000000001,100
openbmi_confirmation__d1__t7__single_2,7,1,single_2,tuned_C_source_frozen,100,60,60,1.0,0.53,100
openbmi_confirmation__d2__t7__base,7,2,base,tuned_C_source_frozen,100,0,0,1.0,0.53,100
openbmi_confirmation__d2__t7__own,7,2,own,tuned_C_source_frozen,100,60,60,1.0,0.55,100
openbmi_confirmation__d2__t7__pooled,7,2,pooled,tuned_C_source_frozen,100,60,60,1.0,0.5700000000000001,100
openbmi_confirmation__d2__t7__single_0,7,2,single_0,tuned_C_source_frozen,100,60,60,1.0,0.56,100
openbmi_confirmation__d2__t7__single_1,7,2,single_1,tuned_C_source_frozen,100,60,60,1.0,0.55,100
openbmi_confirmation__d2__t7__single_2,7,2,single_2,tuned_C_source_frozen,100,60,60,1.0,0.56,100
openbmi_confirmation__d3__t7__base,7,3,base,tuned_C_source_frozen,100,0,0,1.0,0.5,100
openbmi_confirmation__d3__t7__own,7,3,own,tuned_C_source_frozen,100,60,60,1.0,0.61,100
openbmi_confirmation__d3__t7__pooled,7,3,pooled,tuned_C_source_frozen,100,60,60,1.0,0.56,100
openbmi_confirmation__d3__t7__single_0,7,3,single_0,tuned_C_source_frozen,100,60,60,1.0,0.5499999999999999,100
openbmi_confirmation__d3__t7__single_1,7,3,single_1,tuned_C_source_frozen,100,60,60,1.0,0.59,100
openbmi_confirmation__d3__t7__single_2,7,3,single_2,tuned_C_source_frozen,100,60,60,1.0,0.51,100
openbmi_confirmation__d4__t7__base,7,4,base,tuned_C_source_frozen,100,0,0,0.1,0.52,100
openbmi_confirmation__d4__t7__own,7,4,own,tuned_C_source_frozen,100,60,60,0.1,0.5700000000000001,100
openbmi_confirmation__d4__t7__pooled,7,4,pooled,tuned_C_source_frozen,100,60,60,0.1,0.5700000000000001,100
openbmi_confirmation__d4__t7__single_0,7,4,single_0,tuned_C_source_frozen,100,60,60,0.1,0.55,100
openbmi_confirmation__d4__t7__single_1,7,4,single_1,tuned_C_source_frozen,100,60,60,0.1,0.56,100
openbmi_confirmation__d4__t7__single_2,7,4,single_2,tuned_C_source_frozen,100,60,60,0.1,0.5900000000000001,100
openbmi_confirmation__d5__t7__base,7,5,base,tuned_C_source_frozen,100,0,0,0.1,0.54,100
openbmi_confirmation__d5__t7__own,7,5,own,tuned_C_source_frozen,100,60,60,0.1,0.69,100
openbmi_confirmation__d5__t7__pooled,7,5,pooled,tuned_C_source_frozen,100,60,60,0.1,0.55,100
openbmi_confirmation__d5__t7__single_0,7,5,single_0,tuned_C_source_frozen,100,60,60,0.1,0.54,100
openbmi_confirmation__d5__t7__single_1,7,5,single_1,tuned_C_source_frozen,100,60,60,0.1,0.61,100
openbmi_confirmation__d5__t7__single_2,7,5,single_2,tuned_C_source_frozen,100,60,60,0.1,0.6000000000000001,100
openbmi_confirmation__d6__t7__base,7,6,base,tuned_C_source_frozen,100,0,0,0.1,0.62,100
openbmi_confirmation__d6__t7__own,7,6,own,tuned_C_source_frozen,100,60,60,0.1,0.6100000000000001,100
openbmi_confirmation__d6__t7__pooled,7,6,pooled,tuned_C_source_frozen,100,60,60,0.1,0.6,100
openbmi_confirmation__d6__t7__single_0,7,6,single_0,tuned_C_source_frozen,100,60,60,0.1,0.63,100
openbmi_confirmation__d6__t7__single_1,7,6,single_1,tuned_C_source_frozen,100,60,60,0.1,0.62,100
openbmi_confirmation__d6__t7__single_2,7,6,single_2,tuned_C_source_frozen,100,60,60,0.1,0.58,100
openbmi_confirmation__d7__t7__base,7,7,base,tuned_C_source_frozen,100,0,0,0.1,0.55,100
openbmi_confirmation__d7__t7__own,7,7,own,tuned_C_source_frozen,100,60,60,0.1,0.6200000000000001,100
openbmi_confirmation__d7__t7__pooled,7,7,pooled,tuned_C_source_frozen,100,60,60,0.1,0.54,100
openbmi_confirmation__d7__t7__single_0,7,7,single_0,tuned_C_source_frozen,100,60,60,0.1,0.5700000000000001,100
openbmi_confirmation__d7__t7__single_1,7,7,single_1,tuned_C_source_frozen,100,60,60,0.1,0.52,100
openbmi_confirmation__d7__t7__single_2,7,7,single_2,tuned_C_source_frozen,100,60,60,0.1,0.54,100
openbmi_confirmation__d8__t7__base,7,8,base,tuned_C_source_frozen,100,0,0,1.0,0.56,100
openbmi_confirmation__d8__t7__own,7,8,own,tuned_C_source_frozen,100,60,60,1.0,0.64,100
openbmi_confirmation__d8__t7__pooled,7,8,pooled,tuned_C_source_frozen,100,60,60,1.0,0.55,100
openbmi_confirmation__d8__t7__single_0,7,8,single_0,tuned_C_source_frozen,100,60,60,1.0,0.59,100
openbmi_confirmation__d8__t7__single_1,7,8,single_1,tuned_C_source_frozen,100,60,60,1.0,0.54,100
openbmi_confirmation__d8__t7__single_2,7,8,single_2,tuned_C_source_frozen,100,60,60,1.0,0.58,100
openbmi_confirmation__d9__t7__base,7,9,base,tuned_C_source_frozen,100,0,0,0.1,0.56,100
openbmi_confirmation__d9__t7__own,7,9,own,tuned_C_source_frozen,100,60,60,0.1,0.66,100
openbmi_confirmation__d9__t7__pooled,7,9,pooled,tuned_C_source_frozen,100,60,60,0.1,0.59,100
openbmi_confirmation__d9__t7__single_0,7,9,single_0,tuned_C_source_frozen,100,60,60,0.1,0.59,100
openbmi_confirmation__d9__t7__single_1,7,9,single_1,tuned_C_source_frozen,100,60,60,0.1,0.59,100
openbmi_confirmation__d9__t7__single_2,7,9,single_2,tuned_C_source_frozen,100,60,60,0.1,0.6100000000000001,100
openbmi_confirmation__d0__t11__base,11,0,base,tuned_C_source_frozen,100,0,0,0.1,0.54,100
openbmi_confirmation__d0__t11__own,11,0,own,tuned_C_source_frozen,100,60,60,0.1,0.5,100
openbmi_confirmation__d0__t11__pooled,11,0,pooled,tuned_C_source_frozen,100,60,60,0.1,0.43,100
openbmi_confirmation__d0__t11__single_0,11,0,single_0,tuned_C_source_frozen,100,60,60,0.1,0.5,100
openbmi_confirmation__d0__t11__single_1,11,0,single_1,tuned_C_source_frozen,100,60,60,0.1,0.5,100
openbmi_confirmation__d0__t11__single_2,11,0,single_2,tuned_C_source_frozen,100,60,60,0.1,0.5,100
openbmi_confirmation__d1__t11__base,11,1,base,tuned_C_source_frozen,100,0,0,1.0,0.56,100
openbmi_confirmation__d1__t11__own,11,1,own,tuned_C_source_frozen,100,60,60,1.0,0.56,100
openbmi_confirmation__d1__t11__pooled,11,1,pooled,tuned_C_source_frozen,100,60,60,1.0,0.52,100
openbmi_confirmation__d1__t11__single_0,11,1,single_0,tuned_C_source_frozen,100,60,60,1.0,0.5800000000000001,100
openbmi_confirmation__d1__t11__single_1,11,1,single_1,tuned_C_source_frozen,100,60,60,1.0,0.53,100
openbmi_confirmation__d1__t11__single_2,11,1,single_2,tuned_C_source_frozen,100,60,60,1.0,0.48,100
openbmi_confirmation__d2__t11__base,11,2,base,tuned_C_source_frozen,100,0,0,1.0,0.52,100
openbmi_confirmation__d2__t11__own,11,2,own,tuned_C_source_frozen,100,60,60,1.0,0.52,100
openbmi_confirmation__d2__t11__pooled,11,2,pooled,tuned_C_source_frozen,100,60,60,1.0,0.46,100
openbmi_confirmation__d2__t11__single_0,11,2,single_0,tuned_C_source_frozen,100,60,60,1.0,0.49,100
openbmi_confirmation__d2__t11__single_1,11,2,single_1,tuned_C_source_frozen,100,60,60,1.0,0.45,100
openbmi_confirmation__d2__t11__single_2,11,2,single_2,tuned_C_source_frozen,100,60,60,1.0,0.49,100
openbmi_confirmation__d3__t11__base,11,3,base,tuned_C_source_frozen,100,0,0,1.0,0.5,100
openbmi_confirmation__d3__t11__own,11,3,own,tuned_C_source_frozen,100,60,60,1.0,0.53,100
openbmi_confirmation__d3__t11__pooled,11,3,pooled,tuned_C_source_frozen,100,60,60,1.0,0.49,100
openbmi_confirmation__d3__t11__single_0,11,3,single_0,tuned_C_source_frozen,100,60,60,1.0,0.51,100
openbmi_confirmation__d3__t11__single_1,11,3,single_1,tuned_C_source_frozen,100,60,60,1.0,0.51,100
openbmi_confirmation__d3__t11__single_2,11,3,single_2,tuned_C_source_frozen,100,60,60,1.0,0.5,100
openbmi_confirmation__d4__t11__base,11,4,base,tuned_C_source_frozen,100,0,0,0.1,0.5,100
openbmi_confirmation__d4__t11__own,11,4,own,tuned_C_source_frozen,100,60,60,0.1,0.53,100
openbmi_confirmation__d4__t11__pooled,11,4,pooled,tuned_C_source_frozen,100,60,60,0.1,0.55,100
openbmi_confirmation__d4__t11__single_0,11,4,single_0,tuned_C_source_frozen,100,60,60,0.1,0.5,100
openbmi_confirmation__d4__t11__single_1,11,4,single_1,tuned_C_source_frozen,100,60,60,0.1,0.5,100
openbmi_confirmation__d4__t11__single_2,11,4,single_2,tuned_C_source_frozen,100,60,60,0.1,0.55,100
openbmi_confirmation__d5__t11__base,11,5,base,tuned_C_source_frozen,100,0,0,0.1,0.51,100
openbmi_confirmation__d5__t11__own,11,5,own,tuned_C_source_frozen,100,60,60,0.1,0.5,100
openbmi_confirmation__d5__t11__pooled,11,5,pooled,tuned_C_source_frozen,100,60,60,0.1,0.51,100
openbmi_confirmation__d5__t11__single_0,11,5,single_0,tuned_C_source_frozen,100,60,60,0.1,0.53,100
openbmi_confirmation__d5__t11__single_1,11,5,single_1,tuned_C_source_frozen,100,60,60,0.1,0.5,100
openbmi_confirmation__d5__t11__single_2,11,5,single_2,tuned_C_source_frozen,100,60,60,0.1,0.54,100
openbmi_confirmation__d6__t11__base,11,6,base,tuned_C_source_frozen,100,0,0,0.1,0.49,100
openbmi_confirmation__d6__t11__own,11,6,own,tuned_C_source_frozen,100,60,60,0.1,0.48,100
openbmi_confirmation__d6__t11__pooled,11,6,pooled,tuned_C_source_frozen,100,60,60,0.1,0.48,100
openbmi_confirmation__d6__t11__single_0,11,6,single_0,tuned_C_source_frozen,100,60,60,0.1,0.47000000000000003,100
openbmi_confirmation__d6__t11__single_1,11,6,single_1,tuned_C_source_frozen,100,60,60,0.1,0.52,100
openbmi_confirmation__d6__t11__single_2,11,6,single_2,tuned_C_source_frozen,100,60,60,0.1,0.45,100
openbmi_confirmation__d7__t11__base,11,7,base,tuned_C_source_frozen,100,0,0,0.1,0.48,100
openbmi_confirmation__d7__t11__own,11,7,own,tuned_C_source_frozen,100,60,60,0.1,0.53,100
openbmi_confirmation__d7__t11__pooled,11,7,pooled,tuned_C_source_frozen,100,60,60,0.1,0.51,100
openbmi_confirmation__d7__t11__single_0,11,7,single_0,tuned_C_source_frozen,100,60,60,0.1,0.51,100
openbmi_confirmation__d7__t11__single_1,11,7,single_1,tuned_C_source_frozen,100,60,60,0.1,0.5,100
openbmi_confirmation__d7__t11__single_2,11,7,single_2,tuned_C_source_frozen,100,60,60,0.1,0.5,100
openbmi_confirmation__d8__t11__base,11,8,base,tuned_C_source_frozen,100,0,0,1.0,0.52,100
openbmi_confirmation__d8__t11__own,11,8,own,tuned_C_source_frozen,100,60,60,1.0,0.49,100
openbmi_confirmation__d8__t11__pooled,11,8,pooled,tuned_C_source_frozen,100,60,60,1.0,0.57,100
openbmi_confirmation__d8__t11__single_0,11,8,single_0,tuned_C_source_frozen,100,60,60,1.0,0.51,100
openbmi_confirmation__d8__t11__single_1,11,8,single_1,tuned_C_source_frozen,100,60,60,1.0,0.5,100
openbmi_confirmation__d8__t11__single_2,11,8,single_2,tuned_C_source_frozen,100,60,60,1.0,0.51,100
openbmi_confirmation__d9__t11__base,11,9,base,tuned_C_source_frozen,100,0,0,0.1,0.51,100
openbmi_confirmation__d9__t11__own,11,9,own,tuned_C_source_frozen,100,60,60,0.1,0.5,100
openbmi_confirmation__d9__t11__pooled,11,9,pooled,tuned_C_source_frozen,100,60,60,0.1,0.46,100
openbmi_confirmation__d9__t11__single_0,11,9,single_0,tuned_C_source_frozen,100,60,60,0.1,0.52,100
openbmi_confirmation__d9__t11__single_1,11,9,single_1,tuned_C_source_frozen,100,60,60,0.1,0.5,100
openbmi_confirmation__d9__t11__single_2,11,9,single_2,tuned_C_source_frozen,100,60,60,0.1,0.47,100
openbmi_confirmation__d0__t13__base,13,0,base,tuned_C_source_frozen,100,0,0,0.1,0.48,100
openbmi_confirmation__d0__t13__own,13,0,own,tuned_C_source_frozen,100,60,60,0.1,0.45999999999999996,100
openbmi_confirmation__d0__t13__pooled,13,0,pooled,tuned_C_source_frozen,100,60,60,0.1,0.51,100
openbmi_confirmation__d0__t13__single_0,13,0,single_0,tuned_C_source_frozen,100,60,60,0.1,0.5,100
openbmi_confirmation__d0__t13__single_1,13,0,single_1,tuned_C_source_frozen,100,60,60,0.1,0.39,100
openbmi_confirmation__d0__t13__single_2,13,0,single_2,tuned_C_source_frozen,100,60,60,0.1,0.48000000000000004,100
openbmi_confirmation__d1__t13__base,13,1,base,tuned_C_source_frozen,100,0,0,1.0,0.48,100
openbmi_confirmation__d1__t13__own,13,1,own,tuned_C_source_frozen,100,60,60,1.0,0.53,100
openbmi_confirmation__d1__t13__pooled,13,1,pooled,tuned_C_source_frozen,100,60,60,1.0,0.49,100
openbmi_confirmation__d1__t13__single_0,13,1,single_0,tuned_C_source_frozen,100,60,60,1.0,0.43,100
openbmi_confirmation__d1__t13__single_1,13,1,single_1,tuned_C_source_frozen,100,60,60,1.0,0.5,100
openbmi_confirmation__d1__t13__single_2,13,1,single_2,tuned_C_source_frozen,100,60,60,1.0,0.5,100
openbmi_confirmation__d2__t13__base,13,2,base,tuned_C_source_frozen,100,0,0,1.0,0.53,100
openbmi_confirmation__d2__t13__own,13,2,own,tuned_C_source_frozen,100,60,60,1.0,0.52,100
openbmi_confirmation__d2__t13__pooled,13,2,pooled,tuned_C_source_frozen,100,60,60,1.0,0.53,100
openbmi_confirmation__d2__t13__single_0,13,2,single_0,tuned_C_source_frozen,100,60,60,1.0,0.47000000000000003,100
openbmi_confirmation__d2__t13__single_1,13,2,single_1,tuned_C_source_frozen,100,60,60,1.0,0.47,100
openbmi_confirmation__d2__t13__single_2,13,2,single_2,tuned_C_source_frozen,100,60,60,1.0,0.5,100
openbmi_confirmation__d3__t13__base,13,3,base,tuned_C_source_frozen,100,0,0,1.0,0.49,100
openbmi_confirmation__d3__t13__own,13,3,own,tuned_C_source_frozen,100,60,60,1.0,0.5,100
openbmi_confirmation__d3__t13__pooled,13,3,pooled,tuned_C_source_frozen,100,60,60,1.0,0.5,100
openbmi_confirmation__d3__t13__single_0,13,3,single_0,tuned_C_source_frozen,100,60,60,1.0,0.49,100
openbmi_confirmation__d3__t13__single_1,13,3,single_1,tuned_C_source_frozen,100,60,60,1.0,0.49,100
openbmi_confirmation__d3__t13__single_2,13,3,single_2,tuned_C_source_frozen,100,60,60,1.0,0.53,100
openbmi_confirmation__d4__t13__base,13,4,base,tuned_C_source_frozen,100,0,0,0.1,0.56,100
openbmi_confirmation__d4__t13__own,13,4,own,tuned_C_source_frozen,100,60,60,0.1,0.56,100
openbmi_confirmation__d4__t13__pooled,13,4,pooled,tuned_C_source_frozen,100,60,60,0.1,0.44000000000000006,100
openbmi_confirmation__d4__t13__single_0,13,4,single_0,tuned_C_source_frozen,100,60,60,0.1,0.49,100
openbmi_confirmation__d4__t13__single_1,13,4,single_1,tuned_C_source_frozen,100,60,60,0.1,0.5800000000000001,100
openbmi_confirmation__d4__t13__single_2,13,4,single_2,tuned_C_source_frozen,100,60,60,0.1,0.55,100
openbmi_confirmation__d5__t13__base,13,5,base,tuned_C_source_frozen,100,0,0,0.1,0.52,100
openbmi_confirmation__d5__t13__own,13,5,own,tuned_C_source_frozen,100,60,60,0.1,0.51,100
openbmi_confirmation__d5__t13__pooled,13,5,pooled,tuned_C_source_frozen,100,60,60,0.1,0.45999999999999996,100
openbmi_confirmation__d5__t13__single_0,13,5,single_0,tuned_C_source_frozen,100,60,60,0.1,0.45999999999999996,100
openbmi_confirmation__d5__t13__single_1,13,5,single_1,tuned_C_source_frozen,100,60,60,0.1,0.49,100
openbmi_confirmation__d5__t13__single_2,13,5,single_2,tuned_C_source_frozen,100,60,60,0.1,0.5,100
openbmi_confirmation__d6__t13__base,13,6,base,tuned_C_source_frozen,100,0,0,0.1,0.46,100
openbmi_confirmation__d6__t13__own,13,6,own,tuned_C_source_frozen,100,60,60,0.1,0.49,100
openbmi_confirmation__d6__t13__pooled,13,6,pooled,tuned_C_source_frozen,100,60,60,0.1,0.53,100
openbmi_confirmation__d6__t13__single_0,13,6,single_0,tuned_C_source_frozen,100,60,60,0.1,0.52,100
openbmi_confirmation__d6__t13__single_1,13,6,single_1,tuned_C_source_frozen,100,60,60,0.1,0.42,100
openbmi_confirmation__d6__t13__single_2,13,6,single_2,tuned_C_source_frozen,100,60,60,0.1,0.49,100
openbmi_confirmation__d7__t13__base,13,7,base,tuned_C_source_frozen,100,0,0,0.1,0.46,100
openbmi_confirmation__d7__t13__own,13,7,own,tuned_C_source_frozen,100,60,60,0.1,0.5,100
openbmi_confirmation__d7__t13__pooled,13,7,pooled,tuned_C_source_frozen,100,60,60,0.1,0.48,100
openbmi_confirmation__d7__t13__single_0,13,7,single_0,tuned_C_source_frozen,100,60,60,0.1,0.39,100
openbmi_confirmation__d7__t13__single_1,13,7,single_1,tuned_C_source_frozen,100,60,60,0.1,0.43000000000000005,100
openbmi_confirmation__d7__t13__single_2,13,7,single_2,tuned_C_source_frozen,100,60,60,0.1,0.42000000000000004,100
openbmi_confirmation__d8__t13__base,13,8,base,tuned_C_source_frozen,100,0,0,1.0,0.56,100
openbmi_confirmation__d8__t13__own,13,8,own,tuned_C_source_frozen,100,60,60,1.0,0.56,100
openbmi_confirmation__d8__t13__pooled,13,8,pooled,tuned_C_source_frozen,100,60,60,1.0,0.5,100
openbmi_confirmation__d8__t13__single_0,13,8,single_0,tuned_C_source_frozen,100,60,60,1.0,0.66,100
openbmi_confirmation__d8__t13__single_1,13,8,single_1,tuned_C_source_frozen,100,60,60,1.0,0.56,100
openbmi_confirmation__d8__t13__single_2,13,8,single_2,tuned_C_source_frozen,100,60,60,1.0,0.59,100
openbmi_confirmation__d9__t13__base,13,9,base,tuned_C_source_frozen,100,0,0,0.1,0.47,100
openbmi_confirmation__d9__t13__own,13,9,own,tuned_C_source_frozen,100,60,60,0.1,0.54,100
openbmi_confirmation__d9__t13__pooled,13,9,pooled,tuned_C_source_frozen,100,60,60,0.1,0.53,100
openbmi_confirmation__d9__t13__single_0,13,9,single_0,tuned_C_source_frozen,100,60,60,0.1,0.49,100
openbmi_confirmation__d9__t13__single_1,13,9,single_1,tuned_C_source_frozen,100,60,60,0.1,0.57,100
openbmi_confirmation__d9__t13__single_2,13,9,single_2,tuned_C_source_frozen,100,60,60,0.1,0.45,100
openbmi_confirmation__d0__t15__base,15,0,base,tuned_C_source_frozen,100,0,0,0.1,0.5700000000000001,100
openbmi_confirmation__d0__t15__own,15,0,own,tuned_C_source_frozen,100,60,60,0.1,0.54,100
openbmi_confirmation__d0__t15__pooled,15,0,pooled,tuned_C_source_frozen,100,60,60,0.1,0.61,100
openbmi_confirmation__d0__t15__single_0,15,0,single_0,tuned_C_source_frozen,100,60,60,0.1,0.5900000000000001,100
openbmi_confirmation__d0__t15__single_1,15,0,single_1,tuned_C_source_frozen,100,60,60,0.1,0.61,100
openbmi_confirmation__d0__t15__single_2,15,0,single_2,tuned_C_source_frozen,100,60,60,0.1,0.61,100
openbmi_confirmation__d1__t15__base,15,1,base,tuned_C_source_frozen,100,0,0,1.0,0.63,100
openbmi_confirmation__d1__t15__own,15,1,own,tuned_C_source_frozen,100,60,60,1.0,0.5800000000000001,100
openbmi_confirmation__d1__t15__pooled,15,1,pooled,tuned_C_source_frozen,100,60,60,1.0,0.63,100
openbmi_confirmation__d1__t15__single_0,15,1,single_0,tuned_C_source_frozen,100,60,60,1.0,0.6,100
openbmi_confirmation__d1__t15__single_1,15,1,single_1,tuned_C_source_frozen,100,60,60,1.0,0.63,100
openbmi_confirmation__d1__t15__single_2,15,1,single_2,tuned_C_source_frozen,100,60,60,1.0,0.65,100
openbmi_confirmation__d2__t15__base,15,2,base,tuned_C_source_frozen,100,0,0,1.0,0.55,100
openbmi_confirmation__d2__t15__own,15,2,own,tuned_C_source_frozen,100,60,60,1.0,0.52,100
openbmi_confirmation__d2__t15__pooled,15,2,pooled,tuned_C_source_frozen,100,60,60,1.0,0.56,100
openbmi_confirmation__d2__t15__single_0,15,2,single_0,tuned_C_source_frozen,100,60,60,1.0,0.56,100
openbmi_confirmation__d2__t15__single_1,15,2,single_1,tuned_C_source_frozen,100,60,60,1.0,0.49,100
openbmi_confirmation__d2__t15__single_2,15,2,single_2,tuned_C_source_frozen,100,60,60,1.0,0.5,100
openbmi_confirmation__d3__t15__base,15,3,base,tuned_C_source_frozen,100,0,0,1.0,0.53,100
openbmi_confirmation__d3__t15__own,15,3,own,tuned_C_source_frozen,100,60,60,1.0,0.49,100
openbmi_confirmation__d3__t15__pooled,15,3,pooled,tuned_C_source_frozen,100,60,60,1.0,0.5900000000000001,100
openbmi_confirmation__d3__t15__single_0,15,3,single_0,tuned_C_source_frozen,100,60,60,1.0,0.62,100
openbmi_confirmation__d3__t15__single_1,15,3,single_1,tuned_C_source_frozen,100,60,60,1.0,0.51,100
openbmi_confirmation__d3__t15__single_2,15,3,single_2,tuned_C_source_frozen,100,60,60,1.0,0.6,100
openbmi_confirmation__d4__t15__base,15,4,base,tuned_C_source_frozen,100,0,0,0.1,0.5900000000000001,100
openbmi_confirmation__d4__t15__own,15,4,own,tuned_C_source_frozen,100,60,60,0.1,0.59,100
openbmi_confirmation__d4__t15__pooled,15,4,pooled,tuned_C_source_frozen,100,60,60,0.1,0.55,100
openbmi_confirmation__d4__t15__single_0,15,4,single_0,tuned_C_source_frozen,100,60,60,0.1,0.6799999999999999,100
openbmi_confirmation__d4__t15__single_1,15,4,single_1,tuned_C_source_frozen,100,60,60,0.1,0.63,100
openbmi_confirmation__d4__t15__single_2,15,4,single_2,tuned_C_source_frozen,100,60,60,0.1,0.55,100
openbmi_confirmation__d5__t15__base,15,5,base,tuned_C_source_frozen,100,0,0,0.1,0.59,100
openbmi_confirmation__d5__t15__own,15,5,own,tuned_C_source_frozen,100,60,60,0.1,0.54,100
openbmi_confirmation__d5__t15__pooled,15,5,pooled,tuned_C_source_frozen,100,60,60,0.1,0.5700000000000001,100
openbmi_confirmation__d5__t15__single_0,15,5,single_0,tuned_C_source_frozen,100,60,60,0.1,0.6,100
openbmi_confirmation__d5__t15__single_1,15,5,single_1,tuned_C_source_frozen,100,60,60,0.1,0.5599999999999999,100
openbmi_confirmation__d5__t15__single_2,15,5,single_2,tuned_C_source_frozen,100,60,60,0.1,0.52,100
openbmi_confirmation__d6__t15__base,15,6,base,tuned_C_source_frozen,100,0,0,0.1,0.56,100
openbmi_confirmation__d6__t15__own,15,6,own,tuned_C_source_frozen,100,60,60,0.1,0.54,100
openbmi_confirmation__d6__t15__pooled,15,6,pooled,tuned_C_source_frozen,100,60,60,0.1,0.5800000000000001,100
openbmi_confirmation__d6__t15__single_0,15,6,single_0,tuned_C_source_frozen,100,60,60,0.1,0.48,100
openbmi_confirmation__d6__t15__single_1,15,6,single_1,tuned_C_source_frozen,100,60,60,0.1,0.5800000000000001,100
openbmi_confirmation__d6__t15__single_2,15,6,single_2,tuned_C_source_frozen,100,60,60,0.1,0.63,100
openbmi_confirmation__d7__t15__base,15,7,base,tuned_C_source_frozen,100,0,0,0.1,0.54,100
openbmi_confirmation__d7__t15__own,15,7,own,tuned_C_source_frozen,100,60,60,0.1,0.53,100
openbmi_confirmation__d7__t15__pooled,15,7,pooled,tuned_C_source_frozen,100,60,60,0.1,0.58,100
openbmi_confirmation__d7__t15__single_0,15,7,single_0,tuned_C_source_frozen,100,60,60,0.1,0.55,100
openbmi_confirmation__d7__t15__single_1,15,7,single_1,tuned_C_source_frozen,100,60,60,0.1,0.64,100
openbmi_confirmation__d7__t15__single_2,15,7,single_2,tuned_C_source_frozen,100,60,60,0.1,0.53,100
openbmi_confirmation__d8__t15__base,15,8,base,tuned_C_source_frozen,100,0,0,1.0,0.71,100
openbmi_confirmation__d8__t15__own,15,8,own,tuned_C_source_frozen,100,60,60,1.0,0.5800000000000001,100
openbmi_confirmation__d8__t15__pooled,15,8,pooled,tuned_C_source_frozen,100,60,60,1.0,0.5900000000000001,100
openbmi_confirmation__d8__t15__single_0,15,8,single_0,tuned_C_source_frozen,100,60,60,1.0,0.66,100
openbmi_confirmation__d8__t15__single_1,15,8,single_1,tuned_C_source_frozen,100,60,60,1.0,0.63,100
openbmi_confirmation__d8__t15__single_2,15,8,single_2,tuned_C_source_frozen,100,60,60,1.0,0.5800000000000001,100
openbmi_confirmation__d9__t15__base,15,9,base,tuned_C_source_frozen,100,0,0,0.1,0.54,100
openbmi_confirmation__d9__t15__own,15,9,own,tuned_C_source_frozen,100,60,60,0.1,0.53,100
openbmi_confirmation__d9__t15__pooled,15,9,pooled,tuned_C_source_frozen,100,60,60,0.1,0.5800000000000001,100
openbmi_confirmation__d9__t15__single_0,15,9,single_0,tuned_C_source_frozen,100,60,60,0.1,0.5599999999999999,100
openbmi_confirmation__d9__t15__single_1,15,9,single_1,tuned_C_source_frozen,100,60,60,0.1,0.61,100
openbmi_confirmation__d9__t15__single_2,15,9,single_2,tuned_C_source_frozen,100,60,60,0.1,0.54,100
openbmi_confirmation__d0__t19__base,19,0,base,tuned_C_source_frozen,100,0,0,0.1,0.58,100
openbmi_confirmation__d0__t19__own,19,0,own,tuned_C_source_frozen,100,60,60,0.1,0.6,100
openbmi_confirmation__d0__t19__pooled,19,0,pooled,tuned_C_source_frozen,100,60,60,0.1,0.58,100
openbmi_confirmation__d0__t19__single_0,19,0,single_0,tuned_C_source_frozen,100,60,60,0.1,0.58,100
openbmi_confirmation__d0__t19__single_1,19,0,single_1,tuned_C_source_frozen,100,60,60,0.1,0.6699999999999999,100
openbmi_confirmation__d0__t19__single_2,19,0,single_2,tuned_C_source_frozen,100,60,60,0.1,0.58,100
openbmi_confirmation__d1__t19__base,19,1,base,tuned_C_source_frozen,100,0,0,1.0,0.6599999999999999,100
openbmi_confirmation__d1__t19__own,19,1,own,tuned_C_source_frozen,100,60,60,1.0,0.73,100
openbmi_confirmation__d1__t19__pooled,19,1,pooled,tuned_C_source_frozen,100,60,60,1.0,0.73,100
openbmi_confirmation__d1__t19__single_0,19,1,single_0,tuned_C_source_frozen,100,60,60,1.0,0.74,100
openbmi_confirmation__d1__t19__single_1,19,1,single_1,tuned_C_source_frozen,100,60,60,1.0,0.65,100
openbmi_confirmation__d1__t19__single_2,19,1,single_2,tuned_C_source_frozen,100,60,60,1.0,0.59,100
openbmi_confirmation__d2__t19__base,19,2,base,tuned_C_source_frozen,100,0,0,1.0,0.8400000000000001,100
openbmi_confirmation__d2__t19__own,19,2,own,tuned_C_source_frozen,100,60,60,1.0,0.77,100
openbmi_confirmation__d2__t19__pooled,19,2,pooled,tuned_C_source_frozen,100,60,60,1.0,0.8300000000000001,100
openbmi_confirmation__d2__t19__single_0,19,2,single_0,tuned_C_source_frozen,100,60,60,1.0,0.77,100
openbmi_confirmation__d2__t19__single_1,19,2,single_1,tuned_C_source_frozen,100,60,60,1.0,0.71,100
openbmi_confirmation__d2__t19__single_2,19,2,single_2,tuned_C_source_frozen,100,60,60,1.0,0.74,100
openbmi_confirmation__d3__t19__base,19,3,base,tuned_C_source_frozen,100,0,0,1.0,0.6799999999999999,100
openbmi_confirmation__d3__t19__own,19,3,own,tuned_C_source_frozen,100,60,60,1.0,0.78,100
openbmi_confirmation__d3__t19__pooled,19,3,pooled,tuned_C_source_frozen,100,60,60,1.0,0.6900000000000001,100
openbmi_confirmation__d3__t19__single_0,19,3,single_0,tuned_C_source_frozen,100,60,60,1.0,0.72,100
openbmi_confirmation__d3__t19__single_1,19,3,single_1,tuned_C_source_frozen,100,60,60,1.0,0.72,100
openbmi_confirmation__d3__t19__single_2,19,3,single_2,tuned_C_source_frozen,100,60,60,1.0,0.75,100
openbmi_confirmation__d4__t19__base,19,4,base,tuned_C_source_frozen,100,0,0,0.1,0.54,100
openbmi_confirmation__d4__t19__own,19,4,own,tuned_C_source_frozen,100,60,60,0.1,0.65,100
openbmi_confirmation__d4__t19__pooled,19,4,pooled,tuned_C_source_frozen,100,60,60,0.1,0.5700000000000001,100
openbmi_confirmation__d4__t19__single_0,19,4,single_0,tuned_C_source_frozen,100,60,60,0.1,0.58,100
openbmi_confirmation__d4__t19__single_1,19,4,single_1,tuned_C_source_frozen,100,60,60,0.1,0.56,100
openbmi_confirmation__d4__t19__single_2,19,4,single_2,tuned_C_source_frozen,100,60,60,0.1,0.55,100
openbmi_confirmation__d5__t19__base,19,5,base,tuned_C_source_frozen,100,0,0,0.1,0.71,100
openbmi_confirmation__d5__t19__own,19,5,own,tuned_C_source_frozen,100,60,60,0.1,0.77,100
openbmi_confirmation__d5__t19__pooled,19,5,pooled,tuned_C_source_frozen,100,60,60,0.1,0.61,100
openbmi_confirmation__d5__t19__single_0,19,5,single_0,tuned_C_source_frozen,100,60,60,0.1,0.71,100
openbmi_confirmation__d5__t19__single_1,19,5,single_1,tuned_C_source_frozen,100,60,60,0.1,0.62,100
openbmi_confirmation__d5__t19__single_2,19,5,single_2,tuned_C_source_frozen,100,60,60,0.1,0.6799999999999999,100
openbmi_confirmation__d6__t19__base,19,6,base,tuned_C_source_frozen,100,0,0,0.1,0.68,100
openbmi_confirmation__d6__t19__own,19,6,own,tuned_C_source_frozen,100,60,60,0.1,0.7,100
openbmi_confirmation__d6__t19__pooled,19,6,pooled,tuned_C_source_frozen,100,60,60,0.1,0.78,100
openbmi_confirmation__d6__t19__single_0,19,6,single_0,tuned_C_source_frozen,100,60,60,0.1,0.6799999999999999,100
openbmi_confirmation__d6__t19__single_1,19,6,single_1,tuned_C_source_frozen,100,60,60,0.1,0.75,100
openbmi_confirmation__d6__t19__single_2,19,6,single_2,tuned_C_source_frozen,100,60,60,0.1,0.6100000000000001,100
openbmi_confirmation__d7__t19__base,19,7,base,tuned_C_source_frozen,100,0,0,0.1,0.6499999999999999,100
openbmi_confirmation__d7__t19__own,19,7,own,tuned_C_source_frozen,100,60,60,0.1,0.75,100
openbmi_confirmation__d7__t19__pooled,19,7,pooled,tuned_C_source_frozen,100,60,60,0.1,0.73,100
openbmi_confirmation__d7__t19__single_0,19,7,single_0,tuned_C_source_frozen,100,60,60,0.1,0.58,100
openbmi_confirmation__d7__t19__single_1,19,7,single_1,tuned_C_source_frozen,100,60,60,0.1,0.69,100
openbmi_confirmation__d7__t19__single_2,19,7,single_2,tuned_C_source_frozen,100,60,60,0.1,0.71,100
openbmi_confirmation__d8__t19__base,19,8,base,tuned_C_source_frozen,100,0,0,1.0,0.6599999999999999,100
openbmi_confirmation__d8__t19__own,19,8,own,tuned_C_source_frozen,100,60,60,1.0,0.72,100
openbmi_confirmation__d8__t19__pooled,19,8,pooled,tuned_C_source_frozen,100,60,60,1.0,0.69,100
openbmi_confirmation__d8__t19__single_0,19,8,single_0,tuned_C_source_frozen,100,60,60,1.0,0.62,100
openbmi_confirmation__d8__t19__single_1,19,8,single_1,tuned_C_source_frozen,100,60,60,1.0,0.69,100
openbmi_confirmation__d8__t19__single_2,19,8,single_2,tuned_C_source_frozen,100,60,60,1.0,0.63,100
openbmi_confirmation__d9__t19__base,19,9,base,tuned_C_source_frozen,100,0,0,0.1,0.75,100
openbmi_confirmation__d9__t19__own,19,9,own,tuned_C_source_frozen,100,60,60,0.1,0.68,100
openbmi_confirmation__d9__t19__pooled,19,9,pooled,tuned_C_source_frozen,100,60,60,0.1,0.66,100
openbmi_confirmation__d9__t19__single_0,19,9,single_0,tuned_C_source_frozen,100,60,60,0.1,0.73,100
openbmi_confirmation__d9__t19__single_1,19,9,single_1,tuned_C_source_frozen,100,60,60,0.1,0.8,100
openbmi_confirmation__d9__t19__single_2,19,9,single_2,tuned_C_source_frozen,100,60,60,0.1,0.73,100
openbmi_confirmation__d0__t22__base,22,0,base,tuned_C_source_frozen,100,0,0,0.1,0.52,100
openbmi_confirmation__d0__t22__own,22,0,own,tuned_C_source_frozen,100,60,60,0.1,0.5599999999999999,100
openbmi_confirmation__d0__t22__pooled,22,0,pooled,tuned_C_source_frozen,100,60,60,0.1,0.69,100
openbmi_confirmation__d0__t22__single_0,22,0,single_0,tuned_C_source_frozen,100,60,60,0.1,0.5800000000000001,100
openbmi_confirmation__d0__t22__single_1,22,0,single_1,tuned_C_source_frozen,100,60,60,0.1,0.55,100
openbmi_confirmation__d0__t22__single_2,22,0,single_2,tuned_C_source_frozen,100,60,60,0.1,0.6799999999999999,100
openbmi_confirmation__d1__t22__base,22,1,base,tuned_C_source_frozen,100,0,0,1.0,0.76,100
openbmi_confirmation__d1__t22__own,22,1,own,tuned_C_source_frozen,100,60,60,1.0,0.76,100
openbmi_confirmation__d1__t22__pooled,22,1,pooled,tuned_C_source_frozen,100,60,60,1.0,0.71,100
openbmi_confirmation__d1__t22__single_0,22,1,single_0,tuned_C_source_frozen,100,60,60,1.0,0.67,100
openbmi_confirmation__d1__t22__single_1,22,1,single_1,tuned_C_source_frozen,100,60,60,1.0,0.68,100
openbmi_confirmation__d1__t22__single_2,22,1,single_2,tuned_C_source_frozen,100,60,60,1.0,0.6599999999999999,100
openbmi_confirmation__d2__t22__base,22,2,base,tuned_C_source_frozen,100,0,0,1.0,0.54,100
openbmi_confirmation__d2__t22__own,22,2,own,tuned_C_source_frozen,100,60,60,1.0,0.64,100
openbmi_confirmation__d2__t22__pooled,22,2,pooled,tuned_C_source_frozen,100,60,60,1.0,0.53,100
openbmi_confirmation__d2__t22__single_0,22,2,single_0,tuned_C_source_frozen,100,60,60,1.0,0.61,100
openbmi_confirmation__d2__t22__single_1,22,2,single_1,tuned_C_source_frozen,100,60,60,1.0,0.57,100
openbmi_confirmation__d2__t22__single_2,22,2,single_2,tuned_C_source_frozen,100,60,60,1.0,0.63,100
openbmi_confirmation__d3__t22__base,22,3,base,tuned_C_source_frozen,100,0,0,1.0,0.64,100
openbmi_confirmation__d3__t22__own,22,3,own,tuned_C_source_frozen,100,60,60,1.0,0.63,100
openbmi_confirmation__d3__t22__pooled,22,3,pooled,tuned_C_source_frozen,100,60,60,1.0,0.65,100
openbmi_confirmation__d3__t22__single_0,22,3,single_0,tuned_C_source_frozen,100,60,60,1.0,0.6699999999999999,100
openbmi_confirmation__d3__t22__single_1,22,3,single_1,tuned_C_source_frozen,100,60,60,1.0,0.63,100
openbmi_confirmation__d3__t22__single_2,22,3,single_2,tuned_C_source_frozen,100,60,60,1.0,0.65,100
openbmi_confirmation__d4__t22__base,22,4,base,tuned_C_source_frozen,100,0,0,0.1,0.58,100
openbmi_confirmation__d4__t22__own,22,4,own,tuned_C_source_frozen,100,60,60,0.1,0.71,100
openbmi_confirmation__d4__t22__pooled,22,4,pooled,tuned_C_source_frozen,100,60,60,0.1,0.64,100
openbmi_confirmation__d4__t22__single_0,22,4,single_0,tuned_C_source_frozen,100,60,60,0.1,0.62,100
openbmi_confirmation__d4__t22__single_1,22,4,single_1,tuned_C_source_frozen,100,60,60,0.1,0.6799999999999999,100
openbmi_confirmation__d4__t22__single_2,22,4,single_2,tuned_C_source_frozen,100,60,60,0.1,0.63,100
openbmi_confirmation__d5__t22__base,22,5,base,tuned_C_source_frozen,100,0,0,0.1,0.5,100
openbmi_confirmation__d5__t22__own,22,5,own,tuned_C_source_frozen,100,60,60,0.1,0.65,100
openbmi_confirmation__d5__t22__pooled,22,5,pooled,tuned_C_source_frozen,100,60,60,0.1,0.64,100
openbmi_confirmation__d5__t22__single_0,22,5,single_0,tuned_C_source_frozen,100,60,60,0.1,0.5599999999999999,100
openbmi_confirmation__d5__t22__single_1,22,5,single_1,tuned_C_source_frozen,100,60,60,0.1,0.59,100
openbmi_confirmation__d5__t22__single_2,22,5,single_2,tuned_C_source_frozen,100,60,60,0.1,0.6599999999999999,100
openbmi_confirmation__d6__t22__base,22,6,base,tuned_C_source_frozen,100,0,0,0.1,0.61,100
openbmi_confirmation__d6__t22__own,22,6,own,tuned_C_source_frozen,100,60,60,0.1,0.67,100
openbmi_confirmation__d6__t22__pooled,22,6,pooled,tuned_C_source_frozen,100,60,60,0.1,0.6799999999999999,100
openbmi_confirmation__d6__t22__single_0,22,6,single_0,tuned_C_source_frozen,100,60,60,0.1,0.6799999999999999,100
openbmi_confirmation__d6__t22__single_1,22,6,single_1,tuned_C_source_frozen,100,60,60,0.1,0.64,100
openbmi_confirmation__d6__t22__single_2,22,6,single_2,tuned_C_source_frozen,100,60,60,0.1,0.62,100
openbmi_confirmation__d7__t22__base,22,7,base,tuned_C_source_frozen,100,0,0,0.1,0.62,100
openbmi_confirmation__d7__t22__own,22,7,own,tuned_C_source_frozen,100,60,60,0.1,0.68,100
openbmi_confirmation__d7__t22__pooled,22,7,pooled,tuned_C_source_frozen,100,60,60,0.1,0.62,100
openbmi_confirmation__d7__t22__single_0,22,7,single_0,tuned_C_source_frozen,100,60,60,0.1,0.62,100
openbmi_confirmation__d7__t22__single_1,22,7,single_1,tuned_C_source_frozen,100,60,60,0.1,0.69,100
openbmi_confirmation__d7__t22__single_2,22,7,single_2,tuned_C_source_frozen,100,60,60,0.1,0.6499999999999999,100
openbmi_confirmation__d8__t22__base,22,8,base,tuned_C_source_frozen,100,0,0,1.0,0.55,100
openbmi_confirmation__d8__t22__own,22,8,own,tuned_C_source_frozen,100,60,60,1.0,0.5,100
openbmi_confirmation__d8__t22__pooled,22,8,pooled,tuned_C_source_frozen,100,60,60,1.0,0.58,100
openbmi_confirmation__d8__t22__single_0,22,8,single_0,tuned_C_source_frozen,100,60,60,1.0,0.6000000000000001,100
openbmi_confirmation__d8__t22__single_1,22,8,single_1,tuned_C_source_frozen,100,60,60,1.0,0.6599999999999999,100
openbmi_confirmation__d8__t22__single_2,22,8,single_2,tuned_C_source_frozen,100,60,60,1.0,0.61,100
openbmi_confirmation__d9__t22__base,22,9,base,tuned_C_source_frozen,100,0,0,0.1,0.74,100
openbmi_confirmation__d9__t22__own,22,9,own,tuned_C_source_frozen,100,60,60,0.1,0.7,100
openbmi_confirmation__d9__t22__pooled,22,9,pooled,tuned_C_source_frozen,100,60,60,0.1,0.72,100
openbmi_confirmation__d9__t22__single_0,22,9,single_0,tuned_C_source_frozen,100,60,60,0.1,0.7,100
openbmi_confirmation__d9__t22__single_1,22,9,single_1,tuned_C_source_frozen,100,60,60,0.1,0.74,100
openbmi_confirmation__d9__t22__single_2,22,9,single_2,tuned_C_source_frozen,100,60,60,0.1,0.73,100
openbmi_confirmation__d0__t23__base,23,0,base,tuned_C_source_frozen,100,0,0,0.1,0.65,100
openbmi_confirmation__d0__t23__own,23,0,own,tuned_C_source_frozen,100,60,60,0.1,0.78,100
openbmi_confirmation__d0__t23__pooled,23,0,pooled,tuned_C_source_frozen,100,60,60,0.1,0.69,100
openbmi_confirmation__d0__t23__single_0,23,0,single_0,tuned_C_source_frozen,100,60,60,0.1,0.65,100
openbmi_confirmation__d0__t23__single_1,23,0,single_1,tuned_C_source_frozen,100,60,60,0.1,0.75,100
openbmi_confirmation__d0__t23__single_2,23,0,single_2,tuned_C_source_frozen,100,60,60,0.1,0.74,100
openbmi_confirmation__d1__t23__base,23,1,base,tuned_C_source_frozen,100,0,0,1.0,0.69,100
openbmi_confirmation__d1__t23__own,23,1,own,tuned_C_source_frozen,100,60,60,1.0,0.81,100
openbmi_confirmation__d1__t23__pooled,23,1,pooled,tuned_C_source_frozen,100,60,60,1.0,0.72,100
openbmi_confirmation__d1__t23__single_0,23,1,single_0,tuned_C_source_frozen,100,60,60,1.0,0.72,100
openbmi_confirmation__d1__t23__single_1,23,1,single_1,tuned_C_source_frozen,100,60,60,1.0,0.72,100
openbmi_confirmation__d1__t23__single_2,23,1,single_2,tuned_C_source_frozen,100,60,60,1.0,0.62,100
openbmi_confirmation__d2__t23__base,23,2,base,tuned_C_source_frozen,100,0,0,1.0,0.78,100
openbmi_confirmation__d2__t23__own,23,2,own,tuned_C_source_frozen,100,60,60,1.0,0.8200000000000001,100
openbmi_confirmation__d2__t23__pooled,23,2,pooled,tuned_C_source_frozen,100,60,60,1.0,0.76,100
openbmi_confirmation__d2__t23__single_0,23,2,single_0,tuned_C_source_frozen,100,60,60,1.0,0.77,100
openbmi_confirmation__d2__t23__single_1,23,2,single_1,tuned_C_source_frozen,100,60,60,1.0,0.6799999999999999,100
openbmi_confirmation__d2__t23__single_2,23,2,single_2,tuned_C_source_frozen,100,60,60,1.0,0.76,100
openbmi_confirmation__d3__t23__base,23,3,base,tuned_C_source_frozen,100,0,0,1.0,0.6499999999999999,100
openbmi_confirmation__d3__t23__own,23,3,own,tuned_C_source_frozen,100,60,60,1.0,0.78,100
openbmi_confirmation__d3__t23__pooled,23,3,pooled,tuned_C_source_frozen,100,60,60,1.0,0.74,100
openbmi_confirmation__d3__t23__single_0,23,3,single_0,tuned_C_source_frozen,100,60,60,1.0,0.6799999999999999,100
openbmi_confirmation__d3__t23__single_1,23,3,single_1,tuned_C_source_frozen,100,60,60,1.0,0.71,100
openbmi_confirmation__d3__t23__single_2,23,3,single_2,tuned_C_source_frozen,100,60,60,1.0,0.6799999999999999,100
openbmi_confirmation__d4__t23__base,23,4,base,tuned_C_source_frozen,100,0,0,0.1,0.71,100
openbmi_confirmation__d4__t23__own,23,4,own,tuned_C_source_frozen,100,60,60,0.1,0.81,100
openbmi_confirmation__d4__t23__pooled,23,4,pooled,tuned_C_source_frozen,100,60,60,0.1,0.76,100
openbmi_confirmation__d4__t23__single_0,23,4,single_0,tuned_C_source_frozen,100,60,60,0.1,0.69,100
openbmi_confirmation__d4__t23__single_1,23,4,single_1,tuned_C_source_frozen,100,60,60,0.1,0.74,100
openbmi_confirmation__d4__t23__single_2,23,4,single_2,tuned_C_source_frozen,100,60,60,0.1,0.71,100
openbmi_confirmation__d5__t23__base,23,5,base,tuned_C_source_frozen,100,0,0,0.1,0.76,100
openbmi_confirmation__d5__t23__own,23,5,own,tuned_C_source_frozen,100,60,60,0.1,0.8200000000000001,100
openbmi_confirmation__d5__t23__pooled,23,5,pooled,tuned_C_source_frozen,100,60,60,0.1,0.71,100
openbmi_confirmation__d5__t23__single_0,23,5,single_0,tuned_C_source_frozen,100,60,60,0.1,0.6699999999999999,100
openbmi_confirmation__d5__t23__single_1,23,5,single_1,tuned_C_source_frozen,100,60,60,0.1,0.79,100
openbmi_confirmation__d5__t23__single_2,23,5,single_2,tuned_C_source_frozen,100,60,60,0.1,0.81,100
openbmi_confirmation__d6__t23__base,23,6,base,tuned_C_source_frozen,100,0,0,0.1,0.61,100
openbmi_confirmation__d6__t23__own,23,6,own,tuned_C_source_frozen,100,60,60,0.1,0.72,100
openbmi_confirmation__d6__t23__pooled,23,6,pooled,tuned_C_source_frozen,100,60,60,0.1,0.64,100
openbmi_confirmation__d6__t23__single_0,23,6,single_0,tuned_C_source_frozen,100,60,60,0.1,0.65,100
openbmi_confirmation__d6__t23__single_1,23,6,single_1,tuned_C_source_frozen,100,60,60,0.1,0.64,100
openbmi_confirmation__d6__t23__single_2,23,6,single_2,tuned_C_source_frozen,100,60,60,0.1,0.65,100
openbmi_confirmation__d7__t23__base,23,7,base,tuned_C_source_frozen,100,0,0,0.1,0.67,100
openbmi_confirmation__d7__t23__own,23,7,own,tuned_C_source_frozen,100,60,60,0.1,0.73,100
openbmi_confirmation__d7__t23__pooled,23,7,pooled,tuned_C_source_frozen,100,60,60,0.1,0.69,100
openbmi_confirmation__d7__t23__single_0,23,7,single_0,tuned_C_source_frozen,100,60,60,0.1,0.69,100
openbmi_confirmation__d7__t23__single_1,23,7,single_1,tuned_C_source_frozen,100,60,60,0.1,0.69,100
openbmi_confirmation__d7__t23__single_2,23,7,single_2,tuned_C_source_frozen,100,60,60,0.1,0.6799999999999999,100
openbmi_confirmation__d8__t23__base,23,8,base,tuned_C_source_frozen,100,0,0,1.0,0.57,100
openbmi_confirmation__d8__t23__own,23,8,own,tuned_C_source_frozen,100,60,60,1.0,0.78,100
openbmi_confirmation__d8__t23__pooled,23,8,pooled,tuned_C_source_frozen,100,60,60,1.0,0.78,100
openbmi_confirmation__d8__t23__single_0,23,8,single_0,tuned_C_source_frozen,100,60,60,1.0,0.56,100
openbmi_confirmation__d8__t23__single_1,23,8,single_1,tuned_C_source_frozen,100,60,60,1.0,0.67,100
openbmi_confirmation__d8__t23__single_2,23,8,single_2,tuned_C_source_frozen,100,60,60,1.0,0.62,100
openbmi_confirmation__d9__t23__base,23,9,base,tuned_C_source_frozen,100,0,0,0.1,0.74,100
openbmi_confirmation__d9__t23__own,23,9,own,tuned_C_source_frozen,100,60,60,0.1,0.8200000000000001,100
openbmi_confirmation__d9__t23__pooled,23,9,pooled,tuned_C_source_frozen,100,60,60,0.1,0.8200000000000001,100
openbmi_confirmation__d9__t23__single_0,23,9,single_0,tuned_C_source_frozen,100,60,60,0.1,0.69,100
openbmi_confirmation__d9__t23__single_1,23,9,single_1,tuned_C_source_frozen,100,60,60,0.1,0.78,100
openbmi_confirmation__d9__t23__single_2,23,9,single_2,tuned_C_source_frozen,100,60,60,0.1,0.6499999999999999,100
openbmi_confirmation__d0__t24__base,24,0,base,tuned_C_source_frozen,100,0,0,0.1,0.53,100
openbmi_confirmation__d0__t24__own,24,0,own,tuned_C_source_frozen,100,60,60,0.1,0.5700000000000001,100
openbmi_confirmation__d0__t24__pooled,24,0,pooled,tuned_C_source_frozen,100,60,60,0.1,0.54,100
openbmi_confirmation__d0__t24__single_0,24,0,single_0,tuned_C_source_frozen,100,60,60,0.1,0.56,100
openbmi_confirmation__d0__t24__single_1,24,0,single_1,tuned_C_source_frozen,100,60,60,0.1,0.57,100
openbmi_confirmation__d0__t24__single_2,24,0,single_2,tuned_C_source_frozen,100,60,60,0.1,0.52,100
openbmi_confirmation__d1__t24__base,24,1,base,tuned_C_source_frozen,100,0,0,1.0,0.5,100
openbmi_confirmation__d1__t24__own,24,1,own,tuned_C_source_frozen,100,60,60,1.0,0.55,100
openbmi_confirmation__d1__t24__pooled,24,1,pooled,tuned_C_source_frozen,100,60,60,1.0,0.52,100
openbmi_confirmation__d1__t24__single_0,24,1,single_0,tuned_C_source_frozen,100,60,60,1.0,0.51,100
openbmi_confirmation__d1__t24__single_1,24,1,single_1,tuned_C_source_frozen,100,60,60,1.0,0.56,100
openbmi_confirmation__d1__t24__single_2,24,1,single_2,tuned_C_source_frozen,100,60,60,1.0,0.51,100
openbmi_confirmation__d2__t24__base,24,2,base,tuned_C_source_frozen,100,0,0,1.0,0.48,100
openbmi_confirmation__d2__t24__own,24,2,own,tuned_C_source_frozen,100,60,60,1.0,0.56,100
openbmi_confirmation__d2__t24__pooled,24,2,pooled,tuned_C_source_frozen,100,60,60,1.0,0.53,100
openbmi_confirmation__d2__t24__single_0,24,2,single_0,tuned_C_source_frozen,100,60,60,1.0,0.49,100
openbmi_confirmation__d2__t24__single_1,24,2,single_1,tuned_C_source_frozen,100,60,60,1.0,0.64,100
openbmi_confirmation__d2__t24__single_2,24,2,single_2,tuned_C_source_frozen,100,60,60,1.0,0.48,100
openbmi_confirmation__d3__t24__base,24,3,base,tuned_C_source_frozen,100,0,0,1.0,0.48,100
openbmi_confirmation__d3__t24__own,24,3,own,tuned_C_source_frozen,100,60,60,1.0,0.53,100
openbmi_confirmation__d3__t24__pooled,24,3,pooled,tuned_C_source_frozen,100,60,60,1.0,0.49,100
openbmi_confirmation__d3__t24__single_0,24,3,single_0,tuned_C_source_frozen,100,60,60,1.0,0.51,100
openbmi_confirmation__d3__t24__single_1,24,3,single_1,tuned_C_source_frozen,100,60,60,1.0,0.48,100
openbmi_confirmation__d3__t24__single_2,24,3,single_2,tuned_C_source_frozen,100,60,60,1.0,0.5800000000000001,100
openbmi_confirmation__d4__t24__base,24,4,base,tuned_C_source_frozen,100,0,0,0.1,0.5800000000000001,100
openbmi_confirmation__d4__t24__own,24,4,own,tuned_C_source_frozen,100,60,60,0.1,0.56,100
openbmi_confirmation__d4__t24__pooled,24,4,pooled,tuned_C_source_frozen,100,60,60,0.1,0.5599999999999999,100
openbmi_confirmation__d4__t24__single_0,24,4,single_0,tuned_C_source_frozen,100,60,60,0.1,0.54,100
openbmi_confirmation__d4__t24__single_1,24,4,single_1,tuned_C_source_frozen,100,60,60,0.1,0.62,100
openbmi_confirmation__d4__t24__single_2,24,4,single_2,tuned_C_source_frozen,100,60,60,0.1,0.51,100
openbmi_confirmation__d5__t24__base,24,5,base,tuned_C_source_frozen,100,0,0,0.1,0.45,100
openbmi_confirmation__d5__t24__own,24,5,own,tuned_C_source_frozen,100,60,60,0.1,0.48,100
openbmi_confirmation__d5__t24__pooled,24,5,pooled,tuned_C_source_frozen,100,60,60,0.1,0.47,100
openbmi_confirmation__d5__t24__single_0,24,5,single_0,tuned_C_source_frozen,100,60,60,0.1,0.49,100
openbmi_confirmation__d5__t24__single_1,24,5,single_1,tuned_C_source_frozen,100,60,60,0.1,0.47000000000000003,100
openbmi_confirmation__d5__t24__single_2,24,5,single_2,tuned_C_source_frozen,100,60,60,0.1,0.48,100
openbmi_confirmation__d6__t24__base,24,6,base,tuned_C_source_frozen,100,0,0,0.1,0.5,100
openbmi_confirmation__d6__t24__own,24,6,own,tuned_C_source_frozen,100,60,60,0.1,0.53,100
openbmi_confirmation__d6__t24__pooled,24,6,pooled,tuned_C_source_frozen,100,60,60,0.1,0.51,100
openbmi_confirmation__d6__t24__single_0,24,6,single_0,tuned_C_source_frozen,100,60,60,0.1,0.53,100
openbmi_confirmation__d6__t24__single_1,24,6,single_1,tuned_C_source_frozen,100,60,60,0.1,0.5,100
openbmi_confirmation__d6__t24__single_2,24,6,single_2,tuned_C_source_frozen,100,60,60,0.1,0.51,100
openbmi_confirmation__d7__t24__base,24,7,base,tuned_C_source_frozen,100,0,0,0.1,0.55,100
openbmi_confirmation__d7__t24__own,24,7,own,tuned_C_source_frozen,100,60,60,0.1,0.53,100
openbmi_confirmation__d7__t24__pooled,24,7,pooled,tuned_C_source_frozen,100,60,60,0.1,0.54,100
openbmi_confirmation__d7__t24__single_0,24,7,single_0,tuned_C_source_frozen,100,60,60,0.1,0.52,100
openbmi_confirmation__d7__t24__single_1,24,7,single_1,tuned_C_source_frozen,100,60,60,0.1,0.55,100
openbmi_confirmation__d7__t24__single_2,24,7,single_2,tuned_C_source_frozen,100,60,60,0.1,0.54,100
openbmi_confirmation__d8__t24__base,24,8,base,tuned_C_source_frozen,100,0,0,1.0,0.52,100
openbmi_confirmation__d8__t24__own,24,8,own,tuned_C_source_frozen,100,60,60,1.0,0.53,100
openbmi_confirmation__d8__t24__pooled,24,8,pooled,tuned_C_source_frozen,100,60,60,1.0,0.5,100
openbmi_confirmation__d8__t24__single_0,24,8,single_0,tuned_C_source_frozen,100,60,60,1.0,0.52,100
openbmi_confirmation__d8__t24__single_1,24,8,single_1,tuned_C_source_frozen,100,60,60,1.0,0.51,100
openbmi_confirmation__d8__t24__single_2,24,8,single_2,tuned_C_source_frozen,100,60,60,1.0,0.54,100
openbmi_confirmation__d9__t24__base,24,9,base,tuned_C_source_frozen,100,0,0,0.1,0.53,100
openbmi_confirmation__d9__t24__own,24,9,own,tuned_C_source_frozen,100,60,60,0.1,0.52,100
openbmi_confirmation__d9__t24__pooled,24,9,pooled,tuned_C_source_frozen,100,60,60,0.1,0.52,100
openbmi_confirmation__d9__t24__single_0,24,9,single_0,tuned_C_source_frozen,100,60,60,0.1,0.51,100
openbmi_confirmation__d9__t24__single_1,24,9,single_1,tuned_C_source_frozen,100,60,60,0.1,0.53,100
openbmi_confirmation__d9__t24__single_2,24,9,single_2,tuned_C_source_frozen,100,60,60,0.1,0.52,100
openbmi_confirmation__d0__t27__base,27,0,base,tuned_C_source_frozen,100,0,0,0.1,0.52,100
openbmi_confirmation__d0__t27__own,27,0,own,tuned_C_source_frozen,100,60,60,0.1,0.55,100
openbmi_confirmation__d0__t27__pooled,27,0,pooled,tuned_C_source_frozen,100,60,60,0.1,0.52,100
openbmi_confirmation__d0__t27__single_0,27,0,single_0,tuned_C_source_frozen,100,60,60,0.1,0.55,100
openbmi_confirmation__d0__t27__single_1,27,0,single_1,tuned_C_source_frozen,100,60,60,0.1,0.62,100
openbmi_confirmation__d0__t27__single_2,27,0,single_2,tuned_C_source_frozen,100,60,60,0.1,0.55,100
openbmi_confirmation__d1__t27__base,27,1,base,tuned_C_source_frozen,100,0,0,1.0,0.46,100
openbmi_confirmation__d1__t27__own,27,1,own,tuned_C_source_frozen,100,60,60,1.0,0.53,100
openbmi_confirmation__d1__t27__pooled,27,1,pooled,tuned_C_source_frozen,100,60,60,1.0,0.5,100
openbmi_confirmation__d1__t27__single_0,27,1,single_0,tuned_C_source_frozen,100,60,60,1.0,0.5,100
openbmi_confirmation__d1__t27__single_1,27,1,single_1,tuned_C_source_frozen,100,60,60,1.0,0.54,100
openbmi_confirmation__d1__t27__single_2,27,1,single_2,tuned_C_source_frozen,100,60,60,1.0,0.47,100
openbmi_confirmation__d2__t27__base,27,2,base,tuned_C_source_frozen,100,0,0,1.0,0.45,100
openbmi_confirmation__d2__t27__own,27,2,own,tuned_C_source_frozen,100,60,60,1.0,0.5,100
openbmi_confirmation__d2__t27__pooled,27,2,pooled,tuned_C_source_frozen,100,60,60,1.0,0.5,100
openbmi_confirmation__d2__t27__single_0,27,2,single_0,tuned_C_source_frozen,100,60,60,1.0,0.47,100
openbmi_confirmation__d2__t27__single_1,27,2,single_1,tuned_C_source_frozen,100,60,60,1.0,0.54,100
openbmi_confirmation__d2__t27__single_2,27,2,single_2,tuned_C_source_frozen,100,60,60,1.0,0.46,100
openbmi_confirmation__d3__t27__base,27,3,base,tuned_C_source_frozen,100,0,0,1.0,0.55,100
openbmi_confirmation__d3__t27__own,27,3,own,tuned_C_source_frozen,100,60,60,1.0,0.5900000000000001,100
openbmi_confirmation__d3__t27__pooled,27,3,pooled,tuned_C_source_frozen,100,60,60,1.0,0.55,100
openbmi_confirmation__d3__t27__single_0,27,3,single_0,tuned_C_source_frozen,100,60,60,1.0,0.56,100
openbmi_confirmation__d3__t27__single_1,27,3,single_1,tuned_C_source_frozen,100,60,60,1.0,0.5700000000000001,100
openbmi_confirmation__d3__t27__single_2,27,3,single_2,tuned_C_source_frozen,100,60,60,1.0,0.5,100
openbmi_confirmation__d4__t27__base,27,4,base,tuned_C_source_frozen,100,0,0,0.1,0.53,100
openbmi_confirmation__d4__t27__own,27,4,own,tuned_C_source_frozen,100,60,60,0.1,0.53,100
openbmi_confirmation__d4__t27__pooled,27,4,pooled,tuned_C_source_frozen,100,60,60,0.1,0.52,100
openbmi_confirmation__d4__t27__single_0,27,4,single_0,tuned_C_source_frozen,100,60,60,0.1,0.48,100
openbmi_confirmation__d4__t27__single_1,27,4,single_1,tuned_C_source_frozen,100,60,60,0.1,0.51,100
openbmi_confirmation__d4__t27__single_2,27,4,single_2,tuned_C_source_frozen,100,60,60,0.1,0.5,100
openbmi_confirmation__d5__t27__base,27,5,base,tuned_C_source_frozen,100,0,0,0.1,0.52,100
openbmi_confirmation__d5__t27__own,27,5,own,tuned_C_source_frozen,100,60,60,0.1,0.55,100
openbmi_confirmation__d5__t27__pooled,27,5,pooled,tuned_C_source_frozen,100,60,60,0.1,0.52,100
openbmi_confirmation__d5__t27__single_0,27,5,single_0,tuned_C_source_frozen,100,60,60,0.1,0.5700000000000001,100
openbmi_confirmation__d5__t27__single_1,27,5,single_1,tuned_C_source_frozen,100,60,60,0.1,0.55,100
openbmi_confirmation__d5__t27__single_2,27,5,single_2,tuned_C_source_frozen,100,60,60,0.1,0.51,100
openbmi_confirmation__d6__t27__base,27,6,base,tuned_C_source_frozen,100,0,0,0.1,0.5,100
openbmi_confirmation__d6__t27__own,27,6,own,tuned_C_source_frozen,100,60,60,0.1,0.5700000000000001,100
openbmi_confirmation__d6__t27__pooled,27,6,pooled,tuned_C_source_frozen,100,60,60,0.1,0.49,100
openbmi_confirmation__d6__t27__single_0,27,6,single_0,tuned_C_source_frozen,100,60,60,0.1,0.52,100
openbmi_confirmation__d6__t27__single_1,27,6,single_1,tuned_C_source_frozen,100,60,60,0.1,0.54,100
openbmi_confirmation__d6__t27__single_2,27,6,single_2,tuned_C_source_frozen,100,60,60,0.1,0.53,100
openbmi_confirmation__d7__t27__base,27,7,base,tuned_C_source_frozen,100,0,0,0.1,0.53,100
openbmi_confirmation__d7__t27__own,27,7,own,tuned_C_source_frozen,100,60,60,0.1,0.5,100
openbmi_confirmation__d7__t27__pooled,27,7,pooled,tuned_C_source_frozen,100,60,60,0.1,0.53,100
openbmi_confirmation__d7__t27__single_0,27,7,single_0,tuned_C_source_frozen,100,60,60,0.1,0.53,100
openbmi_confirmation__d7__t27__single_1,27,7,single_1,tuned_C_source_frozen,100,60,60,0.1,0.52,100
openbmi_confirmation__d7__t27__single_2,27,7,single_2,tuned_C_source_frozen,100,60,60,0.1,0.51,100
openbmi_confirmation__d8__t27__base,27,8,base,tuned_C_source_frozen,100,0,0,1.0,0.56,100
openbmi_confirmation__d8__t27__own,27,8,own,tuned_C_source_frozen,100,60,60,1.0,0.6,100
openbmi_confirmation__d8__t27__pooled,27,8,pooled,tuned_C_source_frozen,100,60,60,1.0,0.5,100
openbmi_confirmation__d8__t27__single_0,27,8,single_0,tuned_C_source_frozen,100,60,60,1.0,0.56,100
openbmi_confirmation__d8__t27__single_1,27,8,single_1,tuned_C_source_frozen,100,60,60,1.0,0.51,100
openbmi_confirmation__d8__t27__single_2,27,8,single_2,tuned_C_source_frozen,100,60,60,1.0,0.45,100
openbmi_confirmation__d9__t27__base,27,9,base,tuned_C_source_frozen,100,0,0,0.1,0.47,100
openbmi_confirmation__d9__t27__own,27,9,own,tuned_C_source_frozen,100,60,60,0.1,0.53,100
openbmi_confirmation__d9__t27__pooled,27,9,pooled,tuned_C_source_frozen,100,60,60,0.1,0.51,100
openbmi_confirmation__d9__t27__single_0,27,9,single_0,tuned_C_source_frozen,100,60,60,0.1,0.55,100
openbmi_confirmation__d9__t27__single_1,27,9,single_1,tuned_C_source_frozen,100,60,60,0.1,0.48,100
openbmi_confirmation__d9__t27__single_2,27,9,single_2,tuned_C_source_frozen,100,60,60,0.1,0.51,100
openbmi_confirmation__d0__t28__base,28,0,base,tuned_C_source_frozen,100,0,0,0.1,0.6599999999999999,100
openbmi_confirmation__d0__t28__own,28,0,own,tuned_C_source_frozen,100,60,60,0.1,0.77,100
openbmi_confirmation__d0__t28__pooled,28,0,pooled,tuned_C_source_frozen,100,60,60,0.1,0.75,100
openbmi_confirmation__d0__t28__single_0,28,0,single_0,tuned_C_source_frozen,100,60,60,0.1,0.78,100
openbmi_confirmation__d0__t28__single_1,28,0,single_1,tuned_C_source_frozen,100,60,60,0.1,0.7,100
openbmi_confirmation__d0__t28__single_2,28,0,single_2,tuned_C_source_frozen,100,60,60,0.1,0.69,100
openbmi_confirmation__d1__t28__base,28,1,base,tuned_C_source_frozen,100,0,0,1.0,0.76,100
openbmi_confirmation__d1__t28__own,28,1,own,tuned_C_source_frozen,100,60,60,1.0,0.79,100
openbmi_confirmation__d1__t28__pooled,28,1,pooled,tuned_C_source_frozen,100,60,60,1.0,0.75,100
openbmi_confirmation__d1__t28__single_0,28,1,single_0,tuned_C_source_frozen,100,60,60,1.0,0.8200000000000001,100
openbmi_confirmation__d1__t28__single_1,28,1,single_1,tuned_C_source_frozen,100,60,60,1.0,0.75,100
openbmi_confirmation__d1__t28__single_2,28,1,single_2,tuned_C_source_frozen,100,60,60,1.0,0.75,100
openbmi_confirmation__d2__t28__base,28,2,base,tuned_C_source_frozen,100,0,0,1.0,0.8,100
openbmi_confirmation__d2__t28__own,28,2,own,tuned_C_source_frozen,100,60,60,1.0,0.84,100
openbmi_confirmation__d2__t28__pooled,28,2,pooled,tuned_C_source_frozen,100,60,60,1.0,0.74,100
openbmi_confirmation__d2__t28__single_0,28,2,single_0,tuned_C_source_frozen,100,60,60,1.0,0.79,100
openbmi_confirmation__d2__t28__single_1,28,2,single_1,tuned_C_source_frozen,100,60,60,1.0,0.8300000000000001,100
openbmi_confirmation__d2__t28__single_2,28,2,single_2,tuned_C_source_frozen,100,60,60,1.0,0.79,100
openbmi_confirmation__d3__t28__base,28,3,base,tuned_C_source_frozen,100,0,0,1.0,0.65,100
openbmi_confirmation__d3__t28__own,28,3,own,tuned_C_source_frozen,100,60,60,1.0,0.72,100
openbmi_confirmation__d3__t28__pooled,28,3,pooled,tuned_C_source_frozen,100,60,60,1.0,0.77,100
openbmi_confirmation__d3__t28__single_0,28,3,single_0,tuned_C_source_frozen,100,60,60,1.0,0.69,100
openbmi_confirmation__d3__t28__single_1,28,3,single_1,tuned_C_source_frozen,100,60,60,1.0,0.6900000000000001,100
openbmi_confirmation__d3__t28__single_2,28,3,single_2,tuned_C_source_frozen,100,60,60,1.0,0.69,100
openbmi_confirmation__d4__t28__base,28,4,base,tuned_C_source_frozen,100,0,0,0.1,0.77,100
openbmi_confirmation__d4__t28__own,28,4,own,tuned_C_source_frozen,100,60,60,0.1,0.81,100
openbmi_confirmation__d4__t28__pooled,28,4,pooled,tuned_C_source_frozen,100,60,60,0.1,0.72,100
openbmi_confirmation__d4__t28__single_0,28,4,single_0,tuned_C_source_frozen,100,60,60,0.1,0.72,100
openbmi_confirmation__d4__t28__single_1,28,4,single_1,tuned_C_source_frozen,100,60,60,0.1,0.73,100
openbmi_confirmation__d4__t28__single_2,28,4,single_2,tuned_C_source_frozen,100,60,60,0.1,0.75,100
openbmi_confirmation__d5__t28__base,28,5,base,tuned_C_source_frozen,100,0,0,0.1,0.74,100
openbmi_confirmation__d5__t28__own,28,5,own,tuned_C_source_frozen,100,60,60,0.1,0.84,100
openbmi_confirmation__d5__t28__pooled,28,5,pooled,tuned_C_source_frozen,100,60,60,0.1,0.76,100
openbmi_confirmation__d5__t28__single_0,28,5,single_0,tuned_C_source_frozen,100,60,60,0.1,0.79,100
openbmi_confirmation__d5__t28__single_1,28,5,single_1,tuned_C_source_frozen,100,60,60,0.1,0.65,100
openbmi_confirmation__d5__t28__single_2,28,5,single_2,tuned_C_source_frozen,100,60,60,0.1,0.67,100
openbmi_confirmation__d6__t28__base,28,6,base,tuned_C_source_frozen,100,0,0,0.1,0.67,100
openbmi_confirmation__d6__t28__own,28,6,own,tuned_C_source_frozen,100,60,60,0.1,0.81,100
openbmi_confirmation__d6__t28__pooled,28,6,pooled,tuned_C_source_frozen,100,60,60,0.1,0.73,100
openbmi_confirmation__d6__t28__single_0,28,6,single_0,tuned_C_source_frozen,100,60,60,0.1,0.76,100
openbmi_confirmation__d6__t28__single_1,28,6,single_1,tuned_C_source_frozen,100,60,60,0.1,0.81,100
openbmi_confirmation__d6__t28__single_2,28,6,single_2,tuned_C_source_frozen,100,60,60,0.1,0.6699999999999999,100
openbmi_confirmation__d7__t28__base,28,7,base,tuned_C_source_frozen,100,0,0,0.1,0.6799999999999999,100
openbmi_confirmation__d7__t28__own,28,7,own,tuned_C_source_frozen,100,60,60,0.1,0.81,100
openbmi_confirmation__d7__t28__pooled,28,7,pooled,tuned_C_source_frozen,100,60,60,0.1,0.6599999999999999,100
openbmi_confirmation__d7__t28__single_0,28,7,single_0,tuned_C_source_frozen,100,60,60,0.1,0.8600000000000001,100
openbmi_confirmation__d7__t28__single_1,28,7,single_1,tuned_C_source_frozen,100,60,60,0.1,0.76,100
openbmi_confirmation__d7__t28__single_2,28,7,single_2,tuned_C_source_frozen,100,60,60,0.1,0.71,100
openbmi_confirmation__d8__t28__base,28,8,base,tuned_C_source_frozen,100,0,0,1.0,0.75,100
openbmi_confirmation__d8__t28__own,28,8,own,tuned_C_source_frozen,100,60,60,1.0,0.79,100
openbmi_confirmation__d8__t28__pooled,28,8,pooled,tuned_C_source_frozen,100,60,60,1.0,0.75,100
openbmi_confirmation__d8__t28__single_0,28,8,single_0,tuned_C_source_frozen,100,60,60,1.0,0.73,100
openbmi_confirmation__d8__t28__single_1,28,8,single_1,tuned_C_source_frozen,100,60,60,1.0,0.77,100
openbmi_confirmation__d8__t28__single_2,28,8,single_2,tuned_C_source_frozen,100,60,60,1.0,0.7,100
openbmi_confirmation__d9__t28__base,28,9,base,tuned_C_source_frozen,100,0,0,0.1,0.78,100
openbmi_confirmation__d9__t28__own,28,9,own,tuned_C_source_frozen,100,60,60,0.1,0.84,100
openbmi_confirmation__d9__t28__pooled,28,9,pooled,tuned_C_source_frozen,100,60,60,0.1,0.79,100
openbmi_confirmation__d9__t28__single_0,28,9,single_0,tuned_C_source_frozen,100,60,60,0.1,0.8300000000000001,100
openbmi_confirmation__d9__t28__single_1,28,9,single_1,tuned_C_source_frozen,100,60,60,0.1,0.8,100
openbmi_confirmation__d9__t28__single_2,28,9,single_2,tuned_C_source_frozen,100,60,60,0.1,0.8300000000000001,100
openbmi_confirmation__d0__t30__base,30,0,base,tuned_C_source_frozen,100,0,0,0.1,0.54,100
openbmi_confirmation__d0__t30__own,30,0,own,tuned_C_source_frozen,100,60,60,0.1,0.55,100
openbmi_confirmation__d0__t30__pooled,30,0,pooled,tuned_C_source_frozen,100,60,60,0.1,0.55,100
openbmi_confirmation__d0__t30__single_0,30,0,single_0,tuned_C_source_frozen,100,60,60,0.1,0.54,100
openbmi_confirmation__d0__t30__single_1,30,0,single_1,tuned_C_source_frozen,100,60,60,0.1,0.58,100
openbmi_confirmation__d0__t30__single_2,30,0,single_2,tuned_C_source_frozen,100,60,60,0.1,0.54,100
openbmi_confirmation__d1__t30__base,30,1,base,tuned_C_source_frozen,100,0,0,1.0,0.52,100
openbmi_confirmation__d1__t30__own,30,1,own,tuned_C_source_frozen,100,60,60,1.0,0.6,100
openbmi_confirmation__d1__t30__pooled,30,1,pooled,tuned_C_source_frozen,100,60,60,1.0,0.53,100
openbmi_confirmation__d1__t30__single_0,30,1,single_0,tuned_C_source_frozen,100,60,60,1.0,0.53,100
openbmi_confirmation__d1__t30__single_1,30,1,single_1,tuned_C_source_frozen,100,60,60,1.0,0.61,100
openbmi_confirmation__d1__t30__single_2,30,1,single_2,tuned_C_source_frozen,100,60,60,1.0,0.52,100
openbmi_confirmation__d2__t30__base,30,2,base,tuned_C_source_frozen,100,0,0,1.0,0.5599999999999999,100
openbmi_confirmation__d2__t30__own,30,2,own,tuned_C_source_frozen,100,60,60,1.0,0.56,100
openbmi_confirmation__d2__t30__pooled,30,2,pooled,tuned_C_source_frozen,100,60,60,1.0,0.56,100
openbmi_confirmation__d2__t30__single_0,30,2,single_0,tuned_C_source_frozen,100,60,60,1.0,0.6,100
openbmi_confirmation__d2__t30__single_1,30,2,single_1,tuned_C_source_frozen,100,60,60,1.0,0.62,100
openbmi_confirmation__d2__t30__single_2,30,2,single_2,tuned_C_source_frozen,100,60,60,1.0,0.66,100
openbmi_confirmation__d3__t30__base,30,3,base,tuned_C_source_frozen,100,0,0,1.0,0.48,100
openbmi_confirmation__d3__t30__own,30,3,own,tuned_C_source_frozen,100,60,60,1.0,0.51,100
openbmi_confirmation__d3__t30__pooled,30,3,pooled,tuned_C_source_frozen,100,60,60,1.0,0.52,100
openbmi_confirmation__d3__t30__single_0,30,3,single_0,tuned_C_source_frozen,100,60,60,1.0,0.54,100
openbmi_confirmation__d3__t30__single_1,30,3,single_1,tuned_C_source_frozen,100,60,60,1.0,0.55,100
openbmi_confirmation__d3__t30__single_2,30,3,single_2,tuned_C_source_frozen,100,60,60,1.0,0.52,100
openbmi_confirmation__d4__t30__base,30,4,base,tuned_C_source_frozen,100,0,0,0.1,0.5599999999999999,100
openbmi_confirmation__d4__t30__own,30,4,own,tuned_C_source_frozen,100,60,60,0.1,0.6,100
openbmi_confirmation__d4__t30__pooled,30,4,pooled,tuned_C_source_frozen,100,60,60,0.1,0.62,100
openbmi_confirmation__d4__t30__single_0,30,4,single_0,tuned_C_source_frozen,100,60,60,0.1,0.61,100
openbmi_confirmation__d4__t30__single_1,30,4,single_1,tuned_C_source_frozen,100,60,60,0.1,0.52,100
openbmi_confirmation__d4__t30__single_2,30,4,single_2,tuned_C_source_frozen,100,60,60,0.1,0.55,100
openbmi_confirmation__d5__t30__base,30,5,base,tuned_C_source_frozen,100,0,0,0.1,0.5700000000000001,100
openbmi_confirmation__d5__t30__own,30,5,own,tuned_C_source_frozen,100,60,60,0.1,0.5800000000000001,100
openbmi_confirmation__d5__t30__pooled,30,5,pooled,tuned_C_source_frozen,100,60,60,0.1,0.63,100
openbmi_confirmation__d5__t30__single_0,30,5,single_0,tuned_C_source_frozen,100,60,60,0.1,0.5900000000000001,100
openbmi_confirmation__d5__t30__single_1,30,5,single_1,tuned_C_source_frozen,100,60,60,0.1,0.65,100
openbmi_confirmation__d5__t30__single_2,30,5,single_2,tuned_C_source_frozen,100,60,60,0.1,0.56,100
openbmi_confirmation__d6__t30__base,30,6,base,tuned_C_source_frozen,100,0,0,0.1,0.59,100
openbmi_confirmation__d6__t30__own,30,6,own,tuned_C_source_frozen,100,60,60,0.1,0.61,100
openbmi_confirmation__d6__t30__pooled,30,6,pooled,tuned_C_source_frozen,100,60,60,0.1,0.62,100
openbmi_confirmation__d6__t30__single_0,30,6,single_0,tuned_C_source_frozen,100,60,60,0.1,0.64,100
openbmi_confirmation__d6__t30__single_1,30,6,single_1,tuned_C_source_frozen,100,60,60,0.1,0.6499999999999999,100
openbmi_confirmation__d6__t30__single_2,30,6,single_2,tuned_C_source_frozen,100,60,60,0.1,0.67,100
openbmi_confirmation__d7__t30__base,30,7,base,tuned_C_source_frozen,100,0,0,0.1,0.5,100
openbmi_confirmation__d7__t30__own,30,7,own,tuned_C_source_frozen,100,60,60,0.1,0.5,100
openbmi_confirmation__d7__t30__pooled,30,7,pooled,tuned_C_source_frozen,100,60,60,0.1,0.49,100
openbmi_confirmation__d7__t30__single_0,30,7,single_0,tuned_C_source_frozen,100,60,60,0.1,0.6,100
openbmi_confirmation__d7__t30__single_1,30,7,single_1,tuned_C_source_frozen,100,60,60,0.1,0.56,100
openbmi_confirmation__d7__t30__single_2,30,7,single_2,tuned_C_source_frozen,100,60,60,0.1,0.5,100
openbmi_confirmation__d8__t30__base,30,8,base,tuned_C_source_frozen,100,0,0,1.0,0.54,100
openbmi_confirmation__d8__t30__own,30,8,own,tuned_C_source_frozen,100,60,60,1.0,0.56,100
openbmi_confirmation__d8__t30__pooled,30,8,pooled,tuned_C_source_frozen,100,60,60,1.0,0.59,100
openbmi_confirmation__d8__t30__single_0,30,8,single_0,tuned_C_source_frozen,100,60,60,1.0,0.59,100
openbmi_confirmation__d8__t30__single_1,30,8,single_1,tuned_C_source_frozen,100,60,60,1.0,0.51,100
openbmi_confirmation__d8__t30__single_2,30,8,single_2,tuned_C_source_frozen,100,60,60,1.0,0.62,100
openbmi_confirmation__d9__t30__base,30,9,base,tuned_C_source_frozen,100,0,0,0.1,0.52,100
openbmi_confirmation__d9__t30__own,30,9,own,tuned_C_source_frozen,100,60,60,0.1,0.56,100
openbmi_confirmation__d9__t30__pooled,30,9,pooled,tuned_C_source_frozen,100,60,60,0.1,0.56,100
openbmi_confirmation__d9__t30__single_0,30,9,single_0,tuned_C_source_frozen,100,60,60,0.1,0.64,100
openbmi_confirmation__d9__t30__single_1,30,9,single_1,tuned_C_source_frozen,100,60,60,0.1,0.52,100
openbmi_confirmation__d9__t30__single_2,30,9,single_2,tuned_C_source_frozen,100,60,60,0.1,0.53,100
openbmi_confirmation__d0__t34__base,34,0,base,tuned_C_source_frozen,100,0,0,0.1,0.44000000000000006,100
openbmi_confirmation__d0__t34__own,34,0,own,tuned_C_source_frozen,100,60,60,0.1,0.42000000000000004,100
openbmi_confirmation__d0__t34__pooled,34,0,pooled,tuned_C_source_frozen,100,60,60,0.1,0.45,100
openbmi_confirmation__d0__t34__single_0,34,0,single_0,tuned_C_source_frozen,100,60,60,0.1,0.44000000000000006,100
openbmi_confirmation__d0__t34__single_1,34,0,single_1,tuned_C_source_frozen,100,60,60,0.1,0.44999999999999996,100
openbmi_confirmation__d0__t34__single_2,34,0,single_2,tuned_C_source_frozen,100,60,60,0.1,0.46,100
openbmi_confirmation__d1__t34__base,34,1,base,tuned_C_source_frozen,100,0,0,1.0,0.48,100
openbmi_confirmation__d1__t34__own,34,1,own,tuned_C_source_frozen,100,60,60,1.0,0.42000000000000004,100
openbmi_confirmation__d1__t34__pooled,34,1,pooled,tuned_C_source_frozen,100,60,60,1.0,0.44,100
openbmi_confirmation__d1__t34__single_0,34,1,single_0,tuned_C_source_frozen,100,60,60,1.0,0.46,100
openbmi_confirmation__d1__t34__single_1,34,1,single_1,tuned_C_source_frozen,100,60,60,1.0,0.46,100
openbmi_confirmation__d1__t34__single_2,34,1,single_2,tuned_C_source_frozen,100,60,60,1.0,0.46,100
openbmi_confirmation__d2__t34__base,34,2,base,tuned_C_source_frozen,100,0,0,1.0,0.44999999999999996,100
openbmi_confirmation__d2__t34__own,34,2,own,tuned_C_source_frozen,100,60,60,1.0,0.44999999999999996,100
openbmi_confirmation__d2__t34__pooled,34,2,pooled,tuned_C_source_frozen,100,60,60,1.0,0.53,100
openbmi_confirmation__d2__t34__single_0,34,2,single_0,tuned_C_source_frozen,100,60,60,1.0,0.44,100
openbmi_confirmation__d2__t34__single_1,34,2,single_1,tuned_C_source_frozen,100,60,60,1.0,0.47000000000000003,100
openbmi_confirmation__d2__t34__single_2,34,2,single_2,tuned_C_source_frozen,100,60,60,1.0,0.46,100
openbmi_confirmation__d3__t34__base,34,3,base,tuned_C_source_frozen,100,0,0,1.0,0.43,100
openbmi_confirmation__d3__t34__own,34,3,own,tuned_C_source_frozen,100,60,60,1.0,0.42000000000000004,100
openbmi_confirmation__d3__t34__pooled,34,3,pooled,tuned_C_source_frozen,100,60,60,1.0,0.48,100
openbmi_confirmation__d3__t34__single_0,34,3,single_0,tuned_C_source_frozen,100,60,60,1.0,0.43000000000000005,100
openbmi_confirmation__d3__t34__single_1,34,3,single_1,tuned_C_source_frozen,100,60,60,1.0,0.47,100
openbmi_confirmation__d3__t34__single_2,34,3,single_2,tuned_C_source_frozen,100,60,60,1.0,0.44,100
openbmi_confirmation__d4__t34__base,34,4,base,tuned_C_source_frozen,100,0,0,0.1,0.52,100
openbmi_confirmation__d4__t34__own,34,4,own,tuned_C_source_frozen,100,60,60,0.1,0.44999999999999996,100
openbmi_confirmation__d4__t34__pooled,34,4,pooled,tuned_C_source_frozen,100,60,60,0.1,0.53,100
openbmi_confirmation__d4__t34__single_0,34,4,single_0,tuned_C_source_frozen,100,60,60,0.1,0.52,100
openbmi_confirmation__d4__t34__single_1,34,4,single_1,tuned_C_source_frozen,100,60,60,0.1,0.5,100
openbmi_confirmation__d4__t34__single_2,34,4,single_2,tuned_C_source_frozen,100,60,60,0.1,0.44999999999999996,100
openbmi_confirmation__d5__t34__base,34,5,base,tuned_C_source_frozen,100,0,0,0.1,0.49,100
openbmi_confirmation__d5__t34__own,34,5,own,tuned_C_source_frozen,100,60,60,0.1,0.47,100
openbmi_confirmation__d5__t34__pooled,34,5,pooled,tuned_C_source_frozen,100,60,60,0.1,0.45,100
openbmi_confirmation__d5__t34__single_0,34,5,single_0,tuned_C_source_frozen,100,60,60,0.1,0.38,100
openbmi_confirmation__d5__t34__single_1,34,5,single_1,tuned_C_source_frozen,100,60,60,0.1,0.43,100
openbmi_confirmation__d5__t34__single_2,34,5,single_2,tuned_C_source_frozen,100,60,60,0.1,0.49,100
openbmi_confirmation__d6__t34__base,34,6,base,tuned_C_source_frozen,100,0,0,0.1,0.44999999999999996,100
openbmi_confirmation__d6__t34__own,34,6,own,tuned_C_source_frozen,100,60,60,0.1,0.42000000000000004,100
openbmi_confirmation__d6__t34__pooled,34,6,pooled,tuned_C_source_frozen,100,60,60,0.1,0.49,100
openbmi_confirmation__d6__t34__single_0,34,6,single_0,tuned_C_source_frozen,100,60,60,0.1,0.47,100
openbmi_confirmation__d6__t34__single_1,34,6,single_1,tuned_C_source_frozen,100,60,60,0.1,0.47000000000000003,100
openbmi_confirmation__d6__t34__single_2,34,6,single_2,tuned_C_source_frozen,100,60,60,0.1,0.45999999999999996,100
openbmi_confirmation__d7__t34__base,34,7,base,tuned_C_source_frozen,100,0,0,0.1,0.5,100
openbmi_confirmation__d7__t34__own,34,7,own,tuned_C_source_frozen,100,60,60,0.1,0.52,100
openbmi_confirmation__d7__t34__pooled,34,7,pooled,tuned_C_source_frozen,100,60,60,0.1,0.43000000000000005,100
openbmi_confirmation__d7__t34__single_0,34,7,single_0,tuned_C_source_frozen,100,60,60,0.1,0.49,100
openbmi_confirmation__d7__t34__single_1,34,7,single_1,tuned_C_source_frozen,100,60,60,0.1,0.45,100
openbmi_confirmation__d7__t34__single_2,34,7,single_2,tuned_C_source_frozen,100,60,60,0.1,0.43999999999999995,100
openbmi_confirmation__d8__t34__base,34,8,base,tuned_C_source_frozen,100,0,0,1.0,0.44,100
openbmi_confirmation__d8__t34__own,34,8,own,tuned_C_source_frozen,100,60,60,1.0,0.49,100
openbmi_confirmation__d8__t34__pooled,34,8,pooled,tuned_C_source_frozen,100,60,60,1.0,0.39,100
openbmi_confirmation__d8__t34__single_0,34,8,single_0,tuned_C_source_frozen,100,60,60,1.0,0.38999999999999996,100
openbmi_confirmation__d8__t34__single_1,34,8,single_1,tuned_C_source_frozen,100,60,60,1.0,0.43,100
openbmi_confirmation__d8__t34__single_2,34,8,single_2,tuned_C_source_frozen,100,60,60,1.0,0.39,100
openbmi_confirmation__d9__t34__base,34,9,base,tuned_C_source_frozen,100,0,0,0.1,0.5,100
openbmi_confirmation__d9__t34__own,34,9,own,tuned_C_source_frozen,100,60,60,0.1,0.45,100
openbmi_confirmation__d9__t34__pooled,34,9,pooled,tuned_C_source_frozen,100,60,60,0.1,0.52,100
openbmi_confirmation__d9__t34__single_0,34,9,single_0,tuned_C_source_frozen,100,60,60,0.1,0.51,100
openbmi_confirmation__d9__t34__single_1,34,9,single_1,tuned_C_source_frozen,100,60,60,0.1,0.47,100
openbmi_confirmation__d9__t34__single_2,34,9,single_2,tuned_C_source_frozen,100,60,60,0.1,0.48,100
openbmi_confirmation__d0__t35__base,35,0,base,tuned_C_source_frozen,100,0,0,0.1,0.5,100
openbmi_confirmation__d0__t35__own,35,0,own,tuned_C_source_frozen,100,60,60,0.1,0.5,100
openbmi_confirmation__d0__t35__pooled,35,0,pooled,tuned_C_source_frozen,100,60,60,0.1,0.54,100
openbmi_confirmation__d0__t35__single_0,35,0,single_0,tuned_C_source_frozen,100,60,60,0.1,0.5,100
openbmi_confirmation__d0__t35__single_1,35,0,single_1,tuned_C_source_frozen,100,60,60,0.1,0.5,100
openbmi_confirmation__d0__t35__single_2,35,0,single_2,tuned_C_source_frozen,100,60,60,0.1,0.5,100
openbmi_confirmation__d1__t35__base,35,1,base,tuned_C_source_frozen,100,0,0,1.0,0.43,100
openbmi_confirmation__d1__t35__own,35,1,own,tuned_C_source_frozen,100,60,60,1.0,0.43,100
openbmi_confirmation__d1__t35__pooled,35,1,pooled,tuned_C_source_frozen,100,60,60,1.0,0.49,100
openbmi_confirmation__d1__t35__single_0,35,1,single_0,tuned_C_source_frozen,100,60,60,1.0,0.51,100
openbmi_confirmation__d1__t35__single_1,35,1,single_1,tuned_C_source_frozen,100,60,60,1.0,0.5,100
openbmi_confirmation__d1__t35__single_2,35,1,single_2,tuned_C_source_frozen,100,60,60,1.0,0.47,100
openbmi_confirmation__d2__t35__base,35,2,base,tuned_C_source_frozen,100,0,0,1.0,0.49,100
openbmi_confirmation__d2__t35__own,35,2,own,tuned_C_source_frozen,100,60,60,1.0,0.5,100
openbmi_confirmation__d2__t35__pooled,35,2,pooled,tuned_C_source_frozen,100,60,60,1.0,0.5,100
openbmi_confirmation__d2__t35__single_0,35,2,single_0,tuned_C_source_frozen,100,60,60,1.0,0.5,100
openbmi_confirmation__d2__t35__single_1,35,2,single_1,tuned_C_source_frozen,100,60,60,1.0,0.5,100
openbmi_confirmation__d2__t35__single_2,35,2,single_2,tuned_C_source_frozen,100,60,60,1.0,0.5,100
openbmi_confirmation__d3__t35__base,35,3,base,tuned_C_source_frozen,100,0,0,1.0,0.51,100
openbmi_confirmation__d3__t35__own,35,3,own,tuned_C_source_frozen,100,60,60,1.0,0.51,100
openbmi_confirmation__d3__t35__pooled,35,3,pooled,tuned_C_source_frozen,100,60,60,1.0,0.5,100
openbmi_confirmation__d3__t35__single_0,35,3,single_0,tuned_C_source_frozen,100,60,60,1.0,0.5,100
openbmi_confirmation__d3__t35__single_1,35,3,single_1,tuned_C_source_frozen,100,60,60,1.0,0.46,100
openbmi_confirmation__d3__t35__single_2,35,3,single_2,tuned_C_source_frozen,100,60,60,1.0,0.5,100
openbmi_confirmation__d4__t35__base,35,4,base,tuned_C_source_frozen,100,0,0,0.1,0.5,100
openbmi_confirmation__d4__t35__own,35,4,own,tuned_C_source_frozen,100,60,60,0.1,0.5,100
openbmi_confirmation__d4__t35__pooled,35,4,pooled,tuned_C_source_frozen,100,60,60,0.1,0.5,100
openbmi_confirmation__d4__t35__single_0,35,4,single_0,tuned_C_source_frozen,100,60,60,0.1,0.5,100
openbmi_confirmation__d4__t35__single_1,35,4,single_1,tuned_C_source_frozen,100,60,60,0.1,0.5,100
openbmi_confirmation__d4__t35__single_2,35,4,single_2,tuned_C_source_frozen,100,60,60,0.1,0.5,100
openbmi_confirmation__d5__t35__base,35,5,base,tuned_C_source_frozen,100,0,0,0.1,0.49,100
openbmi_confirmation__d5__t35__own,35,5,own,tuned_C_source_frozen,100,60,60,0.1,0.45,100
openbmi_confirmation__d5__t35__pooled,35,5,pooled,tuned_C_source_frozen,100,60,60,0.1,0.5,100
openbmi_confirmation__d5__t35__single_0,35,5,single_0,tuned_C_source_frozen,100,60,60,0.1,0.52,100
openbmi_confirmation__d5__t35__single_1,35,5,single_1,tuned_C_source_frozen,100,60,60,0.1,0.49,100
openbmi_confirmation__d5__t35__single_2,35,5,single_2,tuned_C_source_frozen,100,60,60,0.1,0.53,100
openbmi_confirmation__d6__t35__base,35,6,base,tuned_C_source_frozen,100,0,0,0.1,0.49,100
openbmi_confirmation__d6__t35__own,35,6,own,tuned_C_source_frozen,100,60,60,0.1,0.45999999999999996,100
openbmi_confirmation__d6__t35__pooled,35,6,pooled,tuned_C_source_frozen,100,60,60,0.1,0.42000000000000004,100
openbmi_confirmation__d6__t35__single_0,35,6,single_0,tuned_C_source_frozen,100,60,60,0.1,0.48,100
openbmi_confirmation__d6__t35__single_1,35,6,single_1,tuned_C_source_frozen,100,60,60,0.1,0.49,100
openbmi_confirmation__d6__t35__single_2,35,6,single_2,tuned_C_source_frozen,100,60,60,0.1,0.49,100
openbmi_confirmation__d7__t35__base,35,7,base,tuned_C_source_frozen,100,0,0,0.1,0.54,100
openbmi_confirmation__d7__t35__own,35,7,own,tuned_C_source_frozen,100,60,60,0.1,0.5800000000000001,100
openbmi_confirmation__d7__t35__pooled,35,7,pooled,tuned_C_source_frozen,100,60,60,0.1,0.56,100
openbmi_confirmation__d7__t35__single_0,35,7,single_0,tuned_C_source_frozen,100,60,60,0.1,0.52,100
openbmi_confirmation__d7__t35__single_1,35,7,single_1,tuned_C_source_frozen,100,60,60,0.1,0.57,100
openbmi_confirmation__d7__t35__single_2,35,7,single_2,tuned_C_source_frozen,100,60,60,0.1,0.6000000000000001,100
openbmi_confirmation__d8__t35__base,35,8,base,tuned_C_source_frozen,100,0,0,1.0,0.58,100
openbmi_confirmation__d8__t35__own,35,8,own,tuned_C_source_frozen,100,60,60,1.0,0.45,100
openbmi_confirmation__d8__t35__pooled,35,8,pooled,tuned_C_source_frozen,100,60,60,1.0,0.53,100
openbmi_confirmation__d8__t35__single_0,35,8,single_0,tuned_C_source_frozen,100,60,60,1.0,0.5700000000000001,100
openbmi_confirmation__d8__t35__single_1,35,8,single_1,tuned_C_source_frozen,100,60,60,1.0,0.55,100
openbmi_confirmation__d8__t35__single_2,35,8,single_2,tuned_C_source_frozen,100,60,60,1.0,0.54,100
openbmi_confirmation__d9__t35__base,35,9,base,tuned_C_source_frozen,100,0,0,0.1,0.51,100
openbmi_confirmation__d9__t35__own,35,9,own,tuned_C_source_frozen,100,60,60,0.1,0.47,100
openbmi_confirmation__d9__t35__pooled,35,9,pooled,tuned_C_source_frozen,100,60,60,0.1,0.51,100
openbmi_confirmation__d9__t35__single_0,35,9,single_0,tuned_C_source_frozen,100,60,60,0.1,0.49,100
openbmi_confirmation__d9__t35__single_1,35,9,single_1,tuned_C_source_frozen,100,60,60,0.1,0.46,100
openbmi_confirmation__d9__t35__single_2,35,9,single_2,tuned_C_source_frozen,100,60,60,0.1,0.54,100
openbmi_confirmation__d0__t37__base,37,0,base,tuned_C_source_frozen,100,0,0,0.1,0.59,100
openbmi_confirmation__d0__t37__own,37,0,own,tuned_C_source_frozen,100,60,60,0.1,0.81,100
openbmi_confirmation__d0__t37__pooled,37,0,pooled,tuned_C_source_frozen,100,60,60,0.1,0.65,100
openbmi_confirmation__d0__t37__single_0,37,0,single_0,tuned_C_source_frozen,100,60,60,0.1,0.61,100
openbmi_confirmation__d0__t37__single_1,37,0,single_1,tuned_C_source_frozen,100,60,60,0.1,0.62,100
openbmi_confirmation__d0__t37__single_2,37,0,single_2,tuned_C_source_frozen,100,60,60,0.1,0.77,100
openbmi_confirmation__d1__t37__base,37,1,base,tuned_C_source_frozen,100,0,0,1.0,0.62,100
openbmi_confirmation__d1__t37__own,37,1,own,tuned_C_source_frozen,100,60,60,1.0,0.8999999999999999,100
openbmi_confirmation__d1__t37__pooled,37,1,pooled,tuned_C_source_frozen,100,60,60,1.0,0.74,100
openbmi_confirmation__d1__t37__single_0,37,1,single_0,tuned_C_source_frozen,100,60,60,1.0,0.85,100
openbmi_confirmation__d1__t37__single_1,37,1,single_1,tuned_C_source_frozen,100,60,60,1.0,0.68,100
openbmi_confirmation__d1__t37__single_2,37,1,single_2,tuned_C_source_frozen,100,60,60,1.0,0.67,100
openbmi_confirmation__d2__t37__base,37,2,base,tuned_C_source_frozen,100,0,0,1.0,0.73,100
openbmi_confirmation__d2__t37__own,37,2,own,tuned_C_source_frozen,100,60,60,1.0,0.79,100
openbmi_confirmation__d2__t37__pooled,37,2,pooled,tuned_C_source_frozen,100,60,60,1.0,0.81,100
openbmi_confirmation__d2__t37__single_0,37,2,single_0,tuned_C_source_frozen,100,60,60,1.0,0.86,100
openbmi_confirmation__d2__t37__single_1,37,2,single_1,tuned_C_source_frozen,100,60,60,1.0,0.81,100
openbmi_confirmation__d2__t37__single_2,37,2,single_2,tuned_C_source_frozen,100,60,60,1.0,0.6799999999999999,100
openbmi_confirmation__d3__t37__base,37,3,base,tuned_C_source_frozen,100,0,0,1.0,0.78,100
openbmi_confirmation__d3__t37__own,37,3,own,tuned_C_source_frozen,100,60,60,1.0,0.84,100
openbmi_confirmation__d3__t37__pooled,37,3,pooled,tuned_C_source_frozen,100,60,60,1.0,0.86,100
openbmi_confirmation__d3__t37__single_0,37,3,single_0,tuned_C_source_frozen,100,60,60,1.0,0.86,100
openbmi_confirmation__d3__t37__single_1,37,3,single_1,tuned_C_source_frozen,100,60,60,1.0,0.79,100
openbmi_confirmation__d3__t37__single_2,37,3,single_2,tuned_C_source_frozen,100,60,60,1.0,0.8,100
openbmi_confirmation__d4__t37__base,37,4,base,tuned_C_source_frozen,100,0,0,0.1,0.74,100
openbmi_confirmation__d4__t37__own,37,4,own,tuned_C_source_frozen,100,60,60,0.1,0.9099999999999999,100
openbmi_confirmation__d4__t37__pooled,37,4,pooled,tuned_C_source_frozen,100,60,60,0.1,0.79,100
openbmi_confirmation__d4__t37__single_0,37,4,single_0,tuned_C_source_frozen,100,60,60,0.1,0.7,100
openbmi_confirmation__d4__t37__single_1,37,4,single_1,tuned_C_source_frozen,100,60,60,0.1,0.69,100
openbmi_confirmation__d4__t37__single_2,37,4,single_2,tuned_C_source_frozen,100,60,60,0.1,0.6799999999999999,100
openbmi_confirmation__d5__t37__base,37,5,base,tuned_C_source_frozen,100,0,0,0.1,0.8,100
openbmi_confirmation__d5__t37__own,37,5,own,tuned_C_source_frozen,100,60,60,0.1,0.95,100
openbmi_confirmation__d5__t37__pooled,37,5,pooled,tuned_C_source_frozen,100,60,60,0.1,0.78,100
openbmi_confirmation__d5__t37__single_0,37,5,single_0,tuned_C_source_frozen,100,60,60,0.1,0.86,100
openbmi_confirmation__d5__t37__single_1,37,5,single_1,tuned_C_source_frozen,100,60,60,0.1,0.73,100
openbmi_confirmation__d5__t37__single_2,37,5,single_2,tuned_C_source_frozen,100,60,60,0.1,0.67,100
openbmi_confirmation__d6__t37__base,37,6,base,tuned_C_source_frozen,100,0,0,0.1,0.58,100
openbmi_confirmation__d6__t37__own,37,6,own,tuned_C_source_frozen,100,60,60,0.1,0.91,100
openbmi_confirmation__d6__t37__pooled,37,6,pooled,tuned_C_source_frozen,100,60,60,0.1,0.69,100
openbmi_confirmation__d6__t37__single_0,37,6,single_0,tuned_C_source_frozen,100,60,60,0.1,0.64,100
openbmi_confirmation__d6__t37__single_1,37,6,single_1,tuned_C_source_frozen,100,60,60,0.1,0.53,100
openbmi_confirmation__d6__t37__single_2,37,6,single_2,tuned_C_source_frozen,100,60,60,0.1,0.6799999999999999,100
openbmi_confirmation__d7__t37__base,37,7,base,tuned_C_source_frozen,100,0,0,0.1,0.73,100
openbmi_confirmation__d7__t37__own,37,7,own,tuned_C_source_frozen,100,60,60,0.1,0.87,100
openbmi_confirmation__d7__t37__pooled,37,7,pooled,tuned_C_source_frozen,100,60,60,0.1,0.8200000000000001,100
openbmi_confirmation__d7__t37__single_0,37,7,single_0,tuned_C_source_frozen,100,60,60,0.1,0.81,100
openbmi_confirmation__d7__t37__single_1,37,7,single_1,tuned_C_source_frozen,100,60,60,0.1,0.8400000000000001,100
openbmi_confirmation__d7__t37__single_2,37,7,single_2,tuned_C_source_frozen,100,60,60,0.1,0.79,100
openbmi_confirmation__d8__t37__base,37,8,base,tuned_C_source_frozen,100,0,0,1.0,0.85,100
openbmi_confirmation__d8__t37__own,37,8,own,tuned_C_source_frozen,100,60,60,1.0,0.9199999999999999,100
openbmi_confirmation__d8__t37__pooled,37,8,pooled,tuned_C_source_frozen,100,60,60,1.0,0.86,100
openbmi_confirmation__d8__t37__single_0,37,8,single_0,tuned_C_source_frozen,100,60,60,1.0,0.8200000000000001,100
openbmi_confirmation__d8__t37__single_1,37,8,single_1,tuned_C_source_frozen,100,60,60,1.0,0.81,100
openbmi_confirmation__d8__t37__single_2,37,8,single_2,tuned_C_source_frozen,100,60,60,1.0,0.75,100
openbmi_confirmation__d9__t37__base,37,9,base,tuned_C_source_frozen,100,0,0,0.1,0.6699999999999999,100
openbmi_confirmation__d9__t37__own,37,9,own,tuned_C_source_frozen,100,60,60,0.1,0.8500000000000001,100
openbmi_confirmation__d9__t37__pooled,37,9,pooled,tuned_C_source_frozen,100,60,60,0.1,0.61,100
openbmi_confirmation__d9__t37__single_0,37,9,single_0,tuned_C_source_frozen,100,60,60,0.1,0.73,100
openbmi_confirmation__d9__t37__single_1,37,9,single_1,tuned_C_source_frozen,100,60,60,0.1,0.72,100
openbmi_confirmation__d9__t37__single_2,37,9,single_2,tuned_C_source_frozen,100,60,60,0.1,0.7,100
openbmi_confirmation__d0__t40__base,40,0,base,tuned_C_source_frozen,100,0,0,0.1,0.7,100
openbmi_confirmation__d0__t40__own,40,0,own,tuned_C_source_frozen,100,60,60,0.1,0.68,100
openbmi_confirmation__d0__t40__pooled,40,0,pooled,tuned_C_source_frozen,100,60,60,0.1,0.56,100
openbmi_confirmation__d0__t40__single_0,40,0,single_0,tuned_C_source_frozen,100,60,60,0.1,0.65,100
openbmi_confirmation__d0__t40__single_1,40,0,single_1,tuned_C_source_frozen,100,60,60,0.1,0.5900000000000001,100
openbmi_confirmation__d0__t40__single_2,40,0,single_2,tuned_C_source_frozen,100,60,60,0.1,0.63,100
openbmi_confirmation__d1__t40__base,40,1,base,tuned_C_source_frozen,100,0,0,1.0,0.5800000000000001,100
openbmi_confirmation__d1__t40__own,40,1,own,tuned_C_source_frozen,100,60,60,1.0,0.61,100
openbmi_confirmation__d1__t40__pooled,40,1,pooled,tuned_C_source_frozen,100,60,60,1.0,0.51,100
openbmi_confirmation__d1__t40__single_0,40,1,single_0,tuned_C_source_frozen,100,60,60,1.0,0.49,100
openbmi_confirmation__d1__t40__single_1,40,1,single_1,tuned_C_source_frozen,100,60,60,1.0,0.56,100
openbmi_confirmation__d1__t40__single_2,40,1,single_2,tuned_C_source_frozen,100,60,60,1.0,0.5900000000000001,100
openbmi_confirmation__d2__t40__base,40,2,base,tuned_C_source_frozen,100,0,0,1.0,0.5,100
openbmi_confirmation__d2__t40__own,40,2,own,tuned_C_source_frozen,100,60,60,1.0,0.52,100
openbmi_confirmation__d2__t40__pooled,40,2,pooled,tuned_C_source_frozen,100,60,60,1.0,0.52,100
openbmi_confirmation__d2__t40__single_0,40,2,single_0,tuned_C_source_frozen,100,60,60,1.0,0.51,100
openbmi_confirmation__d2__t40__single_1,40,2,single_1,tuned_C_source_frozen,100,60,60,1.0,0.51,100
openbmi_confirmation__d2__t40__single_2,40,2,single_2,tuned_C_source_frozen,100,60,60,1.0,0.52,100
openbmi_confirmation__d3__t40__base,40,3,base,tuned_C_source_frozen,100,0,0,1.0,0.53,100
openbmi_confirmation__d3__t40__own,40,3,own,tuned_C_source_frozen,100,60,60,1.0,0.5,100
openbmi_confirmation__d3__t40__pooled,40,3,pooled,tuned_C_source_frozen,100,60,60,1.0,0.53,100
openbmi_confirmation__d3__t40__single_0,40,3,single_0,tuned_C_source_frozen,100,60,60,1.0,0.44999999999999996,100
openbmi_confirmation__d3__t40__single_1,40,3,single_1,tuned_C_source_frozen,100,60,60,1.0,0.48,100
openbmi_confirmation__d3__t40__single_2,40,3,single_2,tuned_C_source_frozen,100,60,60,1.0,0.5800000000000001,100
openbmi_confirmation__d4__t40__base,40,4,base,tuned_C_source_frozen,100,0,0,0.1,0.64,100
openbmi_confirmation__d4__t40__own,40,4,own,tuned_C_source_frozen,100,60,60,0.1,0.54,100
openbmi_confirmation__d4__t40__pooled,40,4,pooled,tuned_C_source_frozen,100,60,60,0.1,0.5700000000000001,100
openbmi_confirmation__d4__t40__single_0,40,4,single_0,tuned_C_source_frozen,100,60,60,0.1,0.57,100
openbmi_confirmation__d4__t40__single_1,40,4,single_1,tuned_C_source_frozen,100,60,60,0.1,0.6000000000000001,100
openbmi_confirmation__d4__t40__single_2,40,4,single_2,tuned_C_source_frozen,100,60,60,0.1,0.6,100
openbmi_confirmation__d5__t40__base,40,5,base,tuned_C_source_frozen,100,0,0,0.1,0.52,100
openbmi_confirmation__d5__t40__own,40,5,own,tuned_C_source_frozen,100,60,60,0.1,0.51,100
openbmi_confirmation__d5__t40__pooled,40,5,pooled,tuned_C_source_frozen,100,60,60,0.1,0.5,100
openbmi_confirmation__d5__t40__single_0,40,5,single_0,tuned_C_source_frozen,100,60,60,0.1,0.51,100
openbmi_confirmation__d5__t40__single_1,40,5,single_1,tuned_C_source_frozen,100,60,60,0.1,0.54,100
openbmi_confirmation__d5__t40__single_2,40,5,single_2,tuned_C_source_frozen,100,60,60,0.1,0.49,100
openbmi_confirmation__d6__t40__base,40,6,base,tuned_C_source_frozen,100,0,0,0.1,0.52,100
openbmi_confirmation__d6__t40__own,40,6,own,tuned_C_source_frozen,100,60,60,0.1,0.59,100
openbmi_confirmation__d6__t40__pooled,40,6,pooled,tuned_C_source_frozen,100,60,60,0.1,0.52,100
openbmi_confirmation__d6__t40__single_0,40,6,single_0,tuned_C_source_frozen,100,60,60,0.1,0.54,100
openbmi_confirmation__d6__t40__single_1,40,6,single_1,tuned_C_source_frozen,100,60,60,0.1,0.54,100
openbmi_confirmation__d6__t40__single_2,40,6,single_2,tuned_C_source_frozen,100,60,60,0.1,0.5,100
openbmi_confirmation__d7__t40__base,40,7,base,tuned_C_source_frozen,100,0,0,0.1,0.61,100
openbmi_confirmation__d7__t40__own,40,7,own,tuned_C_source_frozen,100,60,60,0.1,0.61,100
openbmi_confirmation__d7__t40__pooled,40,7,pooled,tuned_C_source_frozen,100,60,60,0.1,0.54,100
openbmi_confirmation__d7__t40__single_0,40,7,single_0,tuned_C_source_frozen,100,60,60,0.1,0.64,100
openbmi_confirmation__d7__t40__single_1,40,7,single_1,tuned_C_source_frozen,100,60,60,0.1,0.56,100
openbmi_confirmation__d7__t40__single_2,40,7,single_2,tuned_C_source_frozen,100,60,60,0.1,0.61,100
openbmi_confirmation__d8__t40__base,40,8,base,tuned_C_source_frozen,100,0,0,1.0,0.49,100
openbmi_confirmation__d8__t40__own,40,8,own,tuned_C_source_frozen,100,60,60,1.0,0.53,100
openbmi_confirmation__d8__t40__pooled,40,8,pooled,tuned_C_source_frozen,100,60,60,1.0,0.57,100
openbmi_confirmation__d8__t40__single_0,40,8,single_0,tuned_C_source_frozen,100,60,60,1.0,0.49,100
openbmi_confirmation__d8__t40__single_1,40,8,single_1,tuned_C_source_frozen,100,60,60,1.0,0.5499999999999999,100
openbmi_confirmation__d8__t40__single_2,40,8,single_2,tuned_C_source_frozen,100,60,60,1.0,0.52,100
openbmi_confirmation__d9__t40__base,40,9,base,tuned_C_source_frozen,100,0,0,0.1,0.6,100
openbmi_confirmation__d9__t40__own,40,9,own,tuned_C_source_frozen,100,60,60,0.1,0.5700000000000001,100
openbmi_confirmation__d9__t40__pooled,40,9,pooled,tuned_C_source_frozen,100,60,60,0.1,0.56,100
openbmi_confirmation__d9__t40__single_0,40,9,single_0,tuned_C_source_frozen,100,60,60,0.1,0.5,100
openbmi_confirmation__d9__t40__single_1,40,9,single_1,tuned_C_source_frozen,100,60,60,0.1,0.52,100
openbmi_confirmation__d9__t40__single_2,40,9,single_2,tuned_C_source_frozen,100,60,60,0.1,0.57,100
openbmi_confirmation__d0__t41__base,41,0,base,tuned_C_source_frozen,100,0,0,0.1,0.55,100
openbmi_confirmation__d0__t41__own,41,0,own,tuned_C_source_frozen,100,60,60,0.1,0.5700000000000001,100
openbmi_confirmation__d0__t41__pooled,41,0,pooled,tuned_C_source_frozen,100,60,60,0.1,0.54,100
openbmi_confirmation__d0__t41__single_0,41,0,single_0,tuned_C_source_frozen,100,60,60,0.1,0.53,100
openbmi_confirmation__d0__t41__single_1,41,0,single_1,tuned_C_source_frozen,100,60,60,0.1,0.52,100
openbmi_confirmation__d0__t41__single_2,41,0,single_2,tuned_C_source_frozen,100,60,60,0.1,0.54,100
openbmi_confirmation__d1__t41__base,41,1,base,tuned_C_source_frozen,100,0,0,1.0,0.49,100
openbmi_confirmation__d1__t41__own,41,1,own,tuned_C_source_frozen,100,60,60,1.0,0.51,100
openbmi_confirmation__d1__t41__pooled,41,1,pooled,tuned_C_source_frozen,100,60,60,1.0,0.61,100
openbmi_confirmation__d1__t41__single_0,41,1,single_0,tuned_C_source_frozen,100,60,60,1.0,0.52,100
openbmi_confirmation__d1__t41__single_1,41,1,single_1,tuned_C_source_frozen,100,60,60,1.0,0.48,100
openbmi_confirmation__d1__t41__single_2,41,1,single_2,tuned_C_source_frozen,100,60,60,1.0,0.5,100
openbmi_confirmation__d2__t41__base,41,2,base,tuned_C_source_frozen,100,0,0,1.0,0.53,100
openbmi_confirmation__d2__t41__own,41,2,own,tuned_C_source_frozen,100,60,60,1.0,0.58,100
openbmi_confirmation__d2__t41__pooled,41,2,pooled,tuned_C_source_frozen,100,60,60,1.0,0.52,100
openbmi_confirmation__d2__t41__single_0,41,2,single_0,tuned_C_source_frozen,100,60,60,1.0,0.5700000000000001,100
openbmi_confirmation__d2__t41__single_1,41,2,single_1,tuned_C_source_frozen,100,60,60,1.0,0.5499999999999999,100
openbmi_confirmation__d2__t41__single_2,41,2,single_2,tuned_C_source_frozen,100,60,60,1.0,0.5499999999999999,100
openbmi_confirmation__d3__t41__base,41,3,base,tuned_C_source_frozen,100,0,0,1.0,0.58,100
openbmi_confirmation__d3__t41__own,41,3,own,tuned_C_source_frozen,100,60,60,1.0,0.6799999999999999,100
openbmi_confirmation__d3__t41__pooled,41,3,pooled,tuned_C_source_frozen,100,60,60,1.0,0.54,100
openbmi_confirmation__d3__t41__single_0,41,3,single_0,tuned_C_source_frozen,100,60,60,1.0,0.5700000000000001,100
openbmi_confirmation__d3__t41__single_1,41,3,single_1,tuned_C_source_frozen,100,60,60,1.0,0.61,100
openbmi_confirmation__d3__t41__single_2,41,3,single_2,tuned_C_source_frozen,100,60,60,1.0,0.52,100
openbmi_confirmation__d4__t41__base,41,4,base,tuned_C_source_frozen,100,0,0,0.1,0.52,100
openbmi_confirmation__d4__t41__own,41,4,own,tuned_C_source_frozen,100,60,60,0.1,0.54,100
openbmi_confirmation__d4__t41__pooled,41,4,pooled,tuned_C_source_frozen,100,60,60,0.1,0.5700000000000001,100
openbmi_confirmation__d4__t41__single_0,41,4,single_0,tuned_C_source_frozen,100,60,60,0.1,0.56,100
openbmi_confirmation__d4__t41__single_1,41,4,single_1,tuned_C_source_frozen,100,60,60,0.1,0.51,100
openbmi_confirmation__d4__t41__single_2,41,4,single_2,tuned_C_source_frozen,100,60,60,0.1,0.52,100
openbmi_confirmation__d5__t41__base,41,5,base,tuned_C_source_frozen,100,0,0,0.1,0.5800000000000001,100
openbmi_confirmation__d5__t41__own,41,5,own,tuned_C_source_frozen,100,60,60,0.1,0.5900000000000001,100
openbmi_confirmation__d5__t41__pooled,41,5,pooled,tuned_C_source_frozen,100,60,60,0.1,0.54,100
openbmi_confirmation__d5__t41__single_0,41,5,single_0,tuned_C_source_frozen,100,60,60,0.1,0.53,100
openbmi_confirmation__d5__t41__single_1,41,5,single_1,tuned_C_source_frozen,100,60,60,0.1,0.55,100
openbmi_confirmation__d5__t41__single_2,41,5,single_2,tuned_C_source_frozen,100,60,60,0.1,0.57,100
openbmi_confirmation__d6__t41__base,41,6,base,tuned_C_source_frozen,100,0,0,0.1,0.51,100
openbmi_confirmation__d6__t41__own,41,6,own,tuned_C_source_frozen,100,60,60,0.1,0.52,100
openbmi_confirmation__d6__t41__pooled,41,6,pooled,tuned_C_source_frozen,100,60,60,0.1,0.52,100
openbmi_confirmation__d6__t41__single_0,41,6,single_0,tuned_C_source_frozen,100,60,60,0.1,0.49,100
openbmi_confirmation__d6__t41__single_1,41,6,single_1,tuned_C_source_frozen,100,60,60,0.1,0.51,100
openbmi_confirmation__d6__t41__single_2,41,6,single_2,tuned_C_source_frozen,100,60,60,0.1,0.5,100
openbmi_confirmation__d7__t41__base,41,7,base,tuned_C_source_frozen,100,0,0,0.1,0.5800000000000001,100
openbmi_confirmation__d7__t41__own,41,7,own,tuned_C_source_frozen,100,60,60,0.1,0.59,100
openbmi_confirmation__d7__t41__pooled,41,7,pooled,tuned_C_source_frozen,100,60,60,0.1,0.59,100
openbmi_confirmation__d7__t41__single_0,41,7,single_0,tuned_C_source_frozen,100,60,60,0.1,0.56,100
openbmi_confirmation__d7__t41__single_1,41,7,single_1,tuned_C_source_frozen,100,60,60,0.1,0.5700000000000001,100
openbmi_confirmation__d7__t41__single_2,41,7,single_2,tuned_C_source_frozen,100,60,60,0.1,0.53,100
openbmi_confirmation__d8__t41__base,41,8,base,tuned_C_source_frozen,100,0,0,1.0,0.52,100
openbmi_confirmation__d8__t41__own,41,8,own,tuned_C_source_frozen,100,60,60,1.0,0.54,100
openbmi_confirmation__d8__t41__pooled,41,8,pooled,tuned_C_source_frozen,100,60,60,1.0,0.49,100
openbmi_confirmation__d8__t41__single_0,41,8,single_0,tuned_C_source_frozen,100,60,60,1.0,0.53,100
openbmi_confirmation__d8__t41__single_1,41,8,single_1,tuned_C_source_frozen,100,60,60,1.0,0.53,100
openbmi_confirmation__d8__t41__single_2,41,8,single_2,tuned_C_source_frozen,100,60,60,1.0,0.55,100
openbmi_confirmation__d9__t41__base,41,9,base,tuned_C_source_frozen,100,0,0,0.1,0.56,100
openbmi_confirmation__d9__t41__own,41,9,own,tuned_C_source_frozen,100,60,60,0.1,0.6,100
openbmi_confirmation__d9__t41__pooled,41,9,pooled,tuned_C_source_frozen,100,60,60,0.1,0.5800000000000001,100
openbmi_confirmation__d9__t41__single_0,41,9,single_0,tuned_C_source_frozen,100,60,60,0.1,0.5700000000000001,100
openbmi_confirmation__d9__t41__single_1,41,9,single_1,tuned_C_source_frozen,100,60,60,0.1,0.54,100
openbmi_confirmation__d9__t41__single_2,41,9,single_2,tuned_C_source_frozen,100,60,60,0.1,0.58,100
openbmi_confirmation__d0__t43__base,43,0,base,tuned_C_source_frozen,100,0,0,0.1,0.55,100
openbmi_confirmation__d0__t43__own,43,0,own,tuned_C_source_frozen,100,60,60,0.1,0.64,100
openbmi_confirmation__d0__t43__pooled,43,0,pooled,tuned_C_source_frozen,100,60,60,0.1,0.54,100
openbmi_confirmation__d0__t43__single_0,43,0,single_0,tuned_C_source_frozen,100,60,60,0.1,0.58,100
openbmi_confirmation__d0__t43__single_1,43,0,single_1,tuned_C_source_frozen,100,60,60,0.1,0.5700000000000001,100
openbmi_confirmation__d0__t43__single_2,43,0,single_2,tuned_C_source_frozen,100,60,60,0.1,0.53,100
openbmi_confirmation__d1__t43__base,43,1,base,tuned_C_source_frozen,100,0,0,1.0,0.65,100
openbmi_confirmation__d1__t43__own,43,1,own,tuned_C_source_frozen,100,60,60,1.0,0.76,100
openbmi_confirmation__d1__t43__pooled,43,1,pooled,tuned_C_source_frozen,100,60,60,1.0,0.6900000000000001,100
openbmi_confirmation__d1__t43__single_0,43,1,single_0,tuned_C_source_frozen,100,60,60,1.0,0.6,100
openbmi_confirmation__d1__t43__single_1,43,1,single_1,tuned_C_source_frozen,100,60,60,1.0,0.61,100
openbmi_confirmation__d1__t43__single_2,43,1,single_2,tuned_C_source_frozen,100,60,60,1.0,0.6699999999999999,100
openbmi_confirmation__d2__t43__base,43,2,base,tuned_C_source_frozen,100,0,0,1.0,0.54,100
openbmi_confirmation__d2__t43__own,43,2,own,tuned_C_source_frozen,100,60,60,1.0,0.65,100
openbmi_confirmation__d2__t43__pooled,43,2,pooled,tuned_C_source_frozen,100,60,60,1.0,0.5700000000000001,100
openbmi_confirmation__d2__t43__single_0,43,2,single_0,tuned_C_source_frozen,100,60,60,1.0,0.53,100
openbmi_confirmation__d2__t43__single_1,43,2,single_1,tuned_C_source_frozen,100,60,60,1.0,0.5599999999999999,100
openbmi_confirmation__d2__t43__single_2,43,2,single_2,tuned_C_source_frozen,100,60,60,1.0,0.54,100
openbmi_confirmation__d3__t43__base,43,3,base,tuned_C_source_frozen,100,0,0,1.0,0.65,100
openbmi_confirmation__d3__t43__own,43,3,own,tuned_C_source_frozen,100,60,60,1.0,0.74,100
openbmi_confirmation__d3__t43__pooled,43,3,pooled,tuned_C_source_frozen,100,60,60,1.0,0.71,100
openbmi_confirmation__d3__t43__single_0,43,3,single_0,tuned_C_source_frozen,100,60,60,1.0,0.71,100
openbmi_confirmation__d3__t43__single_1,43,3,single_1,tuned_C_source_frozen,100,60,60,1.0,0.65,100
openbmi_confirmation__d3__t43__single_2,43,3,single_2,tuned_C_source_frozen,100,60,60,1.0,0.6699999999999999,100
openbmi_confirmation__d4__t43__base,43,4,base,tuned_C_source_frozen,100,0,0,0.1,0.62,100
openbmi_confirmation__d4__t43__own,43,4,own,tuned_C_source_frozen,100,60,60,0.1,0.76,100
openbmi_confirmation__d4__t43__pooled,43,4,pooled,tuned_C_source_frozen,100,60,60,0.1,0.61,100
openbmi_confirmation__d4__t43__single_0,43,4,single_0,tuned_C_source_frozen,100,60,60,0.1,0.62,100
openbmi_confirmation__d4__t43__single_1,43,4,single_1,tuned_C_source_frozen,100,60,60,0.1,0.59,100
openbmi_confirmation__d4__t43__single_2,43,4,single_2,tuned_C_source_frozen,100,60,60,0.1,0.67,100
openbmi_confirmation__d5__t43__base,43,5,base,tuned_C_source_frozen,100,0,0,0.1,0.6,100
openbmi_confirmation__d5__t43__own,43,5,own,tuned_C_source_frozen,100,60,60,0.1,0.64,100
openbmi_confirmation__d5__t43__pooled,43,5,pooled,tuned_C_source_frozen,100,60,60,0.1,0.72,100
openbmi_confirmation__d5__t43__single_0,43,5,single_0,tuned_C_source_frozen,100,60,60,0.1,0.55,100
openbmi_confirmation__d5__t43__single_1,43,5,single_1,tuned_C_source_frozen,100,60,60,0.1,0.5700000000000001,100
openbmi_confirmation__d5__t43__single_2,43,5,single_2,tuned_C_source_frozen,100,60,60,0.1,0.71,100
openbmi_confirmation__d6__t43__base,43,6,base,tuned_C_source_frozen,100,0,0,0.1,0.5800000000000001,100
openbmi_confirmation__d6__t43__own,43,6,own,tuned_C_source_frozen,100,60,60,0.1,0.61,100
openbmi_confirmation__d6__t43__pooled,43,6,pooled,tuned_C_source_frozen,100,60,60,0.1,0.61,100
openbmi_confirmation__d6__t43__single_0,43,6,single_0,tuned_C_source_frozen,100,60,60,0.1,0.59,100
openbmi_confirmation__d6__t43__single_1,43,6,single_1,tuned_C_source_frozen,100,60,60,0.1,0.61,100
openbmi_confirmation__d6__t43__single_2,43,6,single_2,tuned_C_source_frozen,100,60,60,0.1,0.6,100
openbmi_confirmation__d7__t43__base,43,7,base,tuned_C_source_frozen,100,0,0,0.1,0.54,100
openbmi_confirmation__d7__t43__own,43,7,own,tuned_C_source_frozen,100,60,60,0.1,0.64,100
openbmi_confirmation__d7__t43__pooled,43,7,pooled,tuned_C_source_frozen,100,60,60,0.1,0.6599999999999999,100
openbmi_confirmation__d7__t43__single_0,43,7,single_0,tuned_C_source_frozen,100,60,60,0.1,0.58,100
openbmi_confirmation__d7__t43__single_1,43,7,single_1,tuned_C_source_frozen,100,60,60,0.1,0.54,100
openbmi_confirmation__d7__t43__single_2,43,7,single_2,tuned_C_source_frozen,100,60,60,0.1,0.55,100
openbmi_confirmation__d8__t43__base,43,8,base,tuned_C_source_frozen,100,0,0,1.0,0.65,100
openbmi_confirmation__d8__t43__own,43,8,own,tuned_C_source_frozen,100,60,60,1.0,0.7,100
openbmi_confirmation__d8__t43__pooled,43,8,pooled,tuned_C_source_frozen,100,60,60,1.0,0.63,100
openbmi_confirmation__d8__t43__single_0,43,8,single_0,tuned_C_source_frozen,100,60,60,1.0,0.65,100
openbmi_confirmation__d8__t43__single_1,43,8,single_1,tuned_C_source_frozen,100,60,60,1.0,0.5700000000000001,100
openbmi_confirmation__d8__t43__single_2,43,8,single_2,tuned_C_source_frozen,100,60,60,1.0,0.66,100
openbmi_confirmation__d9__t43__base,43,9,base,tuned_C_source_frozen,100,0,0,0.1,0.63,100
openbmi_confirmation__d9__t43__own,43,9,own,tuned_C_source_frozen,100,60,60,0.1,0.6699999999999999,100
openbmi_confirmation__d9__t43__pooled,43,9,pooled,tuned_C_source_frozen,100,60,60,0.1,0.56,100
openbmi_confirmation__d9__t43__single_0,43,9,single_0,tuned_C_source_frozen,100,60,60,0.1,0.64,100
openbmi_confirmation__d9__t43__single_1,43,9,single_1,tuned_C_source_frozen,100,60,60,0.1,0.66,100
openbmi_confirmation__d9__t43__single_2,43,9,single_2,tuned_C_source_frozen,100,60,60,0.1,0.58,100
openbmi_confirmation__d0__t44__base,44,0,base,tuned_C_source_frozen,100,0,0,0.1,0.85,100
openbmi_confirmation__d0__t44__own,44,0,own,tuned_C_source_frozen,100,60,60,0.1,0.9199999999999999,100
openbmi_confirmation__d0__t44__pooled,44,0,pooled,tuned_C_source_frozen,100,60,60,0.1,0.71,100
openbmi_confirmation__d0__t44__single_0,44,0,single_0,tuned_C_source_frozen,100,60,60,0.1,0.78,100
openbmi_confirmation__d0__t44__single_1,44,0,single_1,tuned_C_source_frozen,100,60,60,0.1,0.87,100
openbmi_confirmation__d0__t44__single_2,44,0,single_2,tuned_C_source_frozen,100,60,60,0.1,0.9199999999999999,100
openbmi_confirmation__d1__t44__base,44,1,base,tuned_C_source_frozen,100,0,0,1.0,0.7,100
openbmi_confirmation__d1__t44__own,44,1,own,tuned_C_source_frozen,100,60,60,1.0,0.8999999999999999,100
openbmi_confirmation__d1__t44__pooled,44,1,pooled,tuned_C_source_frozen,100,60,60,1.0,0.68,100
openbmi_confirmation__d1__t44__single_0,44,1,single_0,tuned_C_source_frozen,100,60,60,1.0,0.78,100
openbmi_confirmation__d1__t44__single_1,44,1,single_1,tuned_C_source_frozen,100,60,60,1.0,0.66,100
openbmi_confirmation__d1__t44__single_2,44,1,single_2,tuned_C_source_frozen,100,60,60,1.0,0.8,100
openbmi_confirmation__d2__t44__base,44,2,base,tuned_C_source_frozen,100,0,0,1.0,0.69,100
openbmi_confirmation__d2__t44__own,44,2,own,tuned_C_source_frozen,100,60,60,1.0,0.8300000000000001,100
openbmi_confirmation__d2__t44__pooled,44,2,pooled,tuned_C_source_frozen,100,60,60,1.0,0.67,100
openbmi_confirmation__d2__t44__single_0,44,2,single_0,tuned_C_source_frozen,100,60,60,1.0,0.76,100
openbmi_confirmation__d2__t44__single_1,44,2,single_1,tuned_C_source_frozen,100,60,60,1.0,0.71,100
openbmi_confirmation__d2__t44__single_2,44,2,single_2,tuned_C_source_frozen,100,60,60,1.0,0.59,100
openbmi_confirmation__d3__t44__base,44,3,base,tuned_C_source_frozen,100,0,0,1.0,0.75,100
openbmi_confirmation__d3__t44__own,44,3,own,tuned_C_source_frozen,100,60,60,1.0,0.8200000000000001,100
openbmi_confirmation__d3__t44__pooled,44,3,pooled,tuned_C_source_frozen,100,60,60,1.0,0.79,100
openbmi_confirmation__d3__t44__single_0,44,3,single_0,tuned_C_source_frozen,100,60,60,1.0,0.8,100
openbmi_confirmation__d3__t44__single_1,44,3,single_1,tuned_C_source_frozen,100,60,60,1.0,0.8400000000000001,100
openbmi_confirmation__d3__t44__single_2,44,3,single_2,tuned_C_source_frozen,100,60,60,1.0,0.77,100
openbmi_confirmation__d4__t44__base,44,4,base,tuned_C_source_frozen,100,0,0,0.1,0.85,100
openbmi_confirmation__d4__t44__own,44,4,own,tuned_C_source_frozen,100,60,60,0.1,0.9199999999999999,100
openbmi_confirmation__d4__t44__pooled,44,4,pooled,tuned_C_source_frozen,100,60,60,0.1,0.87,100
openbmi_confirmation__d4__t44__single_0,44,4,single_0,tuned_C_source_frozen,100,60,60,0.1,0.88,100
openbmi_confirmation__d4__t44__single_1,44,4,single_1,tuned_C_source_frozen,100,60,60,0.1,0.89,100
openbmi_confirmation__d4__t44__single_2,44,4,single_2,tuned_C_source_frozen,100,60,60,0.1,0.86,100
openbmi_confirmation__d5__t44__base,44,5,base,tuned_C_source_frozen,100,0,0,0.1,0.63,100
openbmi_confirmation__d5__t44__own,44,5,own,tuned_C_source_frozen,100,60,60,0.1,0.8,100
openbmi_confirmation__d5__t44__pooled,44,5,pooled,tuned_C_source_frozen,100,60,60,0.1,0.59,100
openbmi_confirmation__d5__t44__single_0,44,5,single_0,tuned_C_source_frozen,100,60,60,0.1,0.58,100
openbmi_confirmation__d5__t44__single_1,44,5,single_1,tuned_C_source_frozen,100,60,60,0.1,0.73,100
openbmi_confirmation__d5__t44__single_2,44,5,single_2,tuned_C_source_frozen,100,60,60,0.1,0.67,100
openbmi_confirmation__d6__t44__base,44,6,base,tuned_C_source_frozen,100,0,0,0.1,0.65,100
openbmi_confirmation__d6__t44__own,44,6,own,tuned_C_source_frozen,100,60,60,0.1,0.85,100
openbmi_confirmation__d6__t44__pooled,44,6,pooled,tuned_C_source_frozen,100,60,60,0.1,0.75,100
openbmi_confirmation__d6__t44__single_0,44,6,single_0,tuned_C_source_frozen,100,60,60,0.1,0.71,100
openbmi_confirmation__d6__t44__single_1,44,6,single_1,tuned_C_source_frozen,100,60,60,0.1,0.69,100
openbmi_confirmation__d6__t44__single_2,44,6,single_2,tuned_C_source_frozen,100,60,60,0.1,0.66,100
openbmi_confirmation__d7__t44__base,44,7,base,tuned_C_source_frozen,100,0,0,0.1,0.72,100
openbmi_confirmation__d7__t44__own,44,7,own,tuned_C_source_frozen,100,60,60,0.1,0.9099999999999999,100
openbmi_confirmation__d7__t44__pooled,44,7,pooled,tuned_C_source_frozen,100,60,60,0.1,0.89,100
openbmi_confirmation__d7__t44__single_0,44,7,single_0,tuned_C_source_frozen,100,60,60,0.1,0.64,100
openbmi_confirmation__d7__t44__single_1,44,7,single_1,tuned_C_source_frozen,100,60,60,0.1,0.87,100
openbmi_confirmation__d7__t44__single_2,44,7,single_2,tuned_C_source_frozen,100,60,60,0.1,0.64,100
openbmi_confirmation__d8__t44__base,44,8,base,tuned_C_source_frozen,100,0,0,1.0,0.54,100
openbmi_confirmation__d8__t44__own,44,8,own,tuned_C_source_frozen,100,60,60,1.0,0.85,100
openbmi_confirmation__d8__t44__pooled,44,8,pooled,tuned_C_source_frozen,100,60,60,1.0,0.61,100
openbmi_confirmation__d8__t44__single_0,44,8,single_0,tuned_C_source_frozen,100,60,60,1.0,0.63,100
openbmi_confirmation__d8__t44__single_1,44,8,single_1,tuned_C_source_frozen,100,60,60,1.0,0.56,100
openbmi_confirmation__d8__t44__single_2,44,8,single_2,tuned_C_source_frozen,100,60,60,1.0,0.59,100
openbmi_confirmation__d9__t44__base,44,9,base,tuned_C_source_frozen,100,0,0,0.1,0.75,100
openbmi_confirmation__d9__t44__own,44,9,own,tuned_C_source_frozen,100,60,60,0.1,0.8200000000000001,100
openbmi_confirmation__d9__t44__pooled,44,9,pooled,tuned_C_source_frozen,100,60,60,0.1,0.67,100
openbmi_confirmation__d9__t44__single_0,44,9,single_0,tuned_C_source_frozen,100,60,60,0.1,0.8400000000000001,100
openbmi_confirmation__d9__t44__single_1,44,9,single_1,tuned_C_source_frozen,100,60,60,0.1,0.79,100
openbmi_confirmation__d9__t44__single_2,44,9,single_2,tuned_C_source_frozen,100,60,60,0.1,0.6799999999999999,100
openbmi_confirmation__d0__t46__base,46,0,base,tuned_C_source_frozen,100,0,0,0.1,0.59,100
openbmi_confirmation__d0__t46__own,46,0,own,tuned_C_source_frozen,100,60,60,0.1,0.58,100
openbmi_confirmation__d0__t46__pooled,46,0,pooled,tuned_C_source_frozen,100,60,60,0.1,0.64,100
openbmi_confirmation__d0__t46__single_0,46,0,single_0,tuned_C_source_frozen,100,60,60,0.1,0.61,100
openbmi_confirmation__d0__t46__single_1,46,0,single_1,tuned_C_source_frozen,100,60,60,0.1,0.61,100
openbmi_confirmation__d0__t46__single_2,46,0,single_2,tuned_C_source_frozen,100,60,60,0.1,0.67,100
openbmi_confirmation__d1__t46__base,46,1,base,tuned_C_source_frozen,100,0,0,1.0,0.6499999999999999,100
openbmi_confirmation__d1__t46__own,46,1,own,tuned_C_source_frozen,100,60,60,1.0,0.66,100
openbmi_confirmation__d1__t46__pooled,46,1,pooled,tuned_C_source_frozen,100,60,60,1.0,0.5800000000000001,100
openbmi_confirmation__d1__t46__single_0,46,1,single_0,tuned_C_source_frozen,100,60,60,1.0,0.6,100
openbmi_confirmation__d1__t46__single_1,46,1,single_1,tuned_C_source_frozen,100,60,60,1.0,0.5599999999999999,100
openbmi_confirmation__d1__t46__single_2,46,1,single_2,tuned_C_source_frozen,100,60,60,1.0,0.62,100
openbmi_confirmation__d2__t46__base,46,2,base,tuned_C_source_frozen,100,0,0,1.0,0.63,100
openbmi_confirmation__d2__t46__own,46,2,own,tuned_C_source_frozen,100,60,60,1.0,0.6,100
openbmi_confirmation__d2__t46__pooled,46,2,pooled,tuned_C_source_frozen,100,60,60,1.0,0.53,100
openbmi_confirmation__d2__t46__single_0,46,2,single_0,tuned_C_source_frozen,100,60,60,1.0,0.6799999999999999,100
openbmi_confirmation__d2__t46__single_1,46,2,single_1,tuned_C_source_frozen,100,60,60,1.0,0.6799999999999999,100
openbmi_confirmation__d2__t46__single_2,46,2,single_2,tuned_C_source_frozen,100,60,60,1.0,0.52,100
openbmi_confirmation__d3__t46__base,46,3,base,tuned_C_source_frozen,100,0,0,1.0,0.58,100
openbmi_confirmation__d3__t46__own,46,3,own,tuned_C_source_frozen,100,60,60,1.0,0.55,100
openbmi_confirmation__d3__t46__pooled,46,3,pooled,tuned_C_source_frozen,100,60,60,1.0,0.55,100
openbmi_confirmation__d3__t46__single_0,46,3,single_0,tuned_C_source_frozen,100,60,60,1.0,0.6699999999999999,100
openbmi_confirmation__d3__t46__single_1,46,3,single_1,tuned_C_source_frozen,100,60,60,1.0,0.58,100
openbmi_confirmation__d3__t46__single_2,46,3,single_2,tuned_C_source_frozen,100,60,60,1.0,0.63,100
openbmi_confirmation__d4__t46__base,46,4,base,tuned_C_source_frozen,100,0,0,0.1,0.59,100
openbmi_confirmation__d4__t46__own,46,4,own,tuned_C_source_frozen,100,60,60,0.1,0.59,100
openbmi_confirmation__d4__t46__pooled,46,4,pooled,tuned_C_source_frozen,100,60,60,0.1,0.6499999999999999,100
openbmi_confirmation__d4__t46__single_0,46,4,single_0,tuned_C_source_frozen,100,60,60,0.1,0.7,100
openbmi_confirmation__d4__t46__single_1,46,4,single_1,tuned_C_source_frozen,100,60,60,0.1,0.64,100
openbmi_confirmation__d4__t46__single_2,46,4,single_2,tuned_C_source_frozen,100,60,60,0.1,0.57,100
openbmi_confirmation__d5__t46__base,46,5,base,tuned_C_source_frozen,100,0,0,0.1,0.51,100
openbmi_confirmation__d5__t46__own,46,5,own,tuned_C_source_frozen,100,60,60,0.1,0.52,100
openbmi_confirmation__d5__t46__pooled,46,5,pooled,tuned_C_source_frozen,100,60,60,0.1,0.5,100
openbmi_confirmation__d5__t46__single_0,46,5,single_0,tuned_C_source_frozen,100,60,60,0.1,0.54,100
openbmi_confirmation__d5__t46__single_1,46,5,single_1,tuned_C_source_frozen,100,60,60,0.1,0.54,100
openbmi_confirmation__d5__t46__single_2,46,5,single_2,tuned_C_source_frozen,100,60,60,0.1,0.53,100
openbmi_confirmation__d6__t46__base,46,6,base,tuned_C_source_frozen,100,0,0,0.1,0.52,100
openbmi_confirmation__d6__t46__own,46,6,own,tuned_C_source_frozen,100,60,60,0.1,0.6,100
openbmi_confirmation__d6__t46__pooled,46,6,pooled,tuned_C_source_frozen,100,60,60,0.1,0.5700000000000001,100
openbmi_confirmation__d6__t46__single_0,46,6,single_0,tuned_C_source_frozen,100,60,60,0.1,0.63,100
openbmi_confirmation__d6__t46__single_1,46,6,single_1,tuned_C_source_frozen,100,60,60,0.1,0.63,100
openbmi_confirmation__d6__t46__single_2,46,6,single_2,tuned_C_source_frozen,100,60,60,0.1,0.5700000000000001,100
openbmi_confirmation__d7__t46__base,46,7,base,tuned_C_source_frozen,100,0,0,0.1,0.59,100
openbmi_confirmation__d7__t46__own,46,7,own,tuned_C_source_frozen,100,60,60,0.1,0.6,100
openbmi_confirmation__d7__t46__pooled,46,7,pooled,tuned_C_source_frozen,100,60,60,0.1,0.54,100
openbmi_confirmation__d7__t46__single_0,46,7,single_0,tuned_C_source_frozen,100,60,60,0.1,0.54,100
openbmi_confirmation__d7__t46__single_1,46,7,single_1,tuned_C_source_frozen,100,60,60,0.1,0.58,100
openbmi_confirmation__d7__t46__single_2,46,7,single_2,tuned_C_source_frozen,100,60,60,0.1,0.54,100
openbmi_confirmation__d8__t46__base,46,8,base,tuned_C_source_frozen,100,0,0,1.0,0.6000000000000001,100
openbmi_confirmation__d8__t46__own,46,8,own,tuned_C_source_frozen,100,60,60,1.0,0.56,100
openbmi_confirmation__d8__t46__pooled,46,8,pooled,tuned_C_source_frozen,100,60,60,1.0,0.5599999999999999,100
openbmi_confirmation__d8__t46__single_0,46,8,single_0,tuned_C_source_frozen,100,60,60,1.0,0.53,100
openbmi_confirmation__d8__t46__single_1,46,8,single_1,tuned_C_source_frozen,100,60,60,1.0,0.62,100
openbmi_confirmation__d8__t46__single_2,46,8,single_2,tuned_C_source_frozen,100,60,60,1.0,0.51,100
openbmi_confirmation__d9__t46__base,46,9,base,tuned_C_source_frozen,100,0,0,0.1,0.66,100
openbmi_confirmation__d9__t46__own,46,9,own,tuned_C_source_frozen,100,60,60,0.1,0.65,100
openbmi_confirmation__d9__t46__pooled,46,9,pooled,tuned_C_source_frozen,100,60,60,0.1,0.61,100
openbmi_confirmation__d9__t46__single_0,46,9,single_0,tuned_C_source_frozen,100,60,60,0.1,0.5599999999999999,100
openbmi_confirmation__d9__t46__single_1,46,9,single_1,tuned_C_source_frozen,100,60,60,0.1,0.52,100
openbmi_confirmation__d9__t46__single_2,46,9,single_2,tuned_C_source_frozen,100,60,60,0.1,0.65,100
openbmi_confirmation__d0__t48__base,48,0,base,tuned_C_source_frozen,100,0,0,0.1,0.48,100
openbmi_confirmation__d0__t48__own,48,0,own,tuned_C_source_frozen,100,60,60,0.1,0.5,100
openbmi_confirmation__d0__t48__pooled,48,0,pooled,tuned_C_source_frozen,100,60,60,0.1,0.53,100
openbmi_confirmation__d0__t48__single_0,48,0,single_0,tuned_C_source_frozen,100,60,60,0.1,0.49,100
openbmi_confirmation__d0__t48__single_1,48,0,single_1,tuned_C_source_frozen,100,60,60,0.1,0.47,100
openbmi_confirmation__d0__t48__single_2,48,0,single_2,tuned_C_source_frozen,100,60,60,0.1,0.51,100
openbmi_confirmation__d1__t48__base,48,1,base,tuned_C_source_frozen,100,0,0,1.0,0.58,100
openbmi_confirmation__d1__t48__own,48,1,own,tuned_C_source_frozen,100,60,60,1.0,0.55,100
openbmi_confirmation__d1__t48__pooled,48,1,pooled,tuned_C_source_frozen,100,60,60,1.0,0.51,100
openbmi_confirmation__d1__t48__single_0,48,1,single_0,tuned_C_source_frozen,100,60,60,1.0,0.55,100
openbmi_confirmation__d1__t48__single_1,48,1,single_1,tuned_C_source_frozen,100,60,60,1.0,0.45000000000000007,100
openbmi_confirmation__d1__t48__single_2,48,1,single_2,tuned_C_source_frozen,100,60,60,1.0,0.53,100
openbmi_confirmation__d2__t48__base,48,2,base,tuned_C_source_frozen,100,0,0,1.0,0.51,100
openbmi_confirmation__d2__t48__own,48,2,own,tuned_C_source_frozen,100,60,60,1.0,0.53,100
openbmi_confirmation__d2__t48__pooled,48,2,pooled,tuned_C_source_frozen,100,60,60,1.0,0.5499999999999999,100
openbmi_confirmation__d2__t48__single_0,48,2,single_0,tuned_C_source_frozen,100,60,60,1.0,0.5700000000000001,100
openbmi_confirmation__d2__t48__single_1,48,2,single_1,tuned_C_source_frozen,100,60,60,1.0,0.5,100
openbmi_confirmation__d2__t48__single_2,48,2,single_2,tuned_C_source_frozen,100,60,60,1.0,0.53,100
openbmi_confirmation__d3__t48__base,48,3,base,tuned_C_source_frozen,100,0,0,1.0,0.6000000000000001,100
openbmi_confirmation__d3__t48__own,48,3,own,tuned_C_source_frozen,100,60,60,1.0,0.5900000000000001,100
openbmi_confirmation__d3__t48__pooled,48,3,pooled,tuned_C_source_frozen,100,60,60,1.0,0.48,100
openbmi_confirmation__d3__t48__single_0,48,3,single_0,tuned_C_source_frozen,100,60,60,1.0,0.5700000000000001,100
openbmi_confirmation__d3__t48__single_1,48,3,single_1,tuned_C_source_frozen,100,60,60,1.0,0.62,100
openbmi_confirmation__d3__t48__single_2,48,3,single_2,tuned_C_source_frozen,100,60,60,1.0,0.56,100
openbmi_confirmation__d4__t48__base,48,4,base,tuned_C_source_frozen,100,0,0,0.1,0.54,100
openbmi_confirmation__d4__t48__own,48,4,own,tuned_C_source_frozen,100,60,60,0.1,0.58,100
openbmi_confirmation__d4__t48__pooled,48,4,pooled,tuned_C_source_frozen,100,60,60,0.1,0.49,100
openbmi_confirmation__d4__t48__single_0,48,4,single_0,tuned_C_source_frozen,100,60,60,0.1,0.56,100
openbmi_confirmation__d4__t48__single_1,48,4,single_1,tuned_C_source_frozen,100,60,60,0.1,0.5700000000000001,100
openbmi_confirmation__d4__t48__single_2,48,4,single_2,tuned_C_source_frozen,100,60,60,0.1,0.5700000000000001,100
openbmi_confirmation__d5__t48__base,48,5,base,tuned_C_source_frozen,100,0,0,0.1,0.52,100
openbmi_confirmation__d5__t48__own,48,5,own,tuned_C_source_frozen,100,60,60,0.1,0.55,100
openbmi_confirmation__d5__t48__pooled,48,5,pooled,tuned_C_source_frozen,100,60,60,0.1,0.53,100
openbmi_confirmation__d5__t48__single_0,48,5,single_0,tuned_C_source_frozen,100,60,60,0.1,0.52,100
openbmi_confirmation__d5__t48__single_1,48,5,single_1,tuned_C_source_frozen,100,60,60,0.1,0.47,100
openbmi_confirmation__d5__t48__single_2,48,5,single_2,tuned_C_source_frozen,100,60,60,0.1,0.54,100
openbmi_confirmation__d6__t48__base,48,6,base,tuned_C_source_frozen,100,0,0,0.1,0.5,100
openbmi_confirmation__d6__t48__own,48,6,own,tuned_C_source_frozen,100,60,60,0.1,0.5800000000000001,100
openbmi_confirmation__d6__t48__pooled,48,6,pooled,tuned_C_source_frozen,100,60,60,0.1,0.54,100
openbmi_confirmation__d6__t48__single_0,48,6,single_0,tuned_C_source_frozen,100,60,60,0.1,0.5,100
openbmi_confirmation__d6__t48__single_1,48,6,single_1,tuned_C_source_frozen,100,60,60,0.1,0.56,100
openbmi_confirmation__d6__t48__single_2,48,6,single_2,tuned_C_source_frozen,100,60,60,0.1,0.52,100
openbmi_confirmation__d7__t48__base,48,7,base,tuned_C_source_frozen,100,0,0,0.1,0.46,100
openbmi_confirmation__d7__t48__own,48,7,own,tuned_C_source_frozen,100,60,60,0.1,0.5700000000000001,100
openbmi_confirmation__d7__t48__pooled,48,7,pooled,tuned_C_source_frozen,100,60,60,0.1,0.52,100
openbmi_confirmation__d7__t48__single_0,48,7,single_0,tuned_C_source_frozen,100,60,60,0.1,0.55,100
openbmi_confirmation__d7__t48__single_1,48,7,single_1,tuned_C_source_frozen,100,60,60,0.1,0.52,100
openbmi_confirmation__d7__t48__single_2,48,7,single_2,tuned_C_source_frozen,100,60,60,0.1,0.58,100
openbmi_confirmation__d8__t48__base,48,8,base,tuned_C_source_frozen,100,0,0,1.0,0.49,100
openbmi_confirmation__d8__t48__own,48,8,own,tuned_C_source_frozen,100,60,60,1.0,0.49,100
openbmi_confirmation__d8__t48__pooled,48,8,pooled,tuned_C_source_frozen,100,60,60,1.0,0.5,100
openbmi_confirmation__d8__t48__single_0,48,8,single_0,tuned_C_source_frozen,100,60,60,1.0,0.42000000000000004,100
openbmi_confirmation__d8__t48__single_1,48,8,single_1,tuned_C_source_frozen,100,60,60,1.0,0.48,100
openbmi_confirmation__d8__t48__single_2,48,8,single_2,tuned_C_source_frozen,100,60,60,1.0,0.48,100
openbmi_confirmation__d9__t48__base,48,9,base,tuned_C_source_frozen,100,0,0,0.1,0.5800000000000001,100
openbmi_confirmation__d9__t48__own,48,9,own,tuned_C_source_frozen,100,60,60,0.1,0.55,100
openbmi_confirmation__d9__t48__pooled,48,9,pooled,tuned_C_source_frozen,100,60,60,0.1,0.45000000000000007,100
openbmi_confirmation__d9__t48__single_0,48,9,single_0,tuned_C_source_frozen,100,60,60,0.1,0.48,100
openbmi_confirmation__d9__t48__single_1,48,9,single_1,tuned_C_source_frozen,100,60,60,0.1,0.56,100
openbmi_confirmation__d9__t48__single_2,48,9,single_2,tuned_C_source_frozen,100,60,60,0.1,0.54,100
openbmi_confirmation__d0__t49__base,49,0,base,tuned_C_source_frozen,100,0,0,0.1,0.66,100
openbmi_confirmation__d0__t49__own,49,0,own,tuned_C_source_frozen,100,60,60,0.1,0.66,100
openbmi_confirmation__d0__t49__pooled,49,0,pooled,tuned_C_source_frozen,100,60,60,0.1,0.65,100
openbmi_confirmation__d0__t49__single_0,49,0,single_0,tuned_C_source_frozen,100,60,60,0.1,0.6799999999999999,100
openbmi_confirmation__d0__t49__single_1,49,0,single_1,tuned_C_source_frozen,100,60,60,0.1,0.65,100
openbmi_confirmation__d0__t49__single_2,49,0,single_2,tuned_C_source_frozen,100,60,60,0.1,0.6799999999999999,100
openbmi_confirmation__d1__t49__base,49,1,base,tuned_C_source_frozen,100,0,0,1.0,0.71,100
openbmi_confirmation__d1__t49__own,49,1,own,tuned_C_source_frozen,100,60,60,1.0,0.66,100
openbmi_confirmation__d1__t49__pooled,49,1,pooled,tuned_C_source_frozen,100,60,60,1.0,0.5700000000000001,100
openbmi_confirmation__d1__t49__single_0,49,1,single_0,tuned_C_source_frozen,100,60,60,1.0,0.69,100
openbmi_confirmation__d1__t49__single_1,49,1,single_1,tuned_C_source_frozen,100,60,60,1.0,0.6799999999999999,100
openbmi_confirmation__d1__t49__single_2,49,1,single_2,tuned_C_source_frozen,100,60,60,1.0,0.73,100
openbmi_confirmation__d2__t49__base,49,2,base,tuned_C_source_frozen,100,0,0,1.0,0.69,100
openbmi_confirmation__d2__t49__own,49,2,own,tuned_C_source_frozen,100,60,60,1.0,0.6699999999999999,100
openbmi_confirmation__d2__t49__pooled,49,2,pooled,tuned_C_source_frozen,100,60,60,1.0,0.75,100
openbmi_confirmation__d2__t49__single_0,49,2,single_0,tuned_C_source_frozen,100,60,60,1.0,0.71,100
openbmi_confirmation__d2__t49__single_1,49,2,single_1,tuned_C_source_frozen,100,60,60,1.0,0.53,100
openbmi_confirmation__d2__t49__single_2,49,2,single_2,tuned_C_source_frozen,100,60,60,1.0,0.65,100
openbmi_confirmation__d3__t49__base,49,3,base,tuned_C_source_frozen,100,0,0,1.0,0.6699999999999999,100
openbmi_confirmation__d3__t49__own,49,3,own,tuned_C_source_frozen,100,60,60,1.0,0.63,100
openbmi_confirmation__d3__t49__pooled,49,3,pooled,tuned_C_source_frozen,100,60,60,1.0,0.69,100
openbmi_confirmation__d3__t49__single_0,49,3,single_0,tuned_C_source_frozen,100,60,60,1.0,0.66,100
openbmi_confirmation__d3__t49__single_1,49,3,single_1,tuned_C_source_frozen,100,60,60,1.0,0.75,100
openbmi_confirmation__d3__t49__single_2,49,3,single_2,tuned_C_source_frozen,100,60,60,1.0,0.67,100
openbmi_confirmation__d4__t49__base,49,4,base,tuned_C_source_frozen,100,0,0,0.1,0.6,100
openbmi_confirmation__d4__t49__own,49,4,own,tuned_C_source_frozen,100,60,60,0.1,0.62,100
openbmi_confirmation__d4__t49__pooled,49,4,pooled,tuned_C_source_frozen,100,60,60,0.1,0.68,100
openbmi_confirmation__d4__t49__single_0,49,4,single_0,tuned_C_source_frozen,100,60,60,0.1,0.64,100
openbmi_confirmation__d4__t49__single_1,49,4,single_1,tuned_C_source_frozen,100,60,60,0.1,0.72,100
openbmi_confirmation__d4__t49__single_2,49,4,single_2,tuned_C_source_frozen,100,60,60,0.1,0.5700000000000001,100
openbmi_confirmation__d5__t49__base,49,5,base,tuned_C_source_frozen,100,0,0,0.1,0.71,100
openbmi_confirmation__d5__t49__own,49,5,own,tuned_C_source_frozen,100,60,60,0.1,0.73,100
openbmi_confirmation__d5__t49__pooled,49,5,pooled,tuned_C_source_frozen,100,60,60,0.1,0.6799999999999999,100
openbmi_confirmation__d5__t49__single_0,49,5,single_0,tuned_C_source_frozen,100,60,60,0.1,0.68,100
openbmi_confirmation__d5__t49__single_1,49,5,single_1,tuned_C_source_frozen,100,60,60,0.1,0.6599999999999999,100
openbmi_confirmation__d5__t49__single_2,49,5,single_2,tuned_C_source_frozen,100,60,60,0.1,0.5700000000000001,100
openbmi_confirmation__d6__t49__base,49,6,base,tuned_C_source_frozen,100,0,0,0.1,0.67,100
openbmi_confirmation__d6__t49__own,49,6,own,tuned_C_source_frozen,100,60,60,0.1,0.7,100
openbmi_confirmation__d6__t49__pooled,49,6,pooled,tuned_C_source_frozen,100,60,60,0.1,0.69,100
openbmi_confirmation__d6__t49__single_0,49,6,single_0,tuned_C_source_frozen,100,60,60,0.1,0.6699999999999999,100
openbmi_confirmation__d6__t49__single_1,49,6,single_1,tuned_C_source_frozen,100,60,60,0.1,0.71,100
openbmi_confirmation__d6__t49__single_2,49,6,single_2,tuned_C_source_frozen,100,60,60,0.1,0.61,100
openbmi_confirmation__d7__t49__base,49,7,base,tuned_C_source_frozen,100,0,0,0.1,0.74,100
openbmi_confirmation__d7__t49__own,49,7,own,tuned_C_source_frozen,100,60,60,0.1,0.75,100
openbmi_confirmation__d7__t49__pooled,49,7,pooled,tuned_C_source_frozen,100,60,60,0.1,0.72,100
openbmi_confirmation__d7__t49__single_0,49,7,single_0,tuned_C_source_frozen,100,60,60,0.1,0.75,100
openbmi_confirmation__d7__t49__single_1,49,7,single_1,tuned_C_source_frozen,100,60,60,0.1,0.7,100
openbmi_confirmation__d7__t49__single_2,49,7,single_2,tuned_C_source_frozen,100,60,60,0.1,0.71,100
openbmi_confirmation__d8__t49__base,49,8,base,tuned_C_source_frozen,100,0,0,1.0,0.66,100
openbmi_confirmation__d8__t49__own,49,8,own,tuned_C_source_frozen,100,60,60,1.0,0.73,100
openbmi_confirmation__d8__t49__pooled,49,8,pooled,tuned_C_source_frozen,100,60,60,1.0,0.72,100
openbmi_confirmation__d8__t49__single_0,49,8,single_0,tuned_C_source_frozen,100,60,60,1.0,0.69,100
openbmi_confirmation__d8__t49__single_1,49,8,single_1,tuned_C_source_frozen,100,60,60,1.0,0.74,100
openbmi_confirmation__d8__t49__single_2,49,8,single_2,tuned_C_source_frozen,100,60,60,1.0,0.78,100
openbmi_confirmation__d9__t49__base,49,9,base,tuned_C_source_frozen,100,0,0,0.1,0.65,100
openbmi_confirmation__d9__t49__own,49,9,own,tuned_C_source_frozen,100,60,60,0.1,0.69,100
openbmi_confirmation__d9__t49__pooled,49,9,pooled,tuned_C_source_frozen,100,60,60,0.1,0.72,100
openbmi_confirmation__d9__t49__single_0,49,9,single_0,tuned_C_source_frozen,100,60,60,0.1,0.72,100
openbmi_confirmation__d9__t49__single_1,49,9,single_1,tuned_C_source_frozen,100,60,60,0.1,0.71,100
openbmi_confirmation__d9__t49__single_2,49,9,single_2,tuned_C_source_frozen,100,60,60,0.1,0.73,100
openbmi_confirmation__d0__t50__base,50,0,base,tuned_C_source_frozen,100,0,0,0.1,0.5,100
openbmi_confirmation__d0__t50__own,50,0,own,tuned_C_source_frozen,100,60,60,0.1,0.56,100
openbmi_confirmation__d0__t50__pooled,50,0,pooled,tuned_C_source_frozen,100,60,60,0.1,0.51,100
openbmi_confirmation__d0__t50__single_0,50,0,single_0,tuned_C_source_frozen,100,60,60,0.1,0.45,100
openbmi_confirmation__d0__t50__single_1,50,0,single_1,tuned_C_source_frozen,100,60,60,0.1,0.44999999999999996,100
openbmi_confirmation__d0__t50__single_2,50,0,single_2,tuned_C_source_frozen,100,60,60,0.1,0.58,100
openbmi_confirmation__d1__t50__base,50,1,base,tuned_C_source_frozen,100,0,0,1.0,0.44999999999999996,100
openbmi_confirmation__d1__t50__own,50,1,own,tuned_C_source_frozen,100,60,60,1.0,0.5,100
openbmi_confirmation__d1__t50__pooled,50,1,pooled,tuned_C_source_frozen,100,60,60,1.0,0.58,100
openbmi_confirmation__d1__t50__single_0,50,1,single_0,tuned_C_source_frozen,100,60,60,1.0,0.52,100
openbmi_confirmation__d1__t50__single_1,50,1,single_1,tuned_C_source_frozen,100,60,60,1.0,0.45,100
openbmi_confirmation__d1__t50__single_2,50,1,single_2,tuned_C_source_frozen,100,60,60,1.0,0.51,100
openbmi_confirmation__d2__t50__base,50,2,base,tuned_C_source_frozen,100,0,0,1.0,0.5,100
openbmi_confirmation__d2__t50__own,50,2,own,tuned_C_source_frozen,100,60,60,1.0,0.5,100
openbmi_confirmation__d2__t50__pooled,50,2,pooled,tuned_C_source_frozen,100,60,60,1.0,0.48,100
openbmi_confirmation__d2__t50__single_0,50,2,single_0,tuned_C_source_frozen,100,60,60,1.0,0.48000000000000004,100
openbmi_confirmation__d2__t50__single_1,50,2,single_1,tuned_C_source_frozen,100,60,60,1.0,0.51,100
openbmi_confirmation__d2__t50__single_2,50,2,single_2,tuned_C_source_frozen,100,60,60,1.0,0.47,100
openbmi_confirmation__d3__t50__base,50,3,base,tuned_C_source_frozen,100,0,0,1.0,0.49,100
openbmi_confirmation__d3__t50__own,50,3,own,tuned_C_source_frozen,100,60,60,1.0,0.48,100
openbmi_confirmation__d3__t50__pooled,50,3,pooled,tuned_C_source_frozen,100,60,60,1.0,0.45999999999999996,100
openbmi_confirmation__d3__t50__single_0,50,3,single_0,tuned_C_source_frozen,100,60,60,1.0,0.49,100
openbmi_confirmation__d3__t50__single_1,50,3,single_1,tuned_C_source_frozen,100,60,60,1.0,0.52,100
openbmi_confirmation__d3__t50__single_2,50,3,single_2,tuned_C_source_frozen,100,60,60,1.0,0.5,100
openbmi_confirmation__d4__t50__base,50,4,base,tuned_C_source_frozen,100,0,0,0.1,0.51,100
openbmi_confirmation__d4__t50__own,50,4,own,tuned_C_source_frozen,100,60,60,0.1,0.45999999999999996,100
openbmi_confirmation__d4__t50__pooled,50,4,pooled,tuned_C_source_frozen,100,60,60,0.1,0.51,100
openbmi_confirmation__d4__t50__single_0,50,4,single_0,tuned_C_source_frozen,100,60,60,0.1,0.5,100
openbmi_confirmation__d4__t50__single_1,50,4,single_1,tuned_C_source_frozen,100,60,60,0.1,0.5,100
openbmi_confirmation__d4__t50__single_2,50,4,single_2,tuned_C_source_frozen,100,60,60,0.1,0.48,100
openbmi_confirmation__d5__t50__base,50,5,base,tuned_C_source_frozen,100,0,0,0.1,0.54,100
openbmi_confirmation__d5__t50__own,50,5,own,tuned_C_source_frozen,100,60,60,0.1,0.5,100
openbmi_confirmation__d5__t50__pooled,50,5,pooled,tuned_C_source_frozen,100,60,60,0.1,0.52,100
openbmi_confirmation__d5__t50__single_0,50,5,single_0,tuned_C_source_frozen,100,60,60,0.1,0.6100000000000001,100
openbmi_confirmation__d5__t50__single_1,50,5,single_1,tuned_C_source_frozen,100,60,60,0.1,0.56,100
openbmi_confirmation__d5__t50__single_2,50,5,single_2,tuned_C_source_frozen,100,60,60,0.1,0.52,100
openbmi_confirmation__d6__t50__base,50,6,base,tuned_C_source_frozen,100,0,0,0.1,0.45999999999999996,100
openbmi_confirmation__d6__t50__own,50,6,own,tuned_C_source_frozen,100,60,60,0.1,0.53,100
openbmi_confirmation__d6__t50__pooled,50,6,pooled,tuned_C_source_frozen,100,60,60,0.1,0.49,100
openbmi_confirmation__d6__t50__single_0,50,6,single_0,tuned_C_source_frozen,100,60,60,0.1,0.53,100
openbmi_confirmation__d6__t50__single_1,50,6,single_1,tuned_C_source_frozen,100,60,60,0.1,0.49,100
openbmi_confirmation__d6__t50__single_2,50,6,single_2,tuned_C_source_frozen,100,60,60,0.1,0.53,100
openbmi_confirmation__d7__t50__base,50,7,base,tuned_C_source_frozen,100,0,0,0.1,0.44,100
openbmi_confirmation__d7__t50__own,50,7,own,tuned_C_source_frozen,100,60,60,0.1,0.5,100
openbmi_confirmation__d7__t50__pooled,50,7,pooled,tuned_C_source_frozen,100,60,60,0.1,0.52,100
openbmi_confirmation__d7__t50__single_0,50,7,single_0,tuned_C_source_frozen,100,60,60,0.1,0.5,100
openbmi_confirmation__d7__t50__single_1,50,7,single_1,tuned_C_source_frozen,100,60,60,0.1,0.5,100
openbmi_confirmation__d7__t50__single_2,50,7,single_2,tuned_C_source_frozen,100,60,60,0.1,0.51,100
openbmi_confirmation__d8__t50__base,50,8,base,tuned_C_source_frozen,100,0,0,1.0,0.54,100
openbmi_confirmation__d8__t50__own,50,8,own,tuned_C_source_frozen,100,60,60,1.0,0.5,100
openbmi_confirmation__d8__t50__pooled,50,8,pooled,tuned_C_source_frozen,100,60,60,1.0,0.52,100
openbmi_confirmation__d8__t50__single_0,50,8,single_0,tuned_C_source_frozen,100,60,60,1.0,0.56,100
openbmi_confirmation__d8__t50__single_1,50,8,single_1,tuned_C_source_frozen,100,60,60,1.0,0.5,100
openbmi_confirmation__d8__t50__single_2,50,8,single_2,tuned_C_source_frozen,100,60,60,1.0,0.53,100
openbmi_confirmation__d9__t50__base,50,9,base,tuned_C_source_frozen,100,0,0,0.1,0.52,100
openbmi_confirmation__d9__t50__own,50,9,own,tuned_C_source_frozen,100,60,60,0.1,0.52,100
openbmi_confirmation__d9__t50__pooled,50,9,pooled,tuned_C_source_frozen,100,60,60,0.1,0.49,100
openbmi_confirmation__d9__t50__single_0,50,9,single_0,tuned_C_source_frozen,100,60,60,0.1,0.5,100
openbmi_confirmation__d9__t50__single_1,50,9,single_1,tuned_C_source_frozen,100,60,60,0.1,0.55,100
openbmi_confirmation__d9__t50__single_2,50,9,single_2,tuned_C_source_frozen,100,60,60,0.1,0.56,100
